2026-05-03 12:39:18,275 [INFO] aibuildx.material_classifier: Optimal material selected: Q460 for entity a12e1493-cf5c-4bd5-bfef-946e02a0e065
2026-05-03 12:39:18,275 [INFO] aibuildx.material_classifier: Optimal material selected: Q460 for entity 8db954c5-e103-498a-ae21-bedd0f4b86c5
2026-05-03 12:39:18,275 [INFO] aibuildx.material_classifier: Optimal material selected: Q460 for entity 43bdae71-7f06-4683-8a6c-5f6c9d1f70b7
2026-05-03 12:39:18,275 [INFO] aibuildx.material_classifier: Optimal material selected: Q460 for entity ab2851a4-dd6a-4c3f-aefa-27a6eb1ea371
2026-05-03 12:39:18,275 [INFO] aibuildx.material_classifier: Optimal material selected: Q460 for entity ad2cde50-899e-41c7-9abc-e02b0974b4c6
2026-05-03 12:39:18,275 [INFO] aibuildx.material_classifier: Optimal material selected: Q460 for entity d8bb0eb7-2e20-4fcb-a32b-9b3860c6d357
2026-05-03 12:39:18,275 [INFO] aibuildx.material_classifier: Optimal material selected: Q460 for entity 43c37381-48d2-484f-aee5-cce60341c871
2026-05-03 12:39:18,275 [INFO] aibuildx.material_classifier: Optimal material selected: Q460 for entity 7fbe7f0b-3ca6-4d80-a46e-946090702047
2026-05-03 12:39:18,275 [INFO] aibuildx.material_classifier: Optimal material selected: Q460 for entity 87743e57-fa96-4281-8835-21f523a00afb
2026-05-03 12:39:18,275 [INFO] aibuildx.material_classifier: Optimal material selected: Q460 for entity 8c047ca1-abc8-4745-af78-a875df199d84
2026-05-03 12:39:18,275 [INFO] aibuildx.material_classifier: Optimal material selected: Q460 for entity 36f16fa7-71cf-499b-81f7-534eb664a6de
2026-05-03 12:39:18,275 [INFO] aibuildx.material_classifier: Optimal material selected: Q460 for entity f9988f1a-f124-4d92-8127-7c21832132fe
2026-05-03 12:39:18,275 [INFO] aibuildx.material_classifier: Optimal material selected: Q460 for entity 5de9ec46-e0f0-4c49-b8e8-e8f4ff8a06fc
2026-05-03 12:39:18,275 [INFO] aibuildx.material_classifier: Optimal material selected: Q460 for entity dc31bd60-8a00-4f6e-ad28-63d216c09709
2026-05-03 12:39:18,275 [INFO] aibuildx.material_classifier: Optimal material selected: Q460 for entity c0b76c67-0180-4569-ba71-9ec4dfdfd0ba
2026-05-03 12:39:18,275 [INFO] aibuildx.material_classifier: Optimal material selected: Q460 for entity 0402dd25-1163-499d-be65-30d6c47c6f1a
2026-05-03 12:39:18,275 [INFO] aibuildx.material_classifier: Optimal material selected: Q460 for entity 5566d271-257d-4d06-b0ab-a68c2fc57c06
2026-05-03 12:39:18,275 [INFO] aibuildx.material_classifier: Optimal material selected: Q460 for entity 84b8aafa-738c-448c-bf1e-47ce65970f93
2026-05-03 12:39:18,275 [INFO] aibuildx.material_classifier: Optimal material selected: Q460 for entity c273124e-3d6c-4ddc-af36-1eefdb0303f8
2026-05-03 12:39:18,275 [INFO] aibuildx.material_classifier: Optimal material selected: Q460 for entity e73a390d-24df-4b7a-9298-73de6ab41f0c
2026-05-03 12:39:18,275 [INFO] aibuildx.material_classifier: Optimal material selected: Q460 for entity ecc90f82-dcb9-4175-9ca0-d7ea5763556a
2026-05-03 12:39:18,275 [INFO] aibuildx.material_classifier: Optimal material selected: Q460 for entity d1b52b07-4044-44cf-a029-c367a43f1756
2026-05-03 12:39:18,275 [INFO] aibuildx.material_classifier: Optimal material selected: Q460 for entity 49702dc3-82af-4075-91c5-4c37906bc39d
2026-05-03 12:39:18,275 [INFO] aibuildx.material_classifier: Optimal material selected: Q460 for entity 5e11d083-df19-434a-9f95-6bc3136c4173
2026-05-03 12:39:18,275 [INFO] aibuildx.material_classifier: Optimal material selected: Q460 for entity 59639a08-b3d7-4b9d-a25a-84a503bdf1fd
2026-05-03 12:39:18,275 [INFO] aibuildx.material_classifier: Optimal material selected: Q460 for entity 56525c31-4ebb-44af-b4d8-51d8a9304f62
2026-05-03 12:39:18,275 [INFO] aibuildx.material_classifier: Optimal material selected: Q460 for entity 3d1d1067-de93-4937-b217-9ab49f8214c3
2026-05-03 12:39:18,275 [INFO] aibuildx.material_classifier: Optimal material selected: Q460 for entity 37601d67-caff-43a1-a2f1-9000f08c8568
2026-05-03 12:39:18,275 [INFO] aibuildx.material_classifier: Optimal material selected: Q460 for entity 2f583867-c24f-463e-9995-4b7ffbcfdb14
2026-05-03 12:39:18,275 [INFO] aibuildx.material_classifier: Optimal material selected: Q460 for entity 81a4f67b-648a-4522-a6bd-14556dde14c0
2026-05-03 12:39:18,275 [INFO] aibuildx.material_classifier: Optimal material selected: Q460 for entity 7091821b-7116-4c4d-91b6-79bb08fc8d9d
2026-05-03 12:39:18,275 [INFO] aibuildx.material_classifier: Optimal material selected: Q460 for entity a63a8e76-2ad3-495c-9b5b-e7a806ad545d
2026-05-03 12:39:18,275 [INFO] aibuildx.material_classifier: Optimal material selected: Q460 for entity d9391796-1beb-4050-83c8-c7cea00dd3a5
2026-05-03 12:39:18,276 [INFO] aibuildx.material_classifier: Optimal material selected: Q460 for entity f2d0c58c-8bdd-4c76-be4c-f6915eea18c9
2026-05-03 12:39:18,276 [INFO] aibuildx.material_classifier: Optimal material selected: Q460 for entity 446a7fe7-60d0-4756-a9a0-f110d553684c
2026-05-03 12:39:18,276 [INFO] aibuildx.material_classifier: Optimal material selected: Q460 for entity 1c94d7a1-cfa0-4fb5-8420-2fb522e43773
2026-05-03 12:39:18,276 [INFO] aibuildx.material_classifier: Optimal material selected: Q460 for entity 9ca23351-3390-42b9-902a-edeb4d6819b6
2026-05-03 12:39:18,276 [INFO] aibuildx.material_classifier: Optimal material selected: Q460 for entity 1220af30-f3f3-40b7-8802-1b71e4a607cb
2026-05-03 12:39:18,276 [INFO] aibuildx.material_classifier: Optimal material selected: Q460 for entity ac2e4989-b95e-42cf-b0ce-84a263f3086d
2026-05-03 12:39:18,276 [INFO] aibuildx.material_classifier: Optimal material selected: Q460 for entity 5fa67c67-e538-4a84-9775-34d9db10dfdf
2026-05-03 12:39:18,276 [INFO] aibuildx.material_classifier: Optimal material selected: Q460 for entity f1fd6be1-59a5-4a0e-9c9f-e9cc7138c88d
2026-05-03 12:39:18,276 [INFO] aibuildx.material_classifier: Optimal material selected: Q460 for entity 3afc8938-337a-4557-80d2-59972c4acb92
2026-05-03 12:39:18,276 [INFO] aibuildx.material_classifier: Optimal material selected: Q460 for entity cf9d9827-44d3-4f23-8255-13f5d93b03bc
2026-05-03 12:39:18,276 [INFO] aibuildx.material_classifier: Optimal material selected: Q460 for entity a2158482-6f19-48dd-b51e-35d51a3471d3
2026-05-03 12:39:18,276 [INFO] aibuildx.material_classifier: Optimal material selected: Q460 for entity c59d1ab8-def3-41ae-af80-43cc0ffd9066
2026-05-03 12:39:18,276 [INFO] aibuildx.material_classifier: Optimal material selected: Q460 for entity 193fe7a5-499a-44c7-92fc-c23136ac1663
2026-05-03 12:39:18,276 [INFO] aibuildx.material_classifier: Optimal material selected: Q460 for entity 969ed9a9-bb49-4294-a652-1f3d5924b695
2026-05-03 12:39:18,276 [INFO] aibuildx.material_classifier: Optimal material selected: Q460 for entity 86236b41-8e74-4f88-9b96-6cbe44491be5
2026-05-03 12:39:18,276 [INFO] aibuildx.material_classifier: Optimal material selected: Q460 for entity ba5df5be-44e4-45ea-9650-f559aa8c48bf
2026-05-03 12:39:18,276 [INFO] aibuildx.material_classifier: Optimal material selected: Q460 for entity b89bf63d-7d18-4743-b023-ed50949b989f
2026-05-03 12:39:18,276 [INFO] aibuildx.material_classifier: Optimal material selected: Q460 for entity 8685492c-4239-4f7b-9649-c54bfac2b5cb
2026-05-03 12:39:18,276 [INFO] aibuildx.material_classifier: Optimal material selected: Q460 for entity 1992a36c-5367-48f2-a6c6-86f6215742ec
2026-05-03 12:39:18,276 [INFO] aibuildx.material_classifier: Optimal material selected: Q460 for entity 26447a46-82c8-4a65-8167-116903b43f7f
2026-05-03 12:39:18,276 [INFO] aibuildx.material_classifier: Optimal material selected: Q460 for entity b45cd06c-b5bd-4174-b2bf-6a81b9abfe97
2026-05-03 12:39:18,276 [INFO] aibuildx.material_classifier: Optimal material selected: Q460 for entity 99353228-b0cc-47ee-94d4-0f37d8aaaf7f
2026-05-03 12:39:18,276 [INFO] aibuildx.material_classifier: Optimal material selected: Q460 for entity 8d9a0304-f0f7-400a-af78-e726b8efbca9
2026-05-03 12:39:18,276 [INFO] aibuildx.material_classifier: Optimal material selected: Q460 for entity bd361ca3-17e0-403d-b3d8-b2eeb88b07a5
2026-05-03 12:39:18,276 [INFO] aibuildx.material_classifier: Optimal material selected: Q460 for entity 03533bbb-6c68-4e81-83af-94b4bc97ef12
2026-05-03 12:39:18,276 [INFO] aibuildx.material_classifier: Optimal material selected: Q460 for entity 7b37728f-8896-41d8-a1b8-4f3def19ac1c
2026-05-03 12:39:18,276 [INFO] aibuildx.material_classifier: Optimal material selected: Q460 for entity 5322175f-4eb1-421d-86e4-82d9095127df
2026-05-03 12:39:18,276 [INFO] aibuildx.material_classifier: Optimal material selected: Q460 for entity 1a23e757-6276-4d61-a574-11bd73df90b2
2026-05-03 12:39:18,276 [INFO] aibuildx.material_classifier: Optimal material selected: Q460 for entity 74554be9-1bc6-477f-8de2-b47c19d1e427
2026-05-03 12:39:18,276 [INFO] aibuildx.material_classifier: Optimal material selected: Q460 for entity 3e7536d3-787e-480b-b394-57593f42053e
2026-05-03 12:39:18,276 [INFO] aibuildx.material_classifier: Optimal material selected: Q460 for entity 81c58ec2-7034-4508-94cd-80690a64b60f
2026-05-03 12:39:18,276 [INFO] aibuildx.material_classifier: Optimal material selected: Q460 for entity 416b90e4-d187-493a-be8f-54fc74df6ce6
2026-05-03 12:39:18,276 [INFO] aibuildx.material_classifier: Optimal material selected: Q460 for entity e842f08d-98f2-4e2e-9961-073d655fc917
2026-05-03 12:39:18,276 [INFO] aibuildx.material_classifier: Optimal material selected: Q460 for entity eabfed00-cfc7-4c75-9553-8a252ac320e1
2026-05-03 12:39:18,276 [INFO] aibuildx.material_classifier: Optimal material selected: Q460 for entity 5203e3ac-6f97-444d-8102-ab6709886661
2026-05-03 12:39:18,276 [INFO] aibuildx.material_classifier: Optimal material selected: Q460 for entity 276174eb-6e79-49ea-aa3c-95df05a35dae
2026-05-03 12:39:18,276 [INFO] aibuildx.material_classifier: Optimal material selected: Q460 for entity 7e29798e-c382-4065-8a82-451f5d0a99e9
2026-05-03 12:39:18,276 [INFO] aibuildx.material_classifier: Optimal material selected: Q460 for entity ccc132a5-667b-430b-ac52-7cb1bbc41753
2026-05-03 12:39:18,276 [INFO] aibuildx.material_classifier: Optimal material selected: Q460 for entity a2998947-f503-483c-b0bc-883f8fb2abe3
2026-05-03 12:39:18,276 [INFO] aibuildx.material_classifier: Optimal material selected: Q460 for entity 2e38e6a6-ca0f-4081-8711-cafcdd6fcaac
2026-05-03 12:39:18,276 [INFO] aibuildx.material_classifier: Optimal material selected: Q460 for entity 8b67e375-5e2e-46f6-adab-78a8c4130e27
2026-05-03 12:39:18,276 [INFO] aibuildx.material_classifier: Optimal material selected: Q460 for entity 58d0c006-7d38-45f0-8440-d01c6eb5d569
2026-05-03 12:39:18,276 [INFO] aibuildx.material_classifier: Optimal material selected: Q460 for entity 7bf65707-eed0-45cd-acbc-d4ce4685e593
2026-05-03 12:39:18,276 [INFO] aibuildx.material_classifier: Optimal material selected: Q460 for entity 36387237-8c8c-4beb-91ef-51c3ce934497
2026-05-03 12:39:18,276 [INFO] aibuildx.material_classifier: Optimal material selected: Q460 for entity e5d42618-c539-4477-bf6e-7fa8e0af6cc9
2026-05-03 12:39:18,276 [INFO] aibuildx.material_classifier: Optimal material selected: Q460 for entity 74586bff-333c-461c-961b-ab3feb18c3a1
2026-05-03 12:39:18,276 [INFO] aibuildx.material_classifier: Optimal material selected: Q460 for entity 8ef57220-473a-4141-a25e-58ad98aafde6
2026-05-03 12:39:18,277 [INFO] aibuildx.material_classifier: Optimal material selected: Q460 for entity afd4f82d-37fe-4614-a1dd-7b2df4a2b60a
2026-05-03 12:39:18,277 [INFO] aibuildx.material_classifier: Optimal material selected: Q460 for entity 08583108-da7d-48a3-86b9-33bf408a6881
2026-05-03 12:39:18,277 [INFO] aibuildx.material_classifier: Optimal material selected: Q460 for entity 02fae472-a4f6-40ce-afbb-7171e6bb26a7
2026-05-03 12:39:18,277 [INFO] aibuildx.material_classifier: Optimal material selected: Q460 for entity 820565d8-1b76-423a-a569-724943555bfe
2026-05-03 12:39:18,277 [INFO] aibuildx.material_classifier: Optimal material selected: Q460 for entity 939b4ab8-2d09-4102-be80-3ae985d5dc94
2026-05-03 12:39:18,277 [INFO] aibuildx.material_classifier: Optimal material selected: Q460 for entity 389bc4f0-a5c1-4fc2-92c3-42a26666d2b5
2026-05-03 12:39:18,277 [INFO] aibuildx.material_classifier: Optimal material selected: Q460 for entity 751132f7-e19d-4087-9ae3-1b4ac8d718c9
2026-05-03 12:39:18,277 [INFO] aibuildx.material_classifier: Optimal material selected: Q460 for entity 228b6749-3134-4333-b01f-feebf6526d1e
2026-05-03 12:39:18,277 [INFO] aibuildx.material_classifier: Optimal material selected: Q460 for entity 9098e498-350c-4e54-8d67-15ccc6277a54
2026-05-03 12:39:18,277 [INFO] aibuildx.material_classifier: Optimal material selected: Q460 for entity 5d1be8cf-5561-40d7-88cc-80515e5b17a2
2026-05-03 12:39:18,277 [INFO] aibuildx.material_classifier: Optimal material selected: Q460 for entity 5d95d9a5-5c6f-490d-b1f0-05b780845543
2026-05-03 12:39:18,277 [INFO] aibuildx.material_classifier: Optimal material selected: Q460 for entity 68383fbe-26f8-45f2-84c6-5857234ac1ca
2026-05-03 12:39:18,277 [INFO] aibuildx.material_classifier: Optimal material selected: Q460 for entity 354f4465-ad59-437f-b4c6-4c46d08afbe9
2026-05-03 12:39:18,277 [INFO] aibuildx.material_classifier: Optimal material selected: Q460 for entity c4c0d069-ac83-439c-8fb8-59c00698ca01
2026-05-03 12:39:18,277 [INFO] aibuildx.material_classifier: Optimal material selected: Q460 for entity 49300f31-9768-40a0-bd3c-d3940789af31
2026-05-03 12:39:18,277 [INFO] aibuildx.material_classifier: Optimal material selected: Q460 for entity 9572633a-a8fa-47cc-a305-4d753aa7df44
2026-05-03 12:39:18,277 [INFO] aibuildx.material_classifier: Optimal material selected: ASTM A992 for entity cb346589-3450-4519-bdd2-6d10200d3ac6
2026-05-03 12:39:18,277 [INFO] aibuildx.material_classifier: Optimal material selected: ASTM A992 for entity d7d71c84-3180-40e1-82d7-608710f594d6
2026-05-03 12:39:18,277 [INFO] aibuildx.material_classifier: Optimal material selected: ASTM A992 for entity e7d97169-6d56-426e-8856-869055255545
2026-05-03 12:39:18,277 [INFO] aibuildx.material_classifier: Optimal material selected: ASTM A992 for entity 53a6b5cd-74d9-4363-be39-027f3040f069
2026-05-03 12:39:18,277 [INFO] aibuildx.material_classifier: Optimal material selected: ASTM A992 for entity 6766bee9-ad9f-4e05-a753-b2f240968ae0
2026-05-03 12:39:18,277 [INFO] aibuildx.material_classifier: Optimal material selected: ASTM A992 for entity e247812e-81d8-40a8-aedf-0f3a0e1fefcd
2026-05-03 12:39:18,277 [INFO] aibuildx.material_classifier: Optimal material selected: ASTM A992 for entity 14317c4d-a018-47d4-95aa-90fd3bd9be6f
2026-05-03 12:39:18,277 [INFO] aibuildx.material_classifier: Optimal material selected: ASTM A992 for entity f5b38477-9acc-48f5-9bcf-fb44b92d5a80
2026-05-03 12:39:18,277 [INFO] aibuildx.material_classifier: Optimal material selected: ASTM A992 for entity e046aa0c-0408-449f-b1b7-d9b2dc5e8011
2026-05-03 12:39:18,277 [INFO] aibuildx.material_classifier: Optimal material selected: ASTM A992 for entity e1f3d4aa-e163-411a-b91f-661236a87c86
2026-05-03 12:39:18,277 [INFO] aibuildx.material_classifier: Optimal material selected: ASTM A992 for entity a2aba8b7-b2d4-479d-a4f7-1dc5d83756f5
2026-05-03 12:39:18,277 [INFO] aibuildx.material_classifier: Optimal material selected: ASTM A992 for entity c9a40049-de64-438e-8f99-3f3b7a88e437
2026-05-03 12:39:18,277 [INFO] aibuildx.material_classifier: Optimal material selected: ASTM A992 for entity afddcda8-7e2b-4540-ae76-d9e00ce99240
2026-05-03 12:39:18,277 [INFO] aibuildx.material_classifier: Optimal material selected: ASTM A992 for entity 7d10e2b6-3227-4936-9990-54792d13ec15
2026-05-03 12:39:18,277 [INFO] aibuildx.material_classifier: Optimal material selected: ASTM A992 for entity 399e0d5b-91e0-495c-8d69-2334d449758c
2026-05-03 12:39:18,277 [INFO] aibuildx.material_classifier: Optimal material selected: ASTM A992 for entity 627f4eb8-a194-46f8-856a-86759b01499b
2026-05-03 12:39:18,277 [INFO] aibuildx.material_classifier: Optimal material selected: ASTM A992 for entity 8b84e220-816b-4cdd-8cb6-67cd3f7a0308
2026-05-03 12:39:18,277 [INFO] aibuildx.material_classifier: Optimal material selected: ASTM A992 for entity 63298cd3-74f9-4300-8560-d07d6919cdcd
2026-05-03 12:39:18,277 [INFO] aibuildx.material_classifier: Optimal material selected: ASTM A992 for entity 5afac4f0-dd9c-4ab0-ba88-6e755829e84a
2026-05-03 12:39:18,277 [INFO] aibuildx.material_classifier: Optimal material selected: ASTM A992 for entity 8029ab4a-10b5-408d-9761-07a32dcab6eb
2026-05-03 12:39:18,277 [INFO] aibuildx.material_classifier: Optimal material selected: ASTM A992 for entity c987b40c-091a-4ce7-9651-701c99f019c2
2026-05-03 12:39:18,277 [INFO] aibuildx.material_classifier: Optimal material selected: ASTM A992 for entity 5cee19ab-85be-4596-ab4a-bd3a014177c0
2026-05-03 12:39:18,277 [INFO] aibuildx.material_classifier: Optimal material selected: ASTM A992 for entity 9dba5bad-8db5-4a92-87e1-27241aae7ce8
2026-05-03 12:39:18,277 [INFO] aibuildx.material_classifier: Optimal material selected: ASTM A992 for entity 9ffe0acf-17ee-4e28-82b5-88b4fd23385d
2026-05-03 12:39:18,277 [INFO] aibuildx.material_classifier: Optimal material selected: ASTM A992 for entity c446b50f-bbf3-4c17-a671-bac8c779d197
2026-05-03 12:39:18,278 [INFO] aibuildx.material_classifier: Optimal material selected: ASTM A992 for entity 18a62007-180a-4e24-9235-c25be9abce7b
2026-05-03 12:39:18,278 [INFO] aibuildx.material_classifier: Optimal material selected: ASTM A992 for entity dea8ee24-fbbc-4a27-8205-c90b0b9bf9a8
2026-05-03 12:39:18,278 [INFO] aibuildx.material_classifier: Optimal material selected: ASTM A992 for entity 2b930572-dfb9-471a-9953-e46296d7055c
2026-05-03 12:39:18,278 [INFO] aibuildx.material_classifier: Optimal material selected: ASTM A992 for entity b22521c0-e6cf-4b2b-a75c-5b0e947bd221
2026-05-03 12:39:18,278 [INFO] aibuildx.material_classifier: Optimal material selected: ASTM A992 for entity 95768adc-6c7d-4d03-8bfc-bdd90af490cc
2026-05-03 12:39:18,278 [INFO] aibuildx.material_classifier: Optimal material selected: ASTM A992 for entity 90ade3b3-95c5-44ca-89ac-cba7d88e4835
2026-05-03 12:39:18,278 [INFO] aibuildx.material_classifier: Optimal material selected: ASTM A992 for entity 584b74f3-e5bb-4735-970e-362902df0984
2026-05-03 12:39:18,278 [INFO] aibuildx.material_classifier: Optimal material selected: ASTM A992 for entity 1f6a94d5-536f-4945-affb-710f12014a81
2026-05-03 12:39:18,278 [INFO] aibuildx.material_classifier: Optimal material selected: ASTM A992 for entity d542afce-64da-4199-a709-ae9f45561a5b
2026-05-03 12:39:18,278 [INFO] aibuildx.material_classifier: Optimal material selected: ASTM A992 for entity e2551f83-ed2e-48af-a91a-54ae8fef6df6
2026-05-03 12:39:18,278 [INFO] aibuildx.material_classifier: Optimal material selected: ASTM A992 for entity 4741f90c-e686-436c-87cc-2fada1a28e3b
2026-05-03 12:39:18,278 [INFO] aibuildx.material_classifier: Optimal material selected: ASTM A992 for entity 33d7b1e2-d130-40bd-8f08-74eb8281ecd0
2026-05-03 12:39:18,278 [INFO] aibuildx.material_classifier: Optimal material selected: ASTM A992 for entity 0c613f31-35e5-421f-908f-0a19a905dc82
2026-05-03 12:39:18,278 [INFO] aibuildx.material_classifier: Optimal material selected: ASTM A992 for entity e7b5e55a-76c9-4285-8f6f-57d3d1a1312e
2026-05-03 12:39:18,278 [INFO] aibuildx.material_classifier: Optimal material selected: ASTM A992 for entity 6ff9f6fa-a600-443a-87ee-9d17609c172b
2026-05-03 12:39:18,278 [INFO] aibuildx.material_classifier: Optimal material selected: ASTM A992 for entity f84d6679-f21d-4284-a632-99046b47d04d
2026-05-03 12:39:18,278 [INFO] aibuildx.material_classifier: Optimal material selected: ASTM A992 for entity 05a6921d-3cec-4c85-ac55-836f8b7c415b
2026-05-03 12:39:18,278 [INFO] aibuildx.material_classifier: Optimal material selected: ASTM A992 for entity ba7a503c-2e3c-4ce8-a15b-ff52581625fa
2026-05-03 12:39:18,278 [INFO] aibuildx.material_classifier: Optimal material selected: ASTM A992 for entity e5b64d33-3e17-4369-98a7-31ba5e48c84c
2026-05-03 12:39:18,278 [INFO] aibuildx.material_classifier: Optimal material selected: ASTM A992 for entity 1c7cf380-44d5-4609-b0fb-e496e5202611
2026-05-03 12:39:18,278 [INFO] aibuildx.material_classifier: Optimal material selected: ASTM A992 for entity bb97e868-1258-429a-9191-8430585a49f6
2026-05-03 12:39:18,278 [INFO] aibuildx.material_classifier: Optimal material selected: ASTM A992 for entity fbb765b8-2c60-43be-a820-f39c8ecb3ae0
2026-05-03 12:39:18,278 [INFO] aibuildx.material_classifier: Optimal material selected: ASTM A992 for entity 51af10c8-5198-4d19-a60a-90f1dbf769d8
2026-05-03 12:39:18,278 [INFO] aibuildx.material_classifier: Optimal material selected: ASTM A992 for entity d9490432-212f-4b33-a1d3-6f811b060f1b
2026-05-03 12:39:18,278 [INFO] aibuildx.material_classifier: Optimal material selected: ASTM A992 for entity ad8abd3b-cd02-4cd1-a493-38a4f9b061b8
2026-05-03 12:39:18,278 [INFO] aibuildx.material_classifier: Optimal material selected: ASTM A992 for entity 9918f154-7a97-43e8-9cc8-f48396e93a78
2026-05-03 12:39:18,278 [INFO] aibuildx.material_classifier: Optimal material selected: ASTM A992 for entity 50f79502-ad9b-441c-91d2-b6c0d34cd992
2026-05-03 12:39:18,278 [INFO] aibuildx.material_classifier: Optimal material selected: ASTM A992 for entity e6319592-fc37-499d-a0a8-04712752adf0
2026-05-03 12:39:18,278 [INFO] aibuildx.material_classifier: Optimal material selected: ASTM A992 for entity 5c000bb9-0b6b-4b73-b942-7f89a552610d
2026-05-03 12:39:18,278 [INFO] aibuildx.material_classifier: Optimal material selected: ASTM A992 for entity d53aa8f4-2535-48fd-a732-10c31dfd5ddf
2026-05-03 12:39:18,278 [INFO] aibuildx.material_classifier: Optimal material selected: ASTM A992 for entity 67101147-f416-49ef-a5ee-0d86887ece7c
2026-05-03 12:39:18,278 [INFO] aibuildx.material_classifier: Optimal material selected: ASTM A992 for entity 04501c82-19dc-4e0b-b3e6-f91b97c7d96e
2026-05-03 12:39:18,278 [INFO] aibuildx.material_classifier: Optimal material selected: ASTM A992 for entity 61eec0e9-c5d5-4843-8e64-34e451967742
2026-05-03 12:39:18,278 [INFO] aibuildx.material_classifier: Optimal material selected: ASTM A992 for entity 28a5e3dd-4f4d-443a-bf73-258d2dee3394
2026-05-03 12:39:18,278 [INFO] aibuildx.material_classifier: Optimal material selected: ASTM A992 for entity 4767db70-14b8-4598-a29c-d02aa9689e2d
2026-05-03 12:39:18,278 [INFO] aibuildx.material_classifier: Optimal material selected: ASTM A992 for entity fa521921-e4c1-42c2-b57a-8ffc9dc92f5b
2026-05-03 12:39:18,278 [INFO] aibuildx.material_classifier: Optimal material selected: ASTM A992 for entity bfb96571-d885-4c6b-af0b-c9e4ca80899c
2026-05-03 12:39:18,278 [INFO] aibuildx.material_classifier: Optimal material selected: ASTM A992 for entity e1935114-c2ce-46b7-8bac-4926581fc396
2026-05-03 12:39:18,278 [INFO] aibuildx.material_classifier: Optimal material selected: ASTM A992 for entity fe4a328e-df6f-43f7-832a-c8db9ec78eca
2026-05-03 12:39:18,278 [INFO] aibuildx.material_classifier: Optimal material selected: Q460 for entity 2bcae987-e688-4719-a267-03630d8fda8b
2026-05-03 12:39:18,278 [INFO] aibuildx.material_classifier: Optimal material selected: Q460 for entity 01636667-c4ce-4740-8813-67f09956837d
2026-05-03 12:39:18,279 [INFO] aibuildx.material_classifier: Optimal material selected: Q460 for entity 67c304fe-f355-4aab-a535-7de3064a0604
2026-05-03 12:39:18,279 [INFO] aibuildx.material_classifier: Optimal material selected: Q460 for entity 2de1f6ea-8727-4a12-bc00-7565ecf4ee55
2026-05-03 12:39:18,279 [INFO] aibuildx.material_classifier: Optimal material selected: Q460 for entity a1142ad3-9fd0-4ebd-a697-a4bdfc7c7553
2026-05-03 12:39:18,279 [INFO] aibuildx.material_classifier: Optimal material selected: Q460 for entity cab3cd33-bdd4-482e-b33f-08135df33075
2026-05-03 12:39:18,279 [INFO] aibuildx.material_classifier: Optimal material selected: Q460 for entity 4a69526d-9c3a-4b3a-bc28-a0803a0353e5
2026-05-03 12:39:18,279 [INFO] aibuildx.material_classifier: Optimal material selected: Q460 for entity 063e2f73-ca0d-4ae5-8154-739ac8c7bd82
2026-05-03 12:39:18,279 [INFO] aibuildx.material_classifier: Optimal material selected: Q460 for entity 99bac2ad-6310-4bda-91a9-d5b9329270ba
2026-05-03 12:39:18,279 [INFO] aibuildx.material_classifier: Optimal material selected: Q460 for entity 4ddabbc5-b035-45b6-aaf4-ae6169296a47
2026-05-03 12:39:18,279 [INFO] aibuildx.material_classifier: Optimal material selected: Q460 for entity e98c989a-0d14-4a77-abc7-561a7ce72bf3
2026-05-03 12:39:18,281 [INFO] aibuildx.material_classifier: Optimal material selected: Q460 for entity 415cac05-88d7-409f-85cd-4c16756fbedd
2026-05-03 12:39:18,281 [INFO] aibuildx.material_classifier: Optimal material selected: Q460 for entity 738692d8-0c64-43ae-aca6-843ceb2696a4
2026-05-03 12:39:18,281 [INFO] aibuildx.material_classifier: Optimal material selected: Q460 for entity 3e3a83db-232f-4293-b238-d8058cf3a6dd
2026-05-03 12:39:18,281 [INFO] aibuildx.material_classifier: Optimal material selected: Q460 for entity 618887d6-5ad0-4419-a43b-e5dc73dfe060
2026-05-03 12:39:18,281 [INFO] aibuildx.material_classifier: Optimal material selected: Q460 for entity c7c321b3-25fa-46f1-93e5-f9299d77a83d
2026-05-03 12:39:18,281 [INFO] aibuildx.material_classifier: Optimal material selected: Q460 for entity e3d9e26a-a8c2-4a46-baf2-6951f888d7bc
2026-05-03 12:39:18,281 [INFO] aibuildx.material_classifier: Optimal material selected: Q460 for entity 15808793-db47-446f-a553-57cdf1fcfbd7
2026-05-03 12:39:18,282 [INFO] aibuildx.material_classifier: Optimal material selected: Q460 for entity bac0b21a-59f2-440a-9f34-c1d38d5777a9
2026-05-03 12:39:18,283 [INFO] aibuildx.material_classifier: Optimal material selected: Q460 for entity 001f4a08-3acd-4912-9bf5-c278686aa19f
2026-05-03 12:39:18,283 [INFO] aibuildx.material_classifier: Optimal material selected: Q460 for entity 8933c7ab-a6a1-4779-80e9-2ddea3f2dc8d
2026-05-03 12:39:18,283 [INFO] aibuildx.material_classifier: Optimal material selected: Q460 for entity a8ec337b-d06b-4c62-ace0-bee512370b30
2026-05-03 12:39:18,283 [INFO] aibuildx.material_classifier: Optimal material selected: Q460 for entity 5cb88601-0d36-40bd-b867-24c9396b2856
2026-05-03 12:39:18,283 [INFO] aibuildx.material_classifier: Optimal material selected: Q460 for entity af243494-4ae4-41ee-aa11-fb7c2fcbf56a
2026-05-03 12:39:18,283 [INFO] aibuildx.material_classifier: Optimal material selected: Q460 for entity 612dc09c-cd96-4b43-a9ae-aaddcbd032d7
2026-05-03 12:39:18,287 [INFO] aibuildx.material_classifier: Optimal material selected: Q460 for entity bfad691a-3b71-43db-b2b7-e9f9b4ebaea4
2026-05-03 12:39:18,287 [INFO] aibuildx.material_classifier: Optimal material selected: Q460 for entity 7be056b6-c514-4dcd-b933-6000f2b462a0
2026-05-03 12:39:18,287 [INFO] aibuildx.material_classifier: Optimal material selected: Q460 for entity 3cb40d31-dde9-4105-abf5-10560054173d
2026-05-03 12:39:18,287 [INFO] aibuildx.material_classifier: Optimal material selected: Q460 for entity 974674bd-71db-4910-93cf-a836043fad52
2026-05-03 12:39:18,287 [INFO] aibuildx.material_classifier: Optimal material selected: Q460 for entity b65d60fa-bbb8-4a11-8732-39831166aac6
2026-05-03 12:39:18,287 [INFO] aibuildx.material_classifier: Optimal material selected: Q460 for entity d7357f51-ced2-4a87-91c6-aef8628b1e0f
2026-05-03 12:39:18,287 [INFO] aibuildx.material_classifier: Optimal material selected: Q460 for entity 8fec905c-7619-4e88-a586-98e199934db0
2026-05-03 12:39:18,287 [INFO] aibuildx.material_classifier: Optimal material selected: Q460 for entity e2559de5-363f-4ceb-b38e-b2a0d278dea3
2026-05-03 12:39:18,287 [INFO] aibuildx.material_classifier: Optimal material selected: Q460 for entity 5254edab-74f8-4bf0-88c0-2894047b5df5
2026-05-03 12:39:18,287 [INFO] aibuildx.material_classifier: Optimal material selected: Q460 for entity 47bfbff4-a5b6-43e4-ac31-afa2e61f0fb4
2026-05-03 12:39:18,287 [INFO] aibuildx.material_classifier: Optimal material selected: Q460 for entity d12dd700-cc1a-46c0-b460-6211ef81c2b5
2026-05-03 12:39:18,287 [INFO] aibuildx.material_classifier: Optimal material selected: Q460 for entity fb6776fe-6bdf-478a-8f11-17e4be9eebf9
2026-05-03 12:39:18,287 [INFO] aibuildx.material_classifier: Optimal material selected: Q460 for entity da879f00-8f1b-4e6c-a227-21b602ab6570
2026-05-03 12:39:18,287 [INFO] aibuildx.material_classifier: Optimal material selected: Q460 for entity 24f13629-53a8-4d52-9044-bab65df394c7
2026-05-03 12:39:18,287 [INFO] aibuildx.material_classifier: Optimal material selected: Q460 for entity d66d5fdd-1152-40b1-b33f-92e7a364a372
2026-05-03 12:39:18,287 [INFO] aibuildx.material_classifier: Optimal material selected: Q460 for entity 7c432b46-8506-4b22-b8c7-9987bb4cb681
2026-05-03 12:39:18,287 [INFO] aibuildx.material_classifier: Optimal material selected: Q460 for entity d5a3ac18-b7f7-46a4-8150-6cb6318133b8
2026-05-03 12:39:18,287 [INFO] aibuildx.material_classifier: Optimal material selected: Q460 for entity 39aed5b5-12f8-4547-a9f7-8f750e65384a
2026-05-03 12:39:18,287 [INFO] aibuildx.material_classifier: Optimal material selected: Q460 for entity 246cf157-db43-4cbf-a753-9da78baa5059
2026-05-03 12:39:18,287 [INFO] aibuildx.material_classifier: Optimal material selected: Q460 for entity 11b1250c-5be4-4293-afc5-08fec931cfb1
2026-05-03 12:39:18,287 [INFO] aibuildx.material_classifier: Optimal material selected: Q460 for entity 5fe3da3d-dcc6-44e0-bc86-8c7f0846aa7e
2026-05-03 12:39:18,287 [INFO] aibuildx.material_classifier: Optimal material selected: Q460 for entity 74013b1b-71dc-4d39-89b9-dced9f3fdd90
2026-05-03 12:39:18,287 [INFO] aibuildx.material_classifier: Optimal material selected: Q460 for entity dcd5fdd6-15e3-433c-b3a3-8791474fcfdb
2026-05-03 12:39:18,287 [INFO] aibuildx.material_classifier: Optimal material selected: Q460 for entity 9329f9f6-4ac7-4f0c-ba1a-78a8a8ab43b5
2026-05-03 12:39:18,287 [INFO] aibuildx.material_classifier: Optimal material selected: Q460 for entity aaa97241-4dcf-427a-9173-e39281093971
2026-05-03 12:39:18,287 [INFO] aibuildx.material_classifier: Optimal material selected: Q460 for entity 4c35aea7-d1f8-4c32-bcbf-1784fa234346
2026-05-03 12:39:18,287 [INFO] aibuildx.material_classifier: Optimal material selected: Q460 for entity e1221923-a1c9-46de-9bd1-9a4c5c82f52c
2026-05-03 12:39:18,287 [INFO] aibuildx.material_classifier: Optimal material selected: Q460 for entity cea247bd-3113-4c45-9a5d-3e6751450257
2026-05-03 12:39:18,287 [INFO] aibuildx.material_classifier: Optimal material selected: Q460 for entity e52cb4a4-d814-43c4-a588-218cdff2a043
2026-05-03 12:39:18,287 [INFO] aibuildx.material_classifier: Optimal material selected: Q460 for entity 40651110-cae1-44a7-a727-a3cb4cf5dccf
2026-05-03 12:39:18,288 [INFO] aibuildx.material_classifier: Optimal material selected: Q460 for entity 100b0363-edef-4dee-92d1-568f6bd51c27
2026-05-03 12:39:18,288 [INFO] aibuildx.material_classifier: Optimal material selected: Q460 for entity b3cc9886-9c9c-4113-a801-7708a26c1606
2026-05-03 12:39:18,288 [INFO] aibuildx.material_classifier: Optimal material selected: Q460 for entity fcd4c82b-6d20-47d8-92a7-9bd85384b135
2026-05-03 12:39:18,288 [INFO] aibuildx.material_classifier: Optimal material selected: Q460 for entity ba21b8c6-0926-493f-95c7-ccddd48e6a60
2026-05-03 12:39:18,288 [INFO] aibuildx.material_classifier: Optimal material selected: Q460 for entity 7650af18-0076-4b66-b9fc-7a0ce1c79c32
2026-05-03 12:39:18,288 [INFO] aibuildx.material_classifier: Optimal material selected: Q460 for entity 342f3516-2f8a-4072-9ac2-b3e3a7ebaba5
2026-05-03 12:39:18,288 [INFO] aibuildx.material_classifier: Optimal material selected: Q460 for entity 36ea262d-8488-41cb-a5f1-15a721f5a1ad
2026-05-03 12:39:18,288 [INFO] aibuildx.material_classifier: Optimal material selected: Q460 for entity 93188562-0bff-4337-b8ff-588395f558ed
2026-05-03 12:39:18,288 [INFO] aibuildx.material_classifier: Optimal material selected: Q460 for entity 31a526c1-3648-4b64-8185-53bfc9908b5e
2026-05-03 12:39:18,288 [INFO] aibuildx.material_classifier: Optimal material selected: Q460 for entity 25c1d372-39ea-4bd3-96ef-2c0950e2d282
2026-05-03 12:39:18,288 [INFO] aibuildx.material_classifier: Optimal material selected: Q460 for entity 427125ad-5dc6-4e42-b105-584adf381239
2026-05-03 12:39:18,289 [INFO] aibuildx.material_classifier: Optimal material selected: Q460 for entity aa886114-c89d-4036-a38c-334dfcf34fcf
2026-05-03 12:39:18,289 [INFO] aibuildx.material_classifier: Optimal material selected: Q460 for entity 66654373-0d54-4e42-a694-3de503673593
2026-05-03 12:39:18,289 [INFO] aibuildx.material_classifier: Optimal material selected: Q460 for entity 03f5bbb8-484e-4d9e-956c-5dd432e6e3c2
2026-05-03 12:39:18,289 [INFO] aibuildx.material_classifier: Optimal material selected: Q460 for entity 6087f016-d263-4cbe-9b05-9ca10938f78e
2026-05-03 12:39:18,289 [INFO] aibuildx.material_classifier: Optimal material selected: Q460 for entity 4d6b5811-71c4-4fa2-bcaf-0374d2fcf3f2
2026-05-03 12:39:18,289 [INFO] aibuildx.material_classifier: Optimal material selected: Q460 for entity 8a094218-a170-431c-be8a-e68b14a22b12
2026-05-03 12:39:18,289 [INFO] aibuildx.material_classifier: Optimal material selected: Q460 for entity af15d267-d4c5-48c6-8206-108555f187a9
2026-05-03 12:39:18,289 [INFO] aibuildx.material_classifier: Optimal material selected: Q460 for entity a972a28e-c749-4bba-81c5-94f2454a44de
2026-05-03 12:39:18,289 [INFO] aibuildx.material_classifier: Optimal material selected: Q460 for entity 53ff8852-37e2-4ee9-821e-2035e1d171aa
2026-05-03 12:39:18,289 [INFO] aibuildx.material_classifier: Optimal material selected: Q460 for entity d995a539-389d-4f6b-812d-665a21c7e129
2026-05-03 12:39:18,289 [INFO] aibuildx.material_classifier: Optimal material selected: Q460 for entity 96dd46ac-6747-45a3-830d-7eaef8569c67
2026-05-03 12:39:18,289 [INFO] aibuildx.material_classifier: Optimal material selected: Q460 for entity 72fcb169-b0d6-4e38-828c-54ea3866630a
2026-05-03 12:39:18,289 [INFO] aibuildx.material_classifier: Optimal material selected: Q460 for entity e5e12d26-2f28-48ab-994d-eb7e7fb8214a
2026-05-03 12:39:18,289 [INFO] aibuildx.material_classifier: Optimal material selected: Q460 for entity d7e00d37-eb16-4a11-a1a4-8b046e44a777
2026-05-03 12:39:18,289 [INFO] aibuildx.material_classifier: Optimal material selected: Q460 for entity f8736cc0-1528-40a3-90fc-749b208c16b5
2026-05-03 12:39:18,289 [INFO] aibuildx.material_classifier: Optimal material selected: Q460 for entity 6983ca4a-1439-41a9-8e43-f59e542385e4
2026-05-03 12:39:18,289 [INFO] aibuildx.material_classifier: Optimal material selected: Q460 for entity a97e750a-144a-49fc-a527-4c703f4face8
2026-05-03 12:39:18,289 [INFO] aibuildx.material_classifier: Optimal material selected: Q460 for entity ec778e2b-c14c-4d74-a097-16b894557908
2026-05-03 12:39:18,289 [INFO] aibuildx.material_classifier: Optimal material selected: Q460 for entity c5a8a973-46bd-4b0d-9238-64b99c81db39
2026-05-03 12:39:18,289 [INFO] aibuildx.material_classifier: Optimal material selected: Q460 for entity 0ac34103-7bcb-49bf-9fb1-7c843411bbf6
2026-05-03 12:39:18,289 [INFO] aibuildx.material_classifier: Optimal material selected: Q460 for entity 7f03d3f8-92de-4650-b7a6-61af5ec42b29
2026-05-03 12:39:18,289 [INFO] aibuildx.material_classifier: Optimal material selected: Q460 for entity 4d467319-2ffc-4e10-8604-813191324e7d
2026-05-03 12:39:18,289 [INFO] aibuildx.material_classifier: Optimal material selected: Q460 for entity 422472b0-4a26-4268-8891-aae0bf4b13e2
2026-05-03 12:39:18,289 [INFO] aibuildx.material_classifier: Optimal material selected: Q460 for entity 49fb16b3-46ba-4e75-bac0-451960583cfa
2026-05-03 12:39:18,289 [INFO] aibuildx.material_classifier: Optimal material selected: Q460 for entity 3386e386-d52e-44db-ae3a-9d6360980910
2026-05-03 12:39:18,289 [INFO] aibuildx.material_classifier: Optimal material selected: Q460 for entity 32412693-4ceb-483a-b7b4-c49b009f3498
2026-05-03 12:39:18,289 [INFO] aibuildx.material_classifier: Optimal material selected: Q460 for entity ec332a64-cc56-4c4c-b337-4747bce69694
2026-05-03 12:39:18,289 [INFO] aibuildx.material_classifier: Optimal material selected: Q460 for entity 75cc0431-afd4-4a6c-9509-7cd1ab988367
2026-05-03 12:39:18,289 [INFO] aibuildx.material_classifier: Optimal material selected: Q460 for entity 5af3baf4-f322-46b6-8031-da72b17169a9
2026-05-03 12:39:18,289 [INFO] aibuildx.material_classifier: Optimal material selected: Q460 for entity b0421d26-d69d-4535-a018-26f79e226b36
2026-05-03 12:39:18,289 [INFO] aibuildx.material_classifier: Optimal material selected: Q460 for entity 69d97697-f080-4389-a58a-81204461ca17
2026-05-03 12:39:18,289 [INFO] aibuildx.material_classifier: Optimal material selected: Q460 for entity 4aa81495-0a30-401d-a793-3eeb32710771
2026-05-03 12:39:18,289 [INFO] aibuildx.material_classifier: Optimal material selected: Q460 for entity 89f8dbea-05fa-4d07-a462-6c3163b74e66
2026-05-03 12:39:18,289 [INFO] aibuildx.material_classifier: Optimal material selected: Q460 for entity 8eda12c7-6202-4f38-8db2-3e7e0f15bdfa
2026-05-03 12:39:18,289 [INFO] aibuildx.material_classifier: Optimal material selected: Q460 for entity a1e7d389-e4bb-49b3-853b-75368674987f
2026-05-03 12:39:18,289 [INFO] aibuildx.material_classifier: Optimal material selected: Q460 for entity 91100fb9-9df2-457f-955f-260dc83068bb
2026-05-03 12:39:18,289 [INFO] aibuildx.material_classifier: Optimal material selected: Q460 for entity 3b92555a-c156-48cf-9e42-2eb7c2ba52ad
2026-05-03 12:39:18,289 [INFO] aibuildx.material_classifier: Optimal material selected: Q460 for entity cd02d2a2-dac1-4adb-8023-bc3e620ca331
2026-05-03 12:39:18,289 [INFO] aibuildx.material_classifier: Optimal material selected: Q460 for entity 72830683-d81d-4820-a721-e943a4e02a42
2026-05-03 12:39:18,289 [INFO] aibuildx.material_classifier: Optimal material selected: Q460 for entity d39df2be-e1a5-458d-81b1-61fcb28f88b3
2026-05-03 12:39:18,289 [INFO] aibuildx.material_classifier: Optimal material selected: Q460 for entity 30fa275f-81bd-4818-926e-333a7c6cb4b1
2026-05-03 12:39:18,289 [INFO] aibuildx.material_classifier: Optimal material selected: Q460 for entity e4a8830d-d421-424a-80c7-b740c80269cf
2026-05-03 12:39:18,289 [INFO] aibuildx.material_classifier: Optimal material selected: Q460 for entity cc96b3aa-50b2-4b33-98c1-49cbe44bf6c6
2026-05-03 12:39:18,289 [INFO] aibuildx.material_classifier: Optimal material selected: Q460 for entity 59f4616f-a979-4140-95a3-afe0f85f7ef3
2026-05-03 12:39:18,289 [INFO] aibuildx.material_classifier: Optimal material selected: Q460 for entity 15005751-44a7-4d40-9638-99b383dc0476
2026-05-03 12:39:18,289 [INFO] aibuildx.material_classifier: Optimal material selected: Q460 for entity 2bdb58d0-1ede-46d3-a07e-12d92e1f2d25
2026-05-03 12:39:18,290 [INFO] aibuildx.material_classifier: Optimal material selected: Q460 for entity 10e48837-95e4-4cf0-b224-5ef18b01459c
2026-05-03 12:39:18,290 [INFO] aibuildx.material_classifier: Optimal material selected: Q460 for entity a48df67c-c035-4050-acb0-be5035ff6033
2026-05-03 12:39:18,290 [INFO] aibuildx.material_classifier: Optimal material selected: Q460 for entity 9f79730b-01e6-477d-87ca-3353eeee6458
2026-05-03 12:39:18,290 [INFO] aibuildx.material_classifier: Optimal material selected: Q460 for entity 4c5db247-af7b-461d-a421-dc5d92f70106
2026-05-03 12:39:18,290 [INFO] aibuildx.material_classifier: Optimal material selected: Q460 for entity 0d57559b-d398-45d5-bc5f-211a46f29728
2026-05-03 12:39:18,290 [INFO] aibuildx.material_classifier: Optimal material selected: Q460 for entity 017283ee-16c9-474a-93ea-edff8dfba1ec
2026-05-03 12:39:18,290 [INFO] aibuildx.material_classifier: Optimal material selected: Q460 for entity b012ef15-2482-448a-8e39-c3cf40e86344
2026-05-03 12:39:18,290 [INFO] aibuildx.material_classifier: Optimal material selected: Q460 for entity f3e28710-0c3e-4876-8de6-e0e3fc1d0e9d
2026-05-03 12:39:18,290 [INFO] aibuildx.material_classifier: Optimal material selected: Q460 for entity e3c1c2d4-0e76-4747-89fd-88925048ee86
2026-05-03 12:39:18,290 [INFO] aibuildx.material_classifier: Optimal material selected: Q460 for entity 40dac070-68e2-4b53-b14e-a19e4cd1c489
2026-05-03 12:39:18,290 [INFO] aibuildx.material_classifier: Optimal material selected: Q460 for entity de6aef0d-6deb-45f9-b794-017a010ce7d5
2026-05-03 12:39:18,290 [INFO] aibuildx.material_classifier: Optimal material selected: Q460 for entity 7791b1dc-8ec5-4bef-ae02-5ab851437502
2026-05-03 12:39:18,290 [INFO] aibuildx.material_classifier: Optimal material selected: Q460 for entity 3040b989-dd75-4968-99b5-17fd8b6ab71c
2026-05-03 12:39:18,290 [INFO] aibuildx.material_classifier: Optimal material selected: Q460 for entity 250e31ef-5dd3-423c-836b-66ea1766c136
2026-05-03 12:39:18,290 [INFO] aibuildx.material_classifier: Optimal material selected: Q460 for entity 3e3895ca-1da3-4c40-80e2-0f9c589ed190
2026-05-03 12:39:18,290 [INFO] aibuildx.material_classifier: Optimal material selected: Q460 for entity c6ebc2a5-ac31-49d0-88d1-610e2b523440
2026-05-03 12:39:18,290 [INFO] aibuildx.material_classifier: Optimal material selected: Q460 for entity 9bf4a2be-ea1a-42ca-83f8-a801b35866c0
2026-05-03 12:39:18,290 [INFO] aibuildx.material_classifier: Optimal material selected: Q460 for entity ff372831-30dd-4436-b388-46c606a43ae5
2026-05-03 12:39:18,290 [INFO] aibuildx.material_classifier: Optimal material selected: Q460 for entity aa81f942-72b6-421c-9b9f-ba900786658d
2026-05-03 12:39:18,290 [INFO] aibuildx.material_classifier: Optimal material selected: Q460 for entity e6d21a7b-1810-4597-9040-fd6da70e0335
2026-05-03 12:39:18,290 [INFO] aibuildx.material_classifier: Optimal material selected: Q460 for entity d846978b-9cee-49e7-a3b0-ab753cd2a2e8
2026-05-03 12:39:18,290 [INFO] aibuildx.material_classifier: Optimal material selected: Q460 for entity abb22600-766d-4a3b-b02d-9ab0357b1518
2026-05-03 12:39:18,290 [INFO] aibuildx.material_classifier: Optimal material selected: Q460 for entity 53d8e3c2-3e4a-47ae-883e-20e04dbe9e00
2026-05-03 12:39:18,290 [INFO] aibuildx.material_classifier: Optimal material selected: Q460 for entity 31e9e41a-6b6d-46bb-80e7-32b283a6cae3
2026-05-03 12:39:18,290 [INFO] aibuildx.material_classifier: Optimal material selected: Q460 for entity aff8a85c-2de8-42b2-b23a-8baaf0cd9657
2026-05-03 12:39:18,290 [INFO] aibuildx.material_classifier: Optimal material selected: Q460 for entity 3fb40d80-d66c-45af-b026-b5a7c117266d
2026-05-03 12:39:18,290 [INFO] aibuildx.material_classifier: Optimal material selected: Q460 for entity 70ac6fce-81ba-4038-8a74-88cde88b1f68
2026-05-03 12:39:18,290 [INFO] aibuildx.material_classifier: Optimal material selected: Q460 for entity d2adfb56-7ef6-426c-ba76-971ccb574d49
2026-05-03 12:39:18,290 [INFO] aibuildx.material_classifier: Optimal material selected: Q460 for entity d3175b07-b487-462b-a033-876c7f651ec7
2026-05-03 12:39:18,290 [INFO] aibuildx.material_classifier: Optimal material selected: Q460 for entity 5a3a2d8e-b4cb-43aa-bf63-4862756798bd
2026-05-03 12:39:18,290 [INFO] aibuildx.material_classifier: Optimal material selected: Q460 for entity e84720f5-6f87-44b4-b2c9-269c9b34bf39
2026-05-03 12:39:18,290 [INFO] aibuildx.material_classifier: Optimal material selected: Q460 for entity ac902a2a-0279-4d7f-af9f-59d960429dc4
2026-05-03 12:39:18,290 [INFO] aibuildx.material_classifier: Optimal material selected: Q460 for entity 9488c768-f297-473b-a937-173c6a6d358d
2026-05-03 12:39:18,290 [INFO] aibuildx.material_classifier: Optimal material selected: Q460 for entity e499d1d4-fc86-4682-878b-2781c2935f9c
2026-05-03 12:39:18,290 [INFO] aibuildx.material_classifier: Optimal material selected: Q460 for entity 59638ab1-b474-41eb-baaf-3415d6cb108e
2026-05-03 12:39:18,290 [INFO] aibuildx.material_classifier: Optimal material selected: Q460 for entity 7fa0511b-da99-486f-9896-a27318d19430
2026-05-03 12:39:18,290 [INFO] aibuildx.material_classifier: Optimal material selected: Q460 for entity 4f3378dd-325c-428e-83af-534f5119bee2
2026-05-03 12:39:18,290 [INFO] aibuildx.material_classifier: Optimal material selected: Q460 for entity 130150ee-4fd6-4437-beb3-d66ac93f4870
2026-05-03 12:39:18,290 [INFO] aibuildx.material_classifier: Optimal material selected: Q460 for entity 1368d21f-bdd4-4b9a-bc44-3629a5fe1a57
2026-05-03 12:39:18,290 [INFO] aibuildx.material_classifier: Optimal material selected: Q460 for entity ed66844d-1920-43d6-a741-d439cf00657a
2026-05-03 12:39:18,290 [INFO] aibuildx.material_classifier: Optimal material selected: Q460 for entity ee5c60b2-a26e-40fc-b7c6-22115fabf109
2026-05-03 12:39:18,290 [INFO] aibuildx.material_classifier: Optimal material selected: Q460 for entity 68e20461-f645-4950-b72e-a673ca6f5ce8
2026-05-03 12:39:18,290 [INFO] aibuildx.material_classifier: Optimal material selected: Q460 for entity cb119b4d-1181-4a86-b70b-8f92ad7eb147
2026-05-03 12:39:18,290 [INFO] aibuildx.material_classifier: Optimal material selected: Q460 for entity 1f9b2761-e71a-4cd5-ae22-473aec4eccad
2026-05-03 12:39:18,290 [INFO] aibuildx.material_classifier: Optimal material selected: Q460 for entity dde1d939-0372-4f9d-92e7-9ff3873b104e
2026-05-03 12:39:18,290 [INFO] aibuildx.material_classifier: Optimal material selected: Q460 for entity e03fbf08-ff23-440d-b6a9-69a67f1f3304
2026-05-03 12:39:18,290 [INFO] aibuildx.material_classifier: Optimal material selected: Q460 for entity 5820ba97-aa23-47c4-94c1-948ce812ec63
2026-05-03 12:39:18,290 [INFO] aibuildx.material_classifier: Optimal material selected: Q460 for entity 555bbaed-9a89-4219-834d-c6a7d465fc84
2026-05-03 12:39:18,291 [INFO] aibuildx.material_classifier: Optimal material selected: Q460 for entity b532260a-aff0-411b-8b9e-ba2be3986098
2026-05-03 12:39:18,291 [INFO] aibuildx.material_classifier: Optimal material selected: Q460 for entity 4f32d9f0-a5e5-4979-955d-aeed4d229490
2026-05-03 12:39:18,291 [INFO] aibuildx.material_classifier: Optimal material selected: Q460 for entity adc20849-8479-4886-8e99-ce89bf6c71a2
2026-05-03 12:39:18,291 [INFO] aibuildx.material_classifier: Optimal material selected: Q460 for entity 381b5bd5-0d6a-4d72-97b0-344d95cd7a04
2026-05-03 12:39:18,291 [INFO] aibuildx.material_classifier: Optimal material selected: Q460 for entity 0d1c2e2e-fce5-465c-8048-a0318052fbd8
2026-05-03 12:39:18,291 [INFO] aibuildx.material_classifier: Optimal material selected: Q460 for entity d41dd29c-45e2-4412-a95a-96bcd2d5bb0d
2026-05-03 12:39:18,291 [INFO] aibuildx.material_classifier: Optimal material selected: Q460 for entity fa819d53-6f4d-40d3-a6d9-34ad0658fd15
2026-05-03 12:39:18,291 [INFO] aibuildx.material_classifier: Optimal material selected: Q460 for entity 59cfb082-fdfc-4739-8cf1-6ba7d9328e65
2026-05-03 12:39:18,291 [INFO] aibuildx.material_classifier: Optimal material selected: Q460 for entity 1e2dd289-4df9-4aaf-9018-db4822278c4d
2026-05-03 12:39:18,291 [INFO] aibuildx.material_classifier: Optimal material selected: Q460 for entity b86a040a-1f4b-4485-95fd-899f4d83fc4b
2026-05-03 12:39:18,291 [INFO] aibuildx.material_classifier: Optimal material selected: Q460 for entity a636f558-26f0-4edf-a2fb-f266aafc86ad
2026-05-03 12:39:18,291 [INFO] aibuildx.material_classifier: Optimal material selected: Q460 for entity 6290c9c4-f84d-48ce-aba7-8d10d455b2e3
2026-05-03 12:39:18,291 [INFO] aibuildx.material_classifier: Optimal material selected: Q460 for entity 6523f9b0-bf3e-4d82-9988-1f87db00aa50
2026-05-03 12:39:18,291 [INFO] aibuildx.material_classifier: Optimal material selected: Q460 for entity 40d0169a-54d2-47a3-8678-f1698e0f93af
2026-05-03 12:39:18,291 [INFO] aibuildx.material_classifier: Optimal material selected: Q460 for entity f1a692f6-d887-48e2-b9dc-274adf0a652d
2026-05-03 12:39:18,291 [INFO] aibuildx.material_classifier: Optimal material selected: Q460 for entity 713c7345-3d70-4628-bb61-79f719771bc0
2026-05-03 12:39:18,291 [INFO] aibuildx.material_classifier: Optimal material selected: Q460 for entity 1b3d5545-da1f-4fab-9441-9634313bd216
2026-05-03 12:39:18,291 [INFO] aibuildx.material_classifier: Optimal material selected: Q460 for entity 8dc83fc0-8bdf-4b39-a542-5c611a5fe7f6
2026-05-03 12:39:18,291 [INFO] aibuildx.material_classifier: Optimal material selected: Q460 for entity 8f825f31-cd93-46ce-a697-571b3bbf2dad
2026-05-03 12:39:18,291 [INFO] aibuildx.material_classifier: Optimal material selected: Q460 for entity 9b60cde1-7a2e-411d-b0e9-c97da7c25f0f
2026-05-03 12:39:18,291 [INFO] aibuildx.material_classifier: Optimal material selected: Q460 for entity 1785bff3-8cca-4c73-b208-4998df580ccb
2026-05-03 12:39:18,291 [INFO] aibuildx.material_classifier: Optimal material selected: Q460 for entity 201812a9-df53-4185-b6fc-18c00bb9bdbc
2026-05-03 12:39:18,291 [INFO] aibuildx.material_classifier: Optimal material selected: Q460 for entity 33b71326-9a98-412c-849f-d9322c92e331
2026-05-03 12:39:18,291 [INFO] aibuildx.material_classifier: Optimal material selected: Q460 for entity 065db042-9fd8-4e40-9d88-b29f9ec2c675
2026-05-03 12:39:18,291 [INFO] aibuildx.material_classifier: Optimal material selected: Q460 for entity 7caa4c1a-75d1-4226-97cf-bfa856d3aa75
2026-05-03 12:39:18,291 [INFO] aibuildx.material_classifier: Optimal material selected: Q460 for entity ea1078c5-4a1a-479a-88ac-5d2af7b64a1b
2026-05-03 12:39:18,291 [INFO] aibuildx.material_classifier: Optimal material selected: Q460 for entity b422dc22-216d-40c3-af17-01243dd0d51d
2026-05-03 12:39:18,291 [INFO] aibuildx.material_classifier: Optimal material selected: Q460 for entity 51cb738b-bfb9-4728-bb55-1796bb24e0b4
2026-05-03 12:53:00,962 [INFO] aibuildx.material_classifier: Optimal material selected: Q460 for entity dab37cfe-dd22-4376-bb7e-1ac35ad717d4
2026-05-03 12:53:00,963 [INFO] aibuildx.material_classifier: Optimal material selected: Q460 for entity 0774323b-8a90-4c4e-a174-a7a0a1daf21a
2026-05-03 12:53:00,963 [INFO] aibuildx.material_classifier: Optimal material selected: Q460 for entity d069b2e6-70ab-4d9c-84bb-a935067557bf
2026-05-03 12:53:00,963 [INFO] aibuildx.material_classifier: Optimal material selected: Q460 for entity a6648d05-b393-496d-9f91-6b3322702282
2026-05-03 12:53:00,963 [INFO] aibuildx.material_classifier: Optimal material selected: Q460 for entity e1f959e1-e8f5-4b2a-8ee4-ed946aae02e5
2026-05-03 12:53:00,963 [INFO] aibuildx.material_classifier: Optimal material selected: Q460 for entity 60aa2d16-046a-44bd-8780-92cb56f566be
2026-05-03 12:53:00,963 [INFO] aibuildx.material_classifier: Optimal material selected: Q460 for entity 452a98b7-2de5-4d2a-b51e-16c1251c91e8
2026-05-03 12:53:00,963 [INFO] aibuildx.material_classifier: Optimal material selected: Q460 for entity 765ec423-a95d-4eb6-878f-8d9b30016c7a
2026-05-03 12:53:00,963 [INFO] aibuildx.material_classifier: Optimal material selected: Q460 for entity f7800dba-ba9a-4fe7-b1af-a51703c167e5
2026-05-03 12:53:00,963 [INFO] aibuildx.material_classifier: Optimal material selected: Q460 for entity 80b54a70-f8d0-41ee-8faa-c60d4c946c4b
2026-05-03 12:53:00,963 [INFO] aibuildx.material_classifier: Optimal material selected: Q460 for entity 6ad7c442-c944-4028-a26b-bfda3fb4f61c
2026-05-03 12:53:00,963 [INFO] aibuildx.material_classifier: Optimal material selected: Q460 for entity 366aff2b-14de-487a-bcff-7131ed59a809
2026-05-03 12:53:00,963 [INFO] aibuildx.material_classifier: Optimal material selected: Q460 for entity 214172fc-5259-47e5-a0d5-24466131523a
2026-05-03 12:53:00,963 [INFO] aibuildx.material_classifier: Optimal material selected: Q460 for entity db716f0b-a83b-4cf6-8ce5-fb530576daaa
2026-05-03 12:53:00,963 [INFO] aibuildx.material_classifier: Optimal material selected: Q460 for entity c56e42a1-40da-4193-b333-2baa04c94dd9
2026-05-03 12:53:00,963 [INFO] aibuildx.material_classifier: Optimal material selected: Q460 for entity 404fc3f4-ef4d-432d-9bef-70a8e997aa5a
2026-05-03 12:53:00,963 [INFO] aibuildx.material_classifier: Optimal material selected: Q460 for entity f7c81d73-16e6-4af9-9ca5-078f2b00c87a
2026-05-03 12:53:00,963 [INFO] aibuildx.material_classifier: Optimal material selected: Q460 for entity 3a106bca-c49f-4e33-9446-9cd5f4baea7d
2026-05-03 12:53:00,964 [INFO] aibuildx.material_classifier: Optimal material selected: Q460 for entity 166166b9-e88d-4274-8545-84d2c8b133d1
2026-05-03 12:53:00,964 [INFO] aibuildx.material_classifier: Optimal material selected: Q460 for entity e9309af8-3e18-48b8-8385-f8c0dbd67f93
2026-05-03 12:53:00,964 [INFO] aibuildx.material_classifier: Optimal material selected: Q460 for entity 2f7120a1-42ca-4f54-92a6-9ac5e252349a
2026-05-03 12:53:00,964 [INFO] aibuildx.material_classifier: Optimal material selected: Q460 for entity f4219dc4-9c66-4bdf-a69b-48ca55c45dc7
2026-05-03 12:53:00,964 [INFO] aibuildx.material_classifier: Optimal material selected: Q460 for entity 42613cc2-bd55-4a57-a785-1d9f6cd582e9
2026-05-03 12:53:00,964 [INFO] aibuildx.material_classifier: Optimal material selected: Q460 for entity 3ce99d62-a33a-4868-abd7-64b3e5d6159a
2026-05-03 12:53:00,964 [INFO] aibuildx.material_classifier: Optimal material selected: Q460 for entity 999ba20a-5636-4569-96c3-6e038ab8b24d
2026-05-03 12:53:00,964 [INFO] aibuildx.material_classifier: Optimal material selected: Q460 for entity 75359101-e7e9-47e1-9352-89dfafa50ab8
2026-05-03 12:53:00,964 [INFO] aibuildx.material_classifier: Optimal material selected: Q460 for entity e86f19d1-3970-489b-83fe-b4ba0c0abeea
2026-05-03 12:53:00,964 [INFO] aibuildx.material_classifier: Optimal material selected: Q460 for entity 16823610-f03e-4e71-8ee6-9fc35476684f
2026-05-03 12:53:00,964 [INFO] aibuildx.material_classifier: Optimal material selected: Q460 for entity 540f0045-3be2-4249-b699-24f711c5b18e
2026-05-03 12:53:00,964 [INFO] aibuildx.material_classifier: Optimal material selected: Q460 for entity 02a75f34-ecce-43b4-950e-28604892757c
2026-05-03 12:53:00,964 [INFO] aibuildx.material_classifier: Optimal material selected: Q460 for entity ac2bd2e5-0c20-4425-8643-af84047ec292
2026-05-03 12:53:00,964 [INFO] aibuildx.material_classifier: Optimal material selected: Q460 for entity 5ee31e13-3341-4912-bdbd-e28145cf2694
2026-05-03 12:53:00,964 [INFO] aibuildx.material_classifier: Optimal material selected: Q460 for entity 160edca1-b47a-49f7-ac26-6604c25bed09
2026-05-03 12:53:00,964 [INFO] aibuildx.material_classifier: Optimal material selected: Q460 for entity 8751f78f-6a83-4d7a-b324-250e32748222
2026-05-03 12:53:00,964 [INFO] aibuildx.material_classifier: Optimal material selected: Q460 for entity 0c09cb98-d23d-45d6-8774-0d680f11a488
2026-05-03 12:53:00,964 [INFO] aibuildx.material_classifier: Optimal material selected: Q460 for entity 5f3fee00-94a9-4755-96e8-4bb51e9743db
2026-05-03 12:53:00,964 [INFO] aibuildx.material_classifier: Optimal material selected: Q460 for entity 5543568b-d27d-47c5-af56-242d186fef47
2026-05-03 12:53:00,964 [INFO] aibuildx.material_classifier: Optimal material selected: Q460 for entity 843eee04-c0f0-46d1-a6dc-254c1df69e16
2026-05-03 12:53:00,964 [INFO] aibuildx.material_classifier: Optimal material selected: Q460 for entity 7e31d61f-d173-48d5-95be-c4bd31905192
2026-05-03 12:53:00,964 [INFO] aibuildx.material_classifier: Optimal material selected: Q460 for entity f8f146dd-2c2e-4766-afef-432bc72702ba
2026-05-03 12:53:00,964 [INFO] aibuildx.material_classifier: Optimal material selected: Q460 for entity 06671028-9ed6-4a79-a656-64eff501cb23
2026-05-03 12:53:00,964 [INFO] aibuildx.material_classifier: Optimal material selected: Q460 for entity 70f5de11-e95c-4460-abda-ee91ccf5af47
2026-05-03 12:53:00,964 [INFO] aibuildx.material_classifier: Optimal material selected: Q460 for entity ab33fa72-ccaf-4cde-b770-a987af1f9d49
2026-05-03 12:53:00,964 [INFO] aibuildx.material_classifier: Optimal material selected: Q460 for entity be5c8b45-f032-4d91-8ba6-a28915eed9a7
2026-05-03 12:53:00,964 [INFO] aibuildx.material_classifier: Optimal material selected: Q460 for entity 475e9a78-600b-49f9-b4f9-3cd4098c5c79
2026-05-03 12:53:00,964 [INFO] aibuildx.material_classifier: Optimal material selected: Q460 for entity 7c0dcc4b-e886-4aad-b475-92b9f3f5c6c4
2026-05-03 12:53:00,964 [INFO] aibuildx.material_classifier: Optimal material selected: Q460 for entity 871b1f84-93db-4544-b541-da1338d7e1ca
2026-05-03 12:53:00,964 [INFO] aibuildx.material_classifier: Optimal material selected: Q460 for entity beccf214-2744-41a7-92df-378183654dec
2026-05-03 12:53:00,964 [INFO] aibuildx.material_classifier: Optimal material selected: Q460 for entity bfc35394-a718-4d8a-801e-989a174fec47
2026-05-03 12:53:00,964 [INFO] aibuildx.material_classifier: Optimal material selected: Q460 for entity 8e257f02-1db7-4253-96ff-42077a838c72
2026-05-03 12:53:00,964 [INFO] aibuildx.material_classifier: Optimal material selected: Q460 for entity d753f1f7-cc57-4428-ae40-61cda23b9865
2026-05-03 12:53:00,964 [INFO] aibuildx.material_classifier: Optimal material selected: Q460 for entity 4f9a4c1c-fa76-4d9d-9354-59aff022edf2
2026-05-03 12:53:00,964 [INFO] aibuildx.material_classifier: Optimal material selected: Q460 for entity f8bcfe8d-78ed-4d53-b086-1554d67c96cf
2026-05-03 12:53:00,964 [INFO] aibuildx.material_classifier: Optimal material selected: Q460 for entity 2fd10349-74c8-4570-b428-f088a1353269
2026-05-03 12:53:00,964 [INFO] aibuildx.material_classifier: Optimal material selected: Q460 for entity c6ba6ec2-0875-485a-a9bb-b1ff402584cb
2026-05-03 12:53:00,964 [INFO] aibuildx.material_classifier: Optimal material selected: Q460 for entity 04f8358d-36e4-4ee1-b29a-a0a5c2a21ce1
2026-05-03 12:53:00,964 [INFO] aibuildx.material_classifier: Optimal material selected: Q460 for entity b54e5502-04ae-4b32-ae6c-24de73c3f59a
2026-05-03 12:53:00,964 [INFO] aibuildx.material_classifier: Optimal material selected: Q460 for entity c0171660-ac30-4f16-a9f0-cd7ae846a7ca
2026-05-03 12:53:00,964 [INFO] aibuildx.material_classifier: Optimal material selected: Q460 for entity 6aaa9bb1-35cf-49a0-8751-fdade85cd14b
2026-05-03 12:53:00,964 [INFO] aibuildx.material_classifier: Optimal material selected: Q460 for entity 216f164a-6b29-4403-9954-179e70f7d8c9
2026-05-03 12:53:00,964 [INFO] aibuildx.material_classifier: Optimal material selected: Q460 for entity 850f44c3-b30b-4e10-9cb8-05d61b1d99ce
2026-05-03 12:53:00,964 [INFO] aibuildx.material_classifier: Optimal material selected: Q460 for entity 001afbc8-c1d0-4b68-8a7a-0aea5c8d4b6d
2026-05-03 12:53:00,965 [INFO] aibuildx.material_classifier: Optimal material selected: Q460 for entity 155b8a70-a5c0-48d6-bb2b-c1fd0b1eb495
2026-05-03 12:53:00,965 [INFO] aibuildx.material_classifier: Optimal material selected: Q460 for entity f0919f7d-150c-49a0-8111-8febb78b6fa3
2026-05-03 12:53:00,965 [INFO] aibuildx.material_classifier: Optimal material selected: Q460 for entity cd086107-5146-44cc-a1c5-8152cf7ee7f1
2026-05-03 12:53:00,965 [INFO] aibuildx.material_classifier: Optimal material selected: Q460 for entity c16055fa-a485-4994-8cc8-8907b197284b
2026-05-03 12:53:00,965 [INFO] aibuildx.material_classifier: Optimal material selected: Q460 for entity a0ae58c8-6054-4e62-9104-c940b11e6449
2026-05-03 12:53:00,965 [INFO] aibuildx.material_classifier: Optimal material selected: Q460 for entity 99e78c08-dd8f-4cea-b470-935673debefe
2026-05-03 12:53:00,965 [INFO] aibuildx.material_classifier: Optimal material selected: Q460 for entity 758c23f2-bce0-4abe-afb8-01a12d5e4684
2026-05-03 12:53:00,965 [INFO] aibuildx.material_classifier: Optimal material selected: Q460 for entity 40efc9f2-dabd-4520-8d15-ee6cb6a54262
2026-05-03 12:53:00,965 [INFO] aibuildx.material_classifier: Optimal material selected: Q460 for entity 044b48e0-fe5b-4680-9f07-093cb69a5eb6
2026-05-03 12:53:00,965 [INFO] aibuildx.material_classifier: Optimal material selected: Q460 for entity 15c00ee2-a652-4016-8c24-7ebc5f6f87c8
2026-05-03 12:53:00,965 [INFO] aibuildx.material_classifier: Optimal material selected: Q460 for entity ac1ea68d-b034-4aa8-8cc3-5a712fa8869b
2026-05-03 12:53:00,965 [INFO] aibuildx.material_classifier: Optimal material selected: Q460 for entity 925b5a2b-8ef5-4ca3-b3e2-d512ade0a7be
2026-05-03 12:53:00,965 [INFO] aibuildx.material_classifier: Optimal material selected: Q460 for entity 9af0cb16-e795-48e4-8430-cc83777b980b
2026-05-03 12:53:00,965 [INFO] aibuildx.material_classifier: Optimal material selected: Q460 for entity ba3e6557-d26d-44d7-876a-450515ca5f68
2026-05-03 12:53:00,965 [INFO] aibuildx.material_classifier: Optimal material selected: Q460 for entity cccc57cf-eb8c-4ab0-bda7-e33b8bb498b8
2026-05-03 12:53:00,965 [INFO] aibuildx.material_classifier: Optimal material selected: Q460 for entity e9621ac7-9a69-4638-b6db-d666f3a164dd
2026-05-03 12:53:00,965 [INFO] aibuildx.material_classifier: Optimal material selected: Q460 for entity 9b819a8e-9aa4-40df-9171-f71e56c2969a
2026-05-03 12:53:00,965 [INFO] aibuildx.material_classifier: Optimal material selected: Q460 for entity c96d8710-1b6e-49c7-ac46-ba939a661d88
2026-05-03 12:53:00,965 [INFO] aibuildx.material_classifier: Optimal material selected: Q460 for entity d8e5c12b-9614-441e-9fd3-d456cd32cf1f
2026-05-03 12:53:00,965 [INFO] aibuildx.material_classifier: Optimal material selected: Q460 for entity a2a85fe2-bf14-4498-a3e2-b9990cccd6fd
2026-05-03 12:53:00,965 [INFO] aibuildx.material_classifier: Optimal material selected: Q460 for entity 8c0a4212-61c9-48c0-aac7-c41bcb9761fa
2026-05-03 12:53:00,965 [INFO] aibuildx.material_classifier: Optimal material selected: Q460 for entity f153d178-7e60-41b1-817d-2d31c7b7db2b
2026-05-03 12:53:00,965 [INFO] aibuildx.material_classifier: Optimal material selected: Q460 for entity f903a49a-ce0a-47ea-8547-3e89bcb3868f
2026-05-03 12:53:00,965 [INFO] aibuildx.material_classifier: Optimal material selected: Q460 for entity ac3843f4-a562-4d99-bd0b-9a72ac475058
2026-05-03 12:53:00,965 [INFO] aibuildx.material_classifier: Optimal material selected: Q460 for entity 7c343b53-8dce-4fff-bb9e-72a11937e3e6
2026-05-03 12:53:00,965 [INFO] aibuildx.material_classifier: Optimal material selected: Q460 for entity cfd0424a-faf3-4322-986a-9e76fe9706e8
2026-05-03 12:53:00,965 [INFO] aibuildx.material_classifier: Optimal material selected: Q460 for entity 34c6ad8a-09bc-4edb-9d8d-09eaf10a83ed
2026-05-03 12:53:00,965 [INFO] aibuildx.material_classifier: Optimal material selected: Q460 for entity 35702100-b976-4a99-a21a-bcaeb88a906b
2026-05-03 12:53:00,965 [INFO] aibuildx.material_classifier: Optimal material selected: Q460 for entity ea166101-8a1b-4fd3-9a86-a959882cf430
2026-05-03 12:53:00,965 [INFO] aibuildx.material_classifier: Optimal material selected: Q460 for entity 3e6d8a57-3622-4574-9d57-310bca769046
2026-05-03 12:53:00,965 [INFO] aibuildx.material_classifier: Optimal material selected: Q460 for entity ec509430-a9b0-4603-a272-08381e210b59
2026-05-03 12:53:00,965 [INFO] aibuildx.material_classifier: Optimal material selected: Q460 for entity 5bb5e7ef-d0a4-4114-90f5-7563c9bd7089
2026-05-03 12:53:00,965 [INFO] aibuildx.material_classifier: Optimal material selected: Q460 for entity ec33eb1f-f337-430e-85d7-9e741acde399
2026-05-03 12:53:00,966 [INFO] aibuildx.material_classifier: Optimal material selected: Q460 for entity 1c1fbc4e-d2e0-4dbc-a8e1-b843b3eb98ef
2026-05-03 12:53:00,966 [INFO] aibuildx.material_classifier: Optimal material selected: ASTM A992 for entity 35160657-3751-47ee-87d8-f3fe1c417f93
2026-05-03 12:53:00,966 [INFO] aibuildx.material_classifier: Optimal material selected: ASTM A992 for entity 21eacf58-01e5-439c-8272-725ad0760198
2026-05-03 12:53:00,966 [INFO] aibuildx.material_classifier: Optimal material selected: ASTM A992 for entity 73b4ac36-35a6-43bf-8e14-b74d9604d8df
2026-05-03 12:53:00,966 [INFO] aibuildx.material_classifier: Optimal material selected: ASTM A992 for entity 8f88b183-899f-4234-b24e-db4cef763629
2026-05-03 12:53:00,966 [INFO] aibuildx.material_classifier: Optimal material selected: ASTM A992 for entity 7d5543e6-2dd2-438f-a4a5-7914bcb461b8
2026-05-03 12:53:00,966 [INFO] aibuildx.material_classifier: Optimal material selected: ASTM A992 for entity 54d0e7de-a7fa-4076-b341-92752545007c
2026-05-03 12:53:00,966 [INFO] aibuildx.material_classifier: Optimal material selected: ASTM A992 for entity a5a2a811-3ec1-4bd4-a4cd-dabb441a23e8
2026-05-03 12:53:00,966 [INFO] aibuildx.material_classifier: Optimal material selected: ASTM A992 for entity 56898485-08b3-410f-a861-b430889a3b40
2026-05-03 12:53:00,966 [INFO] aibuildx.material_classifier: Optimal material selected: ASTM A992 for entity e4c67283-f0f5-43ad-b94a-48218f93aee6
2026-05-03 12:53:00,966 [INFO] aibuildx.material_classifier: Optimal material selected: ASTM A992 for entity b3f5835f-5d46-4e84-ad72-f6a7a0d35d2f
2026-05-03 12:53:00,966 [INFO] aibuildx.material_classifier: Optimal material selected: ASTM A992 for entity 7836cbcf-57e4-4a4d-b58e-8e27c94752ce
2026-05-03 12:53:00,966 [INFO] aibuildx.material_classifier: Optimal material selected: ASTM A992 for entity 7641af5a-861d-42ff-9fdf-efd2c59914b6
2026-05-03 12:53:00,966 [INFO] aibuildx.material_classifier: Optimal material selected: ASTM A992 for entity 7c711ac6-6610-43bb-9dca-09709ea90bd3
2026-05-03 12:53:00,968 [INFO] aibuildx.material_classifier: Optimal material selected: ASTM A992 for entity c48faf17-7134-475b-9db7-164815e2a8d5
2026-05-03 12:53:00,969 [INFO] aibuildx.material_classifier: Optimal material selected: ASTM A992 for entity 6223e033-ad81-4d31-a920-b592b43188a8
2026-05-03 12:53:00,969 [INFO] aibuildx.material_classifier: Optimal material selected: ASTM A992 for entity 44f33ead-fd59-4499-85a2-57cf1a4af55d
2026-05-03 12:53:00,969 [INFO] aibuildx.material_classifier: Optimal material selected: ASTM A992 for entity a6e78c66-0502-4d08-9b2a-25b63808aa89
2026-05-03 12:53:00,969 [INFO] aibuildx.material_classifier: Optimal material selected: ASTM A992 for entity 4db038b4-eedf-4469-b439-9200912c8127
2026-05-03 12:53:00,969 [INFO] aibuildx.material_classifier: Optimal material selected: ASTM A992 for entity 09554db3-3adc-427c-ae38-50f2508db562
2026-05-03 12:53:00,969 [INFO] aibuildx.material_classifier: Optimal material selected: ASTM A992 for entity fb7b1d2b-1ed5-4187-a2cd-3bb774303a05
2026-05-03 12:53:00,969 [INFO] aibuildx.material_classifier: Optimal material selected: ASTM A992 for entity 70d35ddd-0134-4da8-af04-1cd4f41f3ac8
2026-05-03 12:53:00,969 [INFO] aibuildx.material_classifier: Optimal material selected: ASTM A992 for entity c721c181-0499-484f-810a-2acdc5cef2e8
2026-05-03 12:53:00,969 [INFO] aibuildx.material_classifier: Optimal material selected: ASTM A992 for entity 39a0e6d1-e6d8-40ad-a2a1-762caaa8ff8f
2026-05-03 12:53:00,969 [INFO] aibuildx.material_classifier: Optimal material selected: ASTM A992 for entity fb22c11a-482a-443e-b7bb-05ff6a664454
2026-05-03 12:53:00,969 [INFO] aibuildx.material_classifier: Optimal material selected: ASTM A992 for entity 46d584a3-0986-4470-ba99-b572e4cba6d4
2026-05-03 12:53:00,969 [INFO] aibuildx.material_classifier: Optimal material selected: ASTM A992 for entity f3b625b3-4042-4996-b422-27f3da8f08e8
2026-05-03 12:53:00,969 [INFO] aibuildx.material_classifier: Optimal material selected: ASTM A992 for entity 4de2ccc2-f178-41a6-b67b-13de997ec7f1
2026-05-03 12:53:00,969 [INFO] aibuildx.material_classifier: Optimal material selected: ASTM A992 for entity e06a14b2-da3a-441c-bd58-3a3491f370b0
2026-05-03 12:53:00,969 [INFO] aibuildx.material_classifier: Optimal material selected: ASTM A992 for entity 200da93d-dd92-452e-a1c3-f475985333b4
2026-05-03 12:53:00,969 [INFO] aibuildx.material_classifier: Optimal material selected: ASTM A992 for entity 4c881d16-9b61-42f5-adf3-5f91c8a4c6e8
2026-05-03 12:53:00,969 [INFO] aibuildx.material_classifier: Optimal material selected: ASTM A992 for entity 91eddbac-91a0-470a-9478-cd75d4e26795
2026-05-03 12:53:00,969 [INFO] aibuildx.material_classifier: Optimal material selected: ASTM A992 for entity 26c07f13-efe3-493f-9d46-9519c9ff4c77
2026-05-03 12:53:00,969 [INFO] aibuildx.material_classifier: Optimal material selected: ASTM A992 for entity d759fe58-c319-45c5-8090-34855130f02b
2026-05-03 12:53:00,969 [INFO] aibuildx.material_classifier: Optimal material selected: ASTM A992 for entity 80cfb217-e236-4b18-8a3d-99f4188c262e
2026-05-03 12:53:00,969 [INFO] aibuildx.material_classifier: Optimal material selected: ASTM A992 for entity 8a90246a-2654-4fc0-9f9f-8dae822d9ad3
2026-05-03 12:53:00,969 [INFO] aibuildx.material_classifier: Optimal material selected: ASTM A992 for entity d03990db-e885-4c95-96bb-d5e358584766
2026-05-03 12:53:00,969 [INFO] aibuildx.material_classifier: Optimal material selected: ASTM A992 for entity 005ba21d-9b3e-44b2-89c0-5dd30546eae6
2026-05-03 12:53:00,969 [INFO] aibuildx.material_classifier: Optimal material selected: ASTM A992 for entity f8c42a6b-424a-42ed-9e4f-f82a37a1d20a
2026-05-03 12:53:00,969 [INFO] aibuildx.material_classifier: Optimal material selected: ASTM A992 for entity d1bcb338-1ee5-4d61-a175-5aa0960dc86a
2026-05-03 12:53:00,969 [INFO] aibuildx.material_classifier: Optimal material selected: ASTM A992 for entity 7ededd46-8d38-4dbf-9dcd-d3a4d20740fe
2026-05-03 12:53:00,969 [INFO] aibuildx.material_classifier: Optimal material selected: ASTM A992 for entity 61d53f2c-c6fa-44ad-8da0-5ac9e780088a
2026-05-03 12:53:00,969 [INFO] aibuildx.material_classifier: Optimal material selected: ASTM A992 for entity 0fea7896-66e1-460a-b617-f5fbebe02532
2026-05-03 12:53:00,969 [INFO] aibuildx.material_classifier: Optimal material selected: ASTM A992 for entity 2868beaa-05e8-4877-b42c-d97858794949
2026-05-03 12:53:00,969 [INFO] aibuildx.material_classifier: Optimal material selected: ASTM A992 for entity a44c5386-4da8-48b7-a38a-2babac86ebc9
2026-05-03 12:53:00,969 [INFO] aibuildx.material_classifier: Optimal material selected: ASTM A992 for entity ccfc346e-edc5-4ea9-8d36-b25f131fb4b0
2026-05-03 12:53:00,969 [INFO] aibuildx.material_classifier: Optimal material selected: ASTM A992 for entity 196063e3-5cdb-4a90-8ea9-a21b4bd14ef8
2026-05-03 12:53:00,969 [INFO] aibuildx.material_classifier: Optimal material selected: ASTM A992 for entity dc10e69c-f976-4538-9772-a09044f1685b
2026-05-03 12:53:00,969 [INFO] aibuildx.material_classifier: Optimal material selected: ASTM A992 for entity 71210728-1560-48c4-9f2b-8cf8fcfcbdb5
2026-05-03 12:53:00,969 [INFO] aibuildx.material_classifier: Optimal material selected: ASTM A992 for entity 363f61e7-1907-4d17-a3f3-24d45df3666d
2026-05-03 12:53:00,970 [INFO] aibuildx.material_classifier: Optimal material selected: ASTM A992 for entity 6afe1667-15b3-45c3-ad9e-69a0cd8e32c9
2026-05-03 12:53:00,970 [INFO] aibuildx.material_classifier: Optimal material selected: ASTM A992 for entity b1666974-593c-4034-976f-e0165544d75b
2026-05-03 12:53:00,970 [INFO] aibuildx.material_classifier: Optimal material selected: ASTM A992 for entity 4f833eb0-8454-4060-b0f0-48089eb24002
2026-05-03 12:53:00,970 [INFO] aibuildx.material_classifier: Optimal material selected: ASTM A992 for entity 870de570-3f36-4c3c-8678-6853681f0e3d
2026-05-03 12:53:00,970 [INFO] aibuildx.material_classifier: Optimal material selected: ASTM A992 for entity a633bfed-7af4-44a5-bc6b-8be5abef9f7a
2026-05-03 12:53:00,970 [INFO] aibuildx.material_classifier: Optimal material selected: ASTM A992 for entity 292904cd-9bdb-445d-8590-e302e356431f
2026-05-03 12:53:00,970 [INFO] aibuildx.material_classifier: Optimal material selected: ASTM A992 for entity b9669e55-30b0-4769-958d-0b749e82b859
2026-05-03 12:53:00,970 [INFO] aibuildx.material_classifier: Optimal material selected: ASTM A992 for entity f51a679e-0794-41bc-974f-e8b67196bc36
2026-05-03 12:53:00,970 [INFO] aibuildx.material_classifier: Optimal material selected: ASTM A992 for entity c3ab2508-5252-4b99-b8a1-4a602dc92d9c
2026-05-03 12:53:00,970 [INFO] aibuildx.material_classifier: Optimal material selected: ASTM A992 for entity 10b75b0a-12cd-4fa4-96f3-a17facd337f7
2026-05-03 12:53:00,970 [INFO] aibuildx.material_classifier: Optimal material selected: ASTM A992 for entity 1607328a-17b3-4940-90b7-95773b999512
2026-05-03 12:53:00,970 [INFO] aibuildx.material_classifier: Optimal material selected: ASTM A992 for entity 36cdfa6b-4277-4d28-9039-760e23db10a5
2026-05-03 12:53:00,970 [INFO] aibuildx.material_classifier: Optimal material selected: ASTM A992 for entity ae7edeb5-1968-4691-a07f-4ebbdeb7faa3
2026-05-03 12:53:00,970 [INFO] aibuildx.material_classifier: Optimal material selected: ASTM A992 for entity 07a14559-9655-4e24-b5c3-570c7d59ebca
2026-05-03 12:53:00,970 [INFO] aibuildx.material_classifier: Optimal material selected: ASTM A992 for entity 63090530-8b44-4948-a89a-3511aa148c43
2026-05-03 12:53:00,970 [INFO] aibuildx.material_classifier: Optimal material selected: Q460 for entity 6793539d-9d0f-436d-af19-64b14823e203
2026-05-03 12:53:00,970 [INFO] aibuildx.material_classifier: Optimal material selected: Q460 for entity 1d94942a-0c0e-4ab1-8c21-4ef21ee30585
2026-05-03 12:53:00,970 [INFO] aibuildx.material_classifier: Optimal material selected: Q460 for entity 1be943f7-c12e-4d2e-a891-058f93b6edf1
2026-05-03 12:53:00,970 [INFO] aibuildx.material_classifier: Optimal material selected: Q460 for entity aef58a4e-b1f3-4655-8f0b-776e1fb43f52
2026-05-03 12:53:00,970 [INFO] aibuildx.material_classifier: Optimal material selected: Q460 for entity caa2bffe-ae45-4f67-9406-69d62212119e
2026-05-03 12:53:00,970 [INFO] aibuildx.material_classifier: Optimal material selected: Q460 for entity f8765eec-bac4-4efc-9524-f417d2de6e64
2026-05-03 12:53:00,970 [INFO] aibuildx.material_classifier: Optimal material selected: Q460 for entity e820ead5-18ef-4798-a7ff-2885e0fad7f8
2026-05-03 12:53:00,970 [INFO] aibuildx.material_classifier: Optimal material selected: Q460 for entity 0dbc1947-34fb-42dc-ab6a-6c2fdb21bdec
2026-05-03 12:53:00,970 [INFO] aibuildx.material_classifier: Optimal material selected: Q460 for entity f98999fc-b290-429b-bf41-2056bc7e10e1
2026-05-03 12:53:00,970 [INFO] aibuildx.material_classifier: Optimal material selected: Q460 for entity 80c00c4b-5511-4130-9f38-ca1cb0655573
2026-05-03 12:53:00,970 [INFO] aibuildx.material_classifier: Optimal material selected: Q460 for entity 7bb5bc37-3c9b-4c11-8da6-af2a77f88a89
2026-05-03 12:53:00,970 [INFO] aibuildx.material_classifier: Optimal material selected: Q460 for entity 77e9c1f6-1e74-4f5c-ae35-76a7ed1a3a66
2026-05-03 12:53:00,970 [INFO] aibuildx.material_classifier: Optimal material selected: Q460 for entity be7dfe1b-d2c7-43e5-9ff9-1b0268c001b1
2026-05-03 12:53:00,970 [INFO] aibuildx.material_classifier: Optimal material selected: Q460 for entity 8803ff16-da84-4978-a8cd-5c467cd3ab06
2026-05-03 12:53:00,970 [INFO] aibuildx.material_classifier: Optimal material selected: Q460 for entity 5469def6-ad0b-4202-bbc2-e7dc9039b7aa
2026-05-03 12:53:00,970 [INFO] aibuildx.material_classifier: Optimal material selected: Q460 for entity 0700634a-e434-450e-86c8-6a7615b3f2b8
2026-05-03 12:53:00,970 [INFO] aibuildx.material_classifier: Optimal material selected: Q460 for entity 1f7d2f65-a401-449f-a756-9cfce7bad0a6
2026-05-03 12:53:00,970 [INFO] aibuildx.material_classifier: Optimal material selected: Q460 for entity 0bc246d6-0b2e-499a-b957-87e8c1a72238
2026-05-03 12:53:00,970 [INFO] aibuildx.material_classifier: Optimal material selected: Q460 for entity 3dc4c825-0b56-49b7-920e-fa79d9212104
2026-05-03 12:53:00,970 [INFO] aibuildx.material_classifier: Optimal material selected: Q460 for entity 3281dcb7-05d5-4662-8fa7-c150bebc0920
2026-05-03 12:53:00,970 [INFO] aibuildx.material_classifier: Optimal material selected: Q460 for entity c879128a-af0a-4ea3-8430-ad748c73f26f
2026-05-03 12:53:00,970 [INFO] aibuildx.material_classifier: Optimal material selected: Q460 for entity 7aa72bf3-5df4-4ec2-b64f-724109d757ab
2026-05-03 12:53:00,970 [INFO] aibuildx.material_classifier: Optimal material selected: Q460 for entity 36975794-cb81-4422-9688-06fc1c30bf5b
2026-05-03 12:53:00,970 [INFO] aibuildx.material_classifier: Optimal material selected: Q460 for entity 4abd70fe-445c-451d-a8c4-869cec38218f
2026-05-03 12:53:00,970 [INFO] aibuildx.material_classifier: Optimal material selected: Q460 for entity 4910f265-fc34-49c6-aada-d7680524f48f
2026-05-03 12:53:00,970 [INFO] aibuildx.material_classifier: Optimal material selected: Q460 for entity 777b50e7-eb36-444f-9d82-395a1cc98e94
2026-05-03 12:53:00,970 [INFO] aibuildx.material_classifier: Optimal material selected: Q460 for entity 150b03f6-1e85-4515-a93f-a4304af52d20
2026-05-03 12:53:00,970 [INFO] aibuildx.material_classifier: Optimal material selected: Q460 for entity 50f34b95-ecb8-4e80-9c89-2053b0d8ad60
2026-05-03 12:53:00,970 [INFO] aibuildx.material_classifier: Optimal material selected: Q460 for entity 7dc719be-d30a-446f-8e5f-650203da1a56
2026-05-03 12:53:00,970 [INFO] aibuildx.material_classifier: Optimal material selected: Q460 for entity a9014a4f-1662-4daa-96c8-560f08ef2e7f
2026-05-03 12:53:00,971 [INFO] aibuildx.material_classifier: Optimal material selected: Q460 for entity 7a043efc-9170-44c4-907d-f0dfeecf841b
2026-05-03 12:53:00,971 [INFO] aibuildx.material_classifier: Optimal material selected: Q460 for entity e213fb4a-9a80-4e9e-8ca9-da14bf30de5d
2026-05-03 12:53:00,971 [INFO] aibuildx.material_classifier: Optimal material selected: Q460 for entity f0cbfee6-ee52-4a56-a495-a796132832f7
2026-05-03 12:53:00,971 [INFO] aibuildx.material_classifier: Optimal material selected: Q460 for entity a66c4751-8937-45d1-aabe-0315626a6756
2026-05-03 12:53:00,971 [INFO] aibuildx.material_classifier: Optimal material selected: Q460 for entity cf50304e-77c4-44a3-9d90-283caef62f91
2026-05-03 12:53:00,971 [INFO] aibuildx.material_classifier: Optimal material selected: Q460 for entity 70e35eda-5f0f-43c5-8279-a2385908f6f4
2026-05-03 12:53:00,971 [INFO] aibuildx.material_classifier: Optimal material selected: Q460 for entity 80319265-9172-44f7-8332-21a79157ab1f
2026-05-03 12:53:00,971 [INFO] aibuildx.material_classifier: Optimal material selected: Q460 for entity d7cdae5a-397f-4ce9-a09b-35b6109cbb90
2026-05-03 12:53:00,971 [INFO] aibuildx.material_classifier: Optimal material selected: Q460 for entity ec68f2dd-0598-4ca2-ada3-1a7f3eea82d4
2026-05-03 12:53:00,971 [INFO] aibuildx.material_classifier: Optimal material selected: Q460 for entity 3c8860f0-ad55-4855-bd2c-885fbbafb94f
2026-05-03 12:53:00,971 [INFO] aibuildx.material_classifier: Optimal material selected: Q460 for entity 2c058e47-f813-43a5-8c08-ef5c7f47a09a
2026-05-03 12:53:00,971 [INFO] aibuildx.material_classifier: Optimal material selected: Q460 for entity 873276a6-0b6c-4345-a259-0c8dee8cfd34
2026-05-03 12:53:00,971 [INFO] aibuildx.material_classifier: Optimal material selected: Q460 for entity 62d8772c-1b0b-4098-a554-00750f03c960
2026-05-03 12:53:00,971 [INFO] aibuildx.material_classifier: Optimal material selected: Q460 for entity 5fdada45-0db3-4f37-9659-f73cd5206f4d
2026-05-03 12:53:00,971 [INFO] aibuildx.material_classifier: Optimal material selected: Q460 for entity ded2f66c-a50d-4cee-b19e-7065639f02b5
2026-05-03 12:53:00,971 [INFO] aibuildx.material_classifier: Optimal material selected: Q460 for entity 5bce7c79-f6c6-45bc-a3fc-c935f6efcec2
2026-05-03 12:53:00,971 [INFO] aibuildx.material_classifier: Optimal material selected: Q460 for entity 70b5da54-38b1-4826-8594-b34346f1c28c
2026-05-03 12:53:00,971 [INFO] aibuildx.material_classifier: Optimal material selected: Q460 for entity e0875ef3-00b2-4531-8321-22049ecfe2c3
2026-05-03 12:53:00,971 [INFO] aibuildx.material_classifier: Optimal material selected: Q460 for entity 45fdaa0d-2f8b-4f64-a714-6899bdee3bdf
2026-05-03 12:53:00,971 [INFO] aibuildx.material_classifier: Optimal material selected: Q460 for entity 612ccd2c-9bd5-47ca-8ee6-5a8c497ba8f6
2026-05-03 12:53:00,971 [INFO] aibuildx.material_classifier: Optimal material selected: Q460 for entity 70cc70b1-ae77-46df-b343-330ccf2a81e2
2026-05-03 12:53:00,971 [INFO] aibuildx.material_classifier: Optimal material selected: Q460 for entity 54c00667-94fa-492b-b11e-3e96b2aded8f
2026-05-03 12:53:00,971 [INFO] aibuildx.material_classifier: Optimal material selected: Q460 for entity 3dadc394-e79d-4fe8-9189-66ad42f32095
2026-05-03 12:53:00,971 [INFO] aibuildx.material_classifier: Optimal material selected: Q460 for entity 90b05de3-add8-4891-85fe-8209909da00c
2026-05-03 12:53:00,971 [INFO] aibuildx.material_classifier: Optimal material selected: Q460 for entity a872d29a-875a-43a0-84bb-934ad4df8b55
2026-05-03 12:53:00,971 [INFO] aibuildx.material_classifier: Optimal material selected: Q460 for entity 8c4df8f4-fbf5-4fc0-b5a9-4b96e8ef0848
2026-05-03 12:53:00,971 [INFO] aibuildx.material_classifier: Optimal material selected: Q460 for entity 86433c59-bd6d-4aed-86d1-5fa571f2f4fb
2026-05-03 12:53:00,971 [INFO] aibuildx.material_classifier: Optimal material selected: Q460 for entity 8c3fe823-d1f9-4ef7-9df4-3c894fe868f0
2026-05-03 12:53:00,971 [INFO] aibuildx.material_classifier: Optimal material selected: Q460 for entity 170b5328-07d8-472e-906d-0d91bbba02b3
2026-05-03 12:53:00,971 [INFO] aibuildx.material_classifier: Optimal material selected: Q460 for entity 50944eb4-f0da-49f7-afca-027a1d255ecc
2026-05-03 12:53:00,971 [INFO] aibuildx.material_classifier: Optimal material selected: Q460 for entity 15e53d6c-6130-4c08-8aac-8e13fbd3946d
2026-05-03 12:53:00,971 [INFO] aibuildx.material_classifier: Optimal material selected: Q460 for entity 4098d55c-27a9-4d0e-92ba-b1f2597611f8
2026-05-03 12:53:00,971 [INFO] aibuildx.material_classifier: Optimal material selected: Q460 for entity 4a761943-42c2-4c17-a173-cbae6b4ff8f0
2026-05-03 12:53:00,971 [INFO] aibuildx.material_classifier: Optimal material selected: Q460 for entity 22783746-1779-4065-b5b8-ac8afa27b528
2026-05-03 12:53:00,971 [INFO] aibuildx.material_classifier: Optimal material selected: Q460 for entity 4b707877-7132-4579-8827-f31545e97aba
2026-05-03 12:53:00,971 [INFO] aibuildx.material_classifier: Optimal material selected: Q460 for entity 43760200-fe52-40e6-b5d3-125886f52e5b
2026-05-03 12:53:00,971 [INFO] aibuildx.material_classifier: Optimal material selected: Q460 for entity 0283b212-9d6e-4131-a4e5-b6acadb59454
2026-05-03 12:53:00,971 [INFO] aibuildx.material_classifier: Optimal material selected: Q460 for entity ef7dbaee-9213-4aed-b914-afcd647e6542
2026-05-03 12:53:00,971 [INFO] aibuildx.material_classifier: Optimal material selected: Q460 for entity 993155ce-0355-4da2-b843-7539d6e2794c
2026-05-03 12:53:00,971 [INFO] aibuildx.material_classifier: Optimal material selected: Q460 for entity 973c715e-07d6-47af-aca6-5aca6dd5dc75
2026-05-03 12:53:00,971 [INFO] aibuildx.material_classifier: Optimal material selected: Q460 for entity 7dfe3275-0eec-4fd4-8640-221d4ed85ae7
2026-05-03 12:53:00,971 [INFO] aibuildx.material_classifier: Optimal material selected: Q460 for entity aabac379-e8b1-45d1-a07b-e3ab75411531
2026-05-03 12:53:00,971 [INFO] aibuildx.material_classifier: Optimal material selected: Q460 for entity d1408441-8905-4855-b766-b1a106b61087
2026-05-03 12:53:00,971 [INFO] aibuildx.material_classifier: Optimal material selected: Q460 for entity 81485e97-ffa9-4213-aabb-3190a830fd35
2026-05-03 12:53:00,971 [INFO] aibuildx.material_classifier: Optimal material selected: Q460 for entity 99ffa2ef-80a2-4248-8404-e216d41f461b
2026-05-03 12:53:00,972 [INFO] aibuildx.material_classifier: Optimal material selected: Q460 for entity 0f5c6f33-5ab6-4366-80cd-6fb6cc29a9a8
2026-05-03 12:53:00,972 [INFO] aibuildx.material_classifier: Optimal material selected: Q460 for entity c51ddc68-50ed-4b8e-b125-9f9f397958b3
2026-05-03 12:53:00,972 [INFO] aibuildx.material_classifier: Optimal material selected: Q460 for entity 390165c3-8c5e-4ce5-84ad-09848d5a594f
2026-05-03 12:53:00,972 [INFO] aibuildx.material_classifier: Optimal material selected: Q460 for entity 00c7c879-2511-4410-af21-5fbd7eb5ad86
2026-05-03 12:53:00,972 [INFO] aibuildx.material_classifier: Optimal material selected: Q460 for entity 26da7402-4bd0-4b88-94b9-6f9136e32622
2026-05-03 12:53:00,972 [INFO] aibuildx.material_classifier: Optimal material selected: Q460 for entity 07b59a06-da8c-4dba-9068-302a05a3a00f
2026-05-03 12:53:00,972 [INFO] aibuildx.material_classifier: Optimal material selected: Q460 for entity 4215bc83-3594-4f91-b661-4babdce39fba
2026-05-03 12:53:00,972 [INFO] aibuildx.material_classifier: Optimal material selected: Q460 for entity 8d9904f9-a68b-4e93-bbb6-bd0b1b6f7262
2026-05-03 12:53:00,972 [INFO] aibuildx.material_classifier: Optimal material selected: Q460 for entity c1dbb319-7a94-4ea6-87e9-2ea7f35ad349
2026-05-03 12:53:00,972 [INFO] aibuildx.material_classifier: Optimal material selected: Q460 for entity 65a740e0-3ce5-4b49-b1c1-cd2039c4269f
2026-05-03 12:53:00,972 [INFO] aibuildx.material_classifier: Optimal material selected: Q460 for entity 8fe8cfde-20e7-4b0a-a72e-42a4ad54d350
2026-05-03 12:53:00,972 [INFO] aibuildx.material_classifier: Optimal material selected: Q460 for entity 532744d8-6656-4eaa-8a0d-d17b3bac182b
2026-05-03 12:53:00,972 [INFO] aibuildx.material_classifier: Optimal material selected: Q460 for entity e1e60cc4-aa78-4cbc-be6d-7822660a5261
2026-05-03 12:53:00,972 [INFO] aibuildx.material_classifier: Optimal material selected: Q460 for entity 899a6f6e-a280-41cd-8ac9-bea23468c3e3
2026-05-03 12:53:00,972 [INFO] aibuildx.material_classifier: Optimal material selected: Q460 for entity 0db944cc-72ca-492e-b957-25339c6b11aa
2026-05-03 12:53:00,972 [INFO] aibuildx.material_classifier: Optimal material selected: Q460 for entity d8a3c6e9-f90b-401b-bf8c-76072da56cfc
2026-05-03 12:53:00,972 [INFO] aibuildx.material_classifier: Optimal material selected: Q460 for entity c1207dd0-a380-45e4-980e-c22774fd5045
2026-05-03 12:53:00,972 [INFO] aibuildx.material_classifier: Optimal material selected: Q460 for entity 9a3bf943-0a88-4501-b5ca-bebb782c53cf
2026-05-03 12:53:00,972 [INFO] aibuildx.material_classifier: Optimal material selected: Q460 for entity a4cfd4a3-9d8f-426d-96cc-a03a39bfc3ae
2026-05-03 12:53:00,972 [INFO] aibuildx.material_classifier: Optimal material selected: Q460 for entity 9d901230-c9e9-4532-9dff-56e673bf53f1
2026-05-03 12:53:00,972 [INFO] aibuildx.material_classifier: Optimal material selected: Q460 for entity 5b6702a2-df75-408c-b466-f6175f429ae5
2026-05-03 12:53:00,972 [INFO] aibuildx.material_classifier: Optimal material selected: Q460 for entity 325ba177-b376-47fd-a603-6c4c7da5d578
2026-05-03 12:53:00,972 [INFO] aibuildx.material_classifier: Optimal material selected: Q460 for entity 2f382796-4dfa-414f-ac74-f254014179f0
2026-05-03 12:53:00,972 [INFO] aibuildx.material_classifier: Optimal material selected: Q460 for entity fbc80bcd-025c-4a80-acb1-73acc5a6037d
2026-05-03 12:53:00,972 [INFO] aibuildx.material_classifier: Optimal material selected: Q460 for entity 78ab74f8-c41d-461f-84c8-e4660dd1109c
2026-05-03 12:53:00,972 [INFO] aibuildx.material_classifier: Optimal material selected: Q460 for entity e49b687d-a46e-4c18-b4f8-aca77642c4d8
2026-05-03 12:53:00,972 [INFO] aibuildx.material_classifier: Optimal material selected: Q460 for entity 5b68c5ab-133d-4f79-8e4b-52158990d07d
2026-05-03 12:53:00,972 [INFO] aibuildx.material_classifier: Optimal material selected: Q460 for entity 2721bcf9-d884-486c-a275-00f23d256248
2026-05-03 12:53:00,972 [INFO] aibuildx.material_classifier: Optimal material selected: Q460 for entity 12330921-02d9-4f01-b23c-1eee16c8e825
2026-05-03 12:53:00,972 [INFO] aibuildx.material_classifier: Optimal material selected: Q460 for entity d63accbb-66f4-49b0-994a-70018ee3227f
2026-05-03 12:53:00,972 [INFO] aibuildx.material_classifier: Optimal material selected: Q460 for entity e73b8bfa-89fb-4239-9682-f91125b5b23a
2026-05-03 12:53:00,972 [INFO] aibuildx.material_classifier: Optimal material selected: Q460 for entity 17763be5-3074-465d-b943-e8e702db9871
2026-05-03 12:53:00,972 [INFO] aibuildx.material_classifier: Optimal material selected: Q460 for entity 262a3ab7-2c02-42c4-8f9a-b33d5dd5f4c9
2026-05-03 12:53:00,972 [INFO] aibuildx.material_classifier: Optimal material selected: Q460 for entity 6415a1ba-5033-4b30-85c4-368ca0982dbd
2026-05-03 12:53:00,972 [INFO] aibuildx.material_classifier: Optimal material selected: Q460 for entity 1eed6b7f-dac6-46e6-bc32-ddb2359dc5a3
2026-05-03 12:53:00,972 [INFO] aibuildx.material_classifier: Optimal material selected: Q460 for entity ff4f597c-3f9e-4f3c-bc41-7948ac707097
2026-05-03 12:53:00,972 [INFO] aibuildx.material_classifier: Optimal material selected: Q460 for entity 9f770f71-83f5-48d6-8cd3-7fec84ce8655
2026-05-03 12:53:00,972 [INFO] aibuildx.material_classifier: Optimal material selected: Q460 for entity 03ed2c24-ad05-4b2d-a902-e1ba024336c7
2026-05-03 12:53:00,972 [INFO] aibuildx.material_classifier: Optimal material selected: Q460 for entity 3f9333c4-7c85-4694-99f8-eadd2ef58e1d
2026-05-03 12:53:00,972 [INFO] aibuildx.material_classifier: Optimal material selected: Q460 for entity bdb65070-6046-4c9d-b030-bb4bf2858c27
2026-05-03 12:53:00,973 [INFO] aibuildx.material_classifier: Optimal material selected: Q460 for entity 02c46b73-bfee-4fbf-8860-3d24a4dc2f9d
2026-05-03 12:53:00,973 [INFO] aibuildx.material_classifier: Optimal material selected: Q460 for entity 532de977-ce90-4160-a5ca-6a99e7004d92
2026-05-03 12:53:00,973 [INFO] aibuildx.material_classifier: Optimal material selected: Q460 for entity f1e9e220-0042-4f76-b239-b77c89f10173
2026-05-03 12:53:00,973 [INFO] aibuildx.material_classifier: Optimal material selected: Q460 for entity 07a12586-81d2-41fb-a7ce-c56429aa7ccd
2026-05-03 12:53:00,973 [INFO] aibuildx.material_classifier: Optimal material selected: Q460 for entity c165b1cd-4500-4523-ac01-e4422786700f
2026-05-03 12:53:00,973 [INFO] aibuildx.material_classifier: Optimal material selected: Q460 for entity d369d19b-b2dc-41c8-9bf5-74d57ac1b224
2026-05-03 12:53:00,973 [INFO] aibuildx.material_classifier: Optimal material selected: Q460 for entity 55bc276a-a21c-49ed-97c6-1a7a7804faeb
2026-05-03 12:53:00,973 [INFO] aibuildx.material_classifier: Optimal material selected: Q460 for entity 7a0b70f0-733c-4285-9577-eedf3682774b
2026-05-03 12:53:00,973 [INFO] aibuildx.material_classifier: Optimal material selected: Q460 for entity 4db9f3a2-2878-4239-aa2e-089532ed5cc0
2026-05-03 12:53:00,973 [INFO] aibuildx.material_classifier: Optimal material selected: Q460 for entity 411b3709-bc95-4cae-bcc0-ddabed1f9047
2026-05-03 12:53:00,973 [INFO] aibuildx.material_classifier: Optimal material selected: Q460 for entity 44003857-216b-4f06-aecd-6a57db72d07b
2026-05-03 12:53:00,973 [INFO] aibuildx.material_classifier: Optimal material selected: Q460 for entity 0b7d534e-b7b1-4ede-9117-03e9af5e4b0a
2026-05-03 12:53:00,973 [INFO] aibuildx.material_classifier: Optimal material selected: Q460 for entity 2bfdbdc1-48e8-4d3b-b316-9443e99dcab1
2026-05-03 12:53:00,973 [INFO] aibuildx.material_classifier: Optimal material selected: Q460 for entity 9b1a55a7-88ff-44f1-9532-7c209b747368
2026-05-03 12:53:00,973 [INFO] aibuildx.material_classifier: Optimal material selected: Q460 for entity d8b3a4af-c354-4c0b-a81e-6065588d6189
2026-05-03 12:53:00,973 [INFO] aibuildx.material_classifier: Optimal material selected: Q460 for entity 4e4d6927-7686-4c9f-adc1-6d81d9760db0
2026-05-03 12:53:00,973 [INFO] aibuildx.material_classifier: Optimal material selected: Q460 for entity 90cbb880-8cb7-4bfa-8f45-eab89bb0594e
2026-05-03 12:53:00,973 [INFO] aibuildx.material_classifier: Optimal material selected: Q460 for entity 72a5436f-6ed2-4d96-9516-b10d9b91c8fa
2026-05-03 12:53:00,973 [INFO] aibuildx.material_classifier: Optimal material selected: Q460 for entity 144acbe6-3cb8-45c1-9dff-c6d2dc435c88
2026-05-03 12:53:00,973 [INFO] aibuildx.material_classifier: Optimal material selected: Q460 for entity 03671579-8906-49bd-b17d-a26e4d4539aa
2026-05-03 12:53:00,973 [INFO] aibuildx.material_classifier: Optimal material selected: Q460 for entity 21d658c8-c40b-49af-aa5f-19edfc54a5b7
2026-05-03 12:53:00,973 [INFO] aibuildx.material_classifier: Optimal material selected: Q460 for entity d4ba6f1b-cea3-4e7a-aa49-587dad2fc8e3
2026-05-03 12:53:00,973 [INFO] aibuildx.material_classifier: Optimal material selected: Q460 for entity 9755d6e1-4fa4-4a1d-9edd-d28712f90eaf
2026-05-03 12:53:00,973 [INFO] aibuildx.material_classifier: Optimal material selected: Q460 for entity 6423cd5c-8f5b-4f5e-93f9-24c96bb7a844
2026-05-03 12:53:00,973 [INFO] aibuildx.material_classifier: Optimal material selected: Q460 for entity b54ee8b0-879b-40b9-b2a8-3db789d66000
2026-05-03 12:53:00,973 [INFO] aibuildx.material_classifier: Optimal material selected: Q460 for entity b1dfb7c9-b901-4056-a484-7dd361520dc8
2026-05-03 12:53:00,973 [INFO] aibuildx.material_classifier: Optimal material selected: Q460 for entity 943805e4-6544-43e1-9eea-963991c2cd53
2026-05-03 12:53:00,973 [INFO] aibuildx.material_classifier: Optimal material selected: Q460 for entity 2bc98d8b-3b30-4287-9249-a2e45c182cdf
2026-05-03 12:53:00,973 [INFO] aibuildx.material_classifier: Optimal material selected: Q460 for entity 4ec4a8c5-65d2-42e3-b830-60a235423318
2026-05-03 12:53:00,973 [INFO] aibuildx.material_classifier: Optimal material selected: Q460 for entity b01597cc-6c4a-43cc-8ca8-a5afc6e32029
2026-05-03 12:53:00,973 [INFO] aibuildx.material_classifier: Optimal material selected: Q460 for entity 3cde8e76-8b54-4f05-b841-8fdbd5e5c70f
2026-05-03 12:53:00,973 [INFO] aibuildx.material_classifier: Optimal material selected: Q460 for entity 9cbf8356-48c4-4c75-86b4-94923d60e43e
2026-05-03 12:53:00,973 [INFO] aibuildx.material_classifier: Optimal material selected: Q460 for entity d0e949e4-560d-4b61-a5e4-1a9d77b62499
2026-05-03 12:53:00,974 [INFO] aibuildx.material_classifier: Optimal material selected: Q460 for entity b711aef8-ea18-4df4-911d-27e82e318c4b
2026-05-03 12:53:00,974 [INFO] aibuildx.material_classifier: Optimal material selected: Q460 for entity 15901dad-b2a7-4e50-b045-6fe1143ce049
2026-05-03 12:53:00,974 [INFO] aibuildx.material_classifier: Optimal material selected: Q460 for entity 3b8e60e4-2421-4589-833f-5ffa8cf49f66
2026-05-03 12:53:00,974 [INFO] aibuildx.material_classifier: Optimal material selected: Q460 for entity 6d2fbebf-d25c-4671-99d9-1c7bc9350bd8
2026-05-03 12:53:00,974 [INFO] aibuildx.material_classifier: Optimal material selected: Q460 for entity e6da58ff-5806-411a-a5f9-2e5dc2619aa2
2026-05-03 12:53:00,974 [INFO] aibuildx.material_classifier: Optimal material selected: Q460 for entity d9351d19-1176-43b3-bffc-2af8b2e7a6b8
2026-05-03 12:53:00,974 [INFO] aibuildx.material_classifier: Optimal material selected: Q460 for entity c325f167-7f89-41a7-98f0-ba3e6054d658
2026-05-03 12:53:00,974 [INFO] aibuildx.material_classifier: Optimal material selected: Q460 for entity ce15004e-5481-47ba-8873-6a88cb6d176f
2026-05-03 12:53:00,974 [INFO] aibuildx.material_classifier: Optimal material selected: Q460 for entity 86a66fa7-f565-4046-8072-64c8414a172e
2026-05-03 12:53:00,974 [INFO] aibuildx.material_classifier: Optimal material selected: Q460 for entity 2e12f7ba-0e26-4eee-b918-5a2792113a79
2026-05-03 12:53:00,974 [INFO] aibuildx.material_classifier: Optimal material selected: Q460 for entity c7a6eaad-a87f-462f-870d-9cc17badb193
2026-05-03 12:53:00,974 [INFO] aibuildx.material_classifier: Optimal material selected: Q460 for entity aa6f3e92-c020-43ff-8a6a-b3b030fc8a7c
2026-05-03 12:53:00,974 [INFO] aibuildx.material_classifier: Optimal material selected: Q460 for entity 5df380ed-385b-48d2-9ccd-2db84f075e89
2026-05-03 12:53:00,974 [INFO] aibuildx.material_classifier: Optimal material selected: Q460 for entity 70e3b012-5d43-460b-9256-1f349c8ce3b7
2026-05-03 12:53:00,974 [INFO] aibuildx.material_classifier: Optimal material selected: Q460 for entity 80a5c5d8-a215-4402-afe3-d675cc222112
2026-05-03 12:53:00,974 [INFO] aibuildx.material_classifier: Optimal material selected: Q460 for entity 0b533abd-b1ba-40ce-9c92-13a9285503d5
2026-05-03 12:53:00,974 [INFO] aibuildx.material_classifier: Optimal material selected: Q460 for entity f3f92f25-92c6-4dc2-b7fc-6b8f595f645f
2026-05-03 12:53:00,974 [INFO] aibuildx.material_classifier: Optimal material selected: Q460 for entity 871871a6-b378-4d8a-8049-b4ef9e1740e8
2026-05-03 12:53:00,974 [INFO] aibuildx.material_classifier: Optimal material selected: Q460 for entity 2ae20b73-e00f-4287-a53b-e940992d1d10
2026-05-03 12:53:00,974 [INFO] aibuildx.material_classifier: Optimal material selected: Q460 for entity 1a09a711-628c-4101-b6c9-b76128efbd91
2026-05-03 12:53:00,974 [INFO] aibuildx.material_classifier: Optimal material selected: Q460 for entity 70d5d8ad-d5d7-495b-8ab9-45ba7d2581fa
2026-05-03 12:53:00,974 [INFO] aibuildx.material_classifier: Optimal material selected: Q460 for entity cda4b9be-d1e1-4e2c-9a3f-8ed954478a3b
2026-05-03 12:53:00,974 [INFO] aibuildx.material_classifier: Optimal material selected: Q460 for entity ecbf2c49-1fc6-481e-af7c-e8daa251e89b
2026-05-03 12:53:00,974 [INFO] aibuildx.material_classifier: Optimal material selected: Q460 for entity 3bb88c31-3d3b-40ea-ad55-b20e83434483
2026-05-03 12:53:00,974 [INFO] aibuildx.material_classifier: Optimal material selected: Q460 for entity 9f7d48e1-25ef-4526-af8e-402ed6d41145
2026-05-03 12:53:00,974 [INFO] aibuildx.material_classifier: Optimal material selected: Q460 for entity ccfbc26d-91f6-4d04-8a64-135e9b20cb30
2026-05-03 12:53:00,974 [INFO] aibuildx.material_classifier: Optimal material selected: Q460 for entity 44e980f7-1ac8-4709-b304-9b3447d50665
2026-05-03 12:53:00,974 [INFO] aibuildx.material_classifier: Optimal material selected: Q460 for entity 126c6d24-147a-4071-9b08-b457560a4052
2026-05-03 12:53:00,974 [INFO] aibuildx.material_classifier: Optimal material selected: Q460 for entity 5f09d2e3-0933-48e6-92ce-ffc952e84063
2026-05-03 12:53:00,974 [INFO] aibuildx.material_classifier: Optimal material selected: Q460 for entity 375966d3-3725-4649-b0d1-e0c445be4ce1
2026-05-03 12:53:00,974 [INFO] aibuildx.material_classifier: Optimal material selected: Q460 for entity adea520d-84e1-4092-b600-65b6bab870c4
2026-05-03 12:53:00,974 [INFO] aibuildx.material_classifier: Optimal material selected: Q460 for entity 6476b103-43fb-4890-b2fa-6429cc569f6f
2026-05-03 12:53:00,974 [INFO] aibuildx.material_classifier: Optimal material selected: Q460 for entity 5c34a438-7023-44f5-a2cc-8e1c8c4966d0
2026-05-03 12:53:00,974 [INFO] aibuildx.material_classifier: Optimal material selected: Q460 for entity a763c24b-7ff0-4903-aab7-35f6e7b4869f
2026-05-03 12:53:00,974 [INFO] aibuildx.material_classifier: Optimal material selected: Q460 for entity aae1e756-7702-4453-90b2-d380fa23f9f8
2026-05-03 12:53:00,974 [INFO] aibuildx.material_classifier: Optimal material selected: Q460 for entity 156530e5-6805-4fe9-b7de-5c796ac5a4df
2026-05-03 12:53:00,975 [INFO] aibuildx.material_classifier: Optimal material selected: Q460 for entity f43a5ad9-f16c-48c5-9d73-ce4304a1f92a
2026-05-03 12:53:00,975 [INFO] aibuildx.material_classifier: Optimal material selected: Q460 for entity be91173c-4ad6-4288-92b3-2a32f9fe3d67
2026-05-03 12:53:00,975 [INFO] aibuildx.material_classifier: Optimal material selected: Q460 for entity a2494325-f124-44ff-b08c-eff1ba694ab4
2026-05-03 12:53:00,975 [INFO] aibuildx.material_classifier: Optimal material selected: Q460 for entity 9494ebd8-db99-40d4-aef5-c0f5e7cfc744
2026-05-03 12:57:45,014 [INFO] aibuildx.material_classifier: Optimal material selected: ASTM A709 Gr70W for entity test_entity_1
2026-05-03 12:57:45,015 [INFO] aibuildx.material_classifier: Optimal material selected: ASTM A709 Gr70W for entity test_entity_2
2026-05-03 12:57:45,015 [INFO] aibuildx.material_classifier: Optimal material selected: ASTM A992 for entity test_entity_3
2026-05-03 12:58:17,377 [INFO] aibuildx.material_classifier: Optimal material selected: ASTM A709 Gr70W for entity test_entity_1
2026-05-03 12:58:17,377 [INFO] aibuildx.material_classifier: Optimal material selected: ASTM A709 Gr70W for entity test_entity_2
2026-05-03 12:58:17,377 [INFO] aibuildx.material_classifier: Optimal material selected: ASTM A992 for entity test_entity_3
2026-05-03 12:58:25,523 [INFO] aibuildx.material_classifier: Optimal material selected: ASTM A709 Gr70W for entity test_entity_1
2026-05-03 12:58:25,523 [INFO] aibuildx.material_classifier: Optimal material selected: ASTM A709 Gr70W for entity test_entity_2
2026-05-03 12:58:25,523 [INFO] aibuildx.material_classifier: Optimal material selected: ASTM A992 for entity test_entity_3
2026-05-03 13:02:26,586 [INFO] aibuildx.material_classifier: Optimal material selected: ASTM A709 Gr70W for entity test_entity_1
2026-05-03 13:02:26,593 [INFO] aibuildx.material_classifier: Optimal material selected: ASTM A709 Gr70W for entity test_entity_2
2026-05-03 13:02:26,593 [INFO] aibuildx.material_classifier: Optimal material selected: ASTM A992 for entity test_entity_3
2026-05-03 13:07:36,680 [INFO] aibuildx.material_classifier: Optimal material selected: Q460 for entity test_entity_1
2026-05-03 13:07:36,681 [INFO] aibuildx.material_classifier: Optimal material selected: ASTM A709 Gr70W for entity test_entity_2
2026-05-03 13:07:36,681 [INFO] aibuildx.material_classifier: Optimal material selected: ASTM A709 Gr70W for entity test_entity_3
2026-05-03 13:08:18,614 [INFO] aibuildx.material_classifier: Optimal material selected: Q460 for entity test_entity_1
2026-05-03 13:09:02,301 [INFO] aibuildx.material_classifier: Optimal material selected: Q460 for entity test_entity_1
2026-05-03 13:09:02,304 [INFO] aibuildx.material_classifier: Optimal material selected: ASTM A709 Gr70W for entity test_entity_2
2026-05-03 13:09:02,304 [INFO] aibuildx.material_classifier: Optimal material selected: ASTM A709 Gr70W for entity test_entity_3
2026-05-03 13:09:19,281 [INFO] aibuildx.material_classifier: Optimal material selected: Q460 for entity test_entity_1
2026-05-03 13:09:19,281 [INFO] aibuildx.material_classifier: Optimal material selected: ASTM A709 Gr70W for entity test_entity_2
2026-05-03 13:09:19,281 [INFO] aibuildx.material_classifier: Optimal material selected: ASTM A709 Gr70W for entity test_entity_3
2026-05-03 13:11:27,205 [INFO] aibuildx.material_classifier: Optimal material selected: Q460 for entity test_entity_1
2026-05-03 13:11:27,206 [INFO] aibuildx.material_classifier: Optimal material selected: ASTM A913 Gr65 for entity test_entity_2
2026-05-03 13:11:27,206 [INFO] aibuildx.material_classifier: Optimal material selected: ASTM A709 Gr50W for entity test_entity_3
2026-05-04 15:19:53,538 [INFO] aibuildx.material_classifier: Optimal material selected: Q460 for entity 8fdc5f9e-09ef-443b-a21d-8524643eb653
2026-05-04 15:19:53,539 [INFO] aibuildx.material_classifier: Optimal material selected: Q460 for entity be7cc5fb-df4b-4d28-a47c-3ce1d7c2a09e
2026-05-04 15:19:53,539 [INFO] aibuildx.material_classifier: Optimal material selected: Q460 for entity 8eedb44f-93c3-41e5-ae51-69559135f4be
2026-05-04 15:19:53,539 [INFO] aibuildx.material_classifier: Optimal material selected: Q460 for entity d8bbeee3-75ed-4d7e-99db-19daf047ddfd
2026-05-04 15:19:53,539 [INFO] aibuildx.material_classifier: Optimal material selected: Q460 for entity eb0bcc13-2910-482e-8098-4c626f48ebc8
2026-05-04 15:19:53,539 [INFO] aibuildx.material_classifier: Optimal material selected: Q460 for entity 148106d7-fd5d-4dd8-8360-0393be49e7be
2026-05-04 15:19:53,539 [INFO] aibuildx.material_classifier: Optimal material selected: Q460 for entity dc637652-aa3e-41c1-a878-71dca09ea9c6
2026-05-04 15:19:53,539 [INFO] aibuildx.material_classifier: Optimal material selected: Q460 for entity f2d57c68-acc9-4fb1-9e2a-7bf22226bfb4
2026-05-04 15:19:53,539 [INFO] aibuildx.material_classifier: Optimal material selected: Q460 for entity 31f121b7-9c9c-4a80-bb40-95f9c8c7790e
2026-05-04 15:19:53,539 [INFO] aibuildx.material_classifier: Optimal material selected: Q460 for entity 56aa123b-8e1e-4385-a284-c5fbcc224809
2026-05-04 15:19:53,539 [INFO] aibuildx.material_classifier: Optimal material selected: Q460 for entity 887ec8ec-f312-4d0a-89c7-a6040c8b0157
2026-05-04 15:19:53,539 [INFO] aibuildx.material_classifier: Optimal material selected: Q460 for entity f4d3a8dc-72a8-4d7a-8699-a5a24b01d111
2026-05-04 15:19:53,539 [INFO] aibuildx.material_classifier: Optimal material selected: Q460 for entity a69c8f2f-313c-4def-bd29-bce262fcd78f
2026-05-04 15:19:53,539 [INFO] aibuildx.material_classifier: Optimal material selected: Q460 for entity d988e824-573a-4a41-8c2c-f1240b702d5e
2026-05-04 15:19:53,539 [INFO] aibuildx.material_classifier: Optimal material selected: Q460 for entity b2dd0c1d-d706-42e9-a38d-29cbecb4881c
2026-05-04 15:19:53,539 [INFO] aibuildx.material_classifier: Optimal material selected: Q460 for entity 86fddde4-f935-456c-ae58-dc1f5487f902
2026-05-04 15:19:53,539 [INFO] aibuildx.material_classifier: Optimal material selected: Q460 for entity 3de9f0d8-6f2d-4af6-ac75-781d0178093c
2026-05-04 15:19:53,539 [INFO] aibuildx.material_classifier: Optimal material selected: Q460 for entity f0a769e9-ebaf-4a2e-a3a7-54ac834a6ab1
2026-05-04 15:19:53,539 [INFO] aibuildx.material_classifier: Optimal material selected: Q460 for entity 3a6d3ad8-68fb-4507-8752-b7477f69a51b
2026-05-04 15:19:53,539 [INFO] aibuildx.material_classifier: Optimal material selected: Q460 for entity 6a847fbb-ac4c-4ea5-a0b5-87ec6d6a3157
2026-05-04 15:19:53,539 [INFO] aibuildx.material_classifier: Optimal material selected: Q460 for entity c49443fb-5505-445b-a3a9-34ad9b60af91
2026-05-04 15:19:53,539 [INFO] aibuildx.material_classifier: Optimal material selected: Q460 for entity a689ad86-ff8f-486e-a40e-a8ba12599d8d
2026-05-04 15:19:53,539 [INFO] aibuildx.material_classifier: Optimal material selected: Q460 for entity 0b377f91-94d7-473c-9d34-c9577a5952c3
2026-05-04 15:19:53,539 [INFO] aibuildx.material_classifier: Optimal material selected: Q460 for entity 807dc1bf-47fe-4fef-93d6-e4ba12b70753
2026-05-04 15:19:53,539 [INFO] aibuildx.material_classifier: Optimal material selected: Q460 for entity 76f4dc37-f973-4187-9fc1-430281beb3d9
2026-05-04 15:19:53,539 [INFO] aibuildx.material_classifier: Optimal material selected: Q460 for entity 38ca4467-85a4-459f-8a2d-f5458ac64e97
2026-05-04 15:19:53,539 [INFO] aibuildx.material_classifier: Optimal material selected: Q460 for entity 483a1c90-39a3-44cd-81d5-e7932880415b
2026-05-04 15:19:53,539 [INFO] aibuildx.material_classifier: Optimal material selected: Q460 for entity 08e414f4-83ac-4f72-906a-b975c5305a97
2026-05-04 15:19:53,539 [INFO] aibuildx.material_classifier: Optimal material selected: Q460 for entity e5e9e50d-d2cc-4843-bdbf-17b7c7813a9c
2026-05-04 15:19:53,539 [INFO] aibuildx.material_classifier: Optimal material selected: Q460 for entity 63319492-783c-4ca7-80d3-0319bcdd4b30
2026-05-04 15:19:53,539 [INFO] aibuildx.material_classifier: Optimal material selected: Q460 for entity e4682224-021c-4ead-8508-630d54821a99
2026-05-04 15:19:53,539 [INFO] aibuildx.material_classifier: Optimal material selected: Q460 for entity 867b012d-6249-4269-829a-36373c6b78e5
2026-05-04 15:19:53,539 [INFO] aibuildx.material_classifier: Optimal material selected: Q460 for entity 59dee4eb-adae-4608-b361-3c52174a9d0e
2026-05-04 15:19:53,539 [INFO] aibuildx.material_classifier: Optimal material selected: Q460 for entity 9daf3abe-d5ab-4994-a049-50a7144eecd3
2026-05-04 15:19:53,539 [INFO] aibuildx.material_classifier: Optimal material selected: Q460 for entity 6d7414b6-e8e8-47b1-b034-b95c7269c44e
2026-05-04 15:19:53,539 [INFO] aibuildx.material_classifier: Optimal material selected: Q460 for entity 3e739038-2b56-41e6-858a-9bec38d3d6f3
2026-05-04 15:19:53,539 [INFO] aibuildx.material_classifier: Optimal material selected: Q460 for entity 3527ed85-f655-44dd-bb16-b41e341f2dfc
2026-05-04 15:19:53,539 [INFO] aibuildx.material_classifier: Optimal material selected: Q460 for entity 512b3ee6-4d82-46c1-af3c-7955b2bc4654
2026-05-04 15:19:53,539 [INFO] aibuildx.material_classifier: Optimal material selected: Q460 for entity f991a77d-4573-4ad1-a07e-7d3a64f15bb3
2026-05-04 15:19:53,540 [INFO] aibuildx.material_classifier: Optimal material selected: Q460 for entity eedd62f0-c3f8-4497-9884-e175609eec08
2026-05-04 15:19:53,540 [INFO] aibuildx.material_classifier: Optimal material selected: Q460 for entity e1986ec5-9879-413e-a087-f674f520d3e9
2026-05-04 15:19:53,540 [INFO] aibuildx.material_classifier: Optimal material selected: Q460 for entity b1115f88-9a5a-4c3c-8196-f0eae6d8d280
2026-05-04 15:19:53,540 [INFO] aibuildx.material_classifier: Optimal material selected: Q460 for entity 44975dff-f356-4922-988c-3e15b0a62806
2026-05-04 15:19:53,540 [INFO] aibuildx.material_classifier: Optimal material selected: Q460 for entity dcfe68d4-4bd0-44f9-9bd2-e78dd493b881
2026-05-04 15:19:53,540 [INFO] aibuildx.material_classifier: Optimal material selected: Q460 for entity 821f46ef-8acd-45c1-9874-5b50caf3cc0f
2026-05-04 15:19:53,540 [INFO] aibuildx.material_classifier: Optimal material selected: Q460 for entity 14531b9c-68ad-4c17-b90a-5f336d361630
2026-05-04 15:19:53,540 [INFO] aibuildx.material_classifier: Optimal material selected: Q460 for entity c699d6c6-0b6c-45c5-9d03-560ad4ce1c9f
2026-05-04 15:19:53,540 [INFO] aibuildx.material_classifier: Optimal material selected: Q460 for entity ad5ef98d-2155-430a-a054-eb0fba8d0a7e
2026-05-04 15:19:53,540 [INFO] aibuildx.material_classifier: Optimal material selected: Q460 for entity f0bc865c-7635-4cc5-a0ab-adfa35209b1f
2026-05-04 15:19:53,540 [INFO] aibuildx.material_classifier: Optimal material selected: Q460 for entity 67a5264c-878f-4fb8-a05b-f4ee1ac69318
2026-05-04 15:19:53,540 [INFO] aibuildx.material_classifier: Optimal material selected: Q460 for entity c2500282-9243-4986-b1c5-af114425ff60
2026-05-04 15:19:53,540 [INFO] aibuildx.material_classifier: Optimal material selected: Q460 for entity 836be570-0185-4fdf-8d27-145804d157f3
2026-05-04 15:19:53,540 [INFO] aibuildx.material_classifier: Optimal material selected: Q460 for entity 1f3eb1ef-4629-4dbb-9681-8d0402a1b67e
2026-05-04 15:19:53,540 [INFO] aibuildx.material_classifier: Optimal material selected: Q460 for entity caa52b62-cdd4-4df3-af46-50da0a394f11
2026-05-04 15:19:53,540 [INFO] aibuildx.material_classifier: Optimal material selected: Q460 for entity b707af2d-e2d8-4e6d-8ff5-b4edfc9ee6f1
2026-05-04 15:19:53,540 [INFO] aibuildx.material_classifier: Optimal material selected: Q460 for entity 625ad8a7-6c1e-44dc-9a01-a0c9a269f58c
2026-05-04 15:19:53,540 [INFO] aibuildx.material_classifier: Optimal material selected: Q460 for entity 82931e84-c6d1-4246-8115-96797d70a02f
2026-05-04 15:19:53,540 [INFO] aibuildx.material_classifier: Optimal material selected: Q460 for entity 3f509a70-d9dc-4f71-ab44-4fd8e5a9342c
2026-05-04 15:19:53,540 [INFO] aibuildx.material_classifier: Optimal material selected: Q460 for entity 3448b069-8e6f-46a2-95e9-a16b34e72897
2026-05-04 15:19:53,540 [INFO] aibuildx.material_classifier: Optimal material selected: Q460 for entity 318e4f4d-8372-4759-bbb0-29c434d1560d
2026-05-04 15:19:53,540 [INFO] aibuildx.material_classifier: Optimal material selected: Q460 for entity 16c96d19-2636-4c7a-8efb-80d5ec6773a1
2026-05-04 15:19:53,540 [INFO] aibuildx.material_classifier: Optimal material selected: Q460 for entity c702e1c1-3bd4-4f69-81d1-4720e2b273ab
2026-05-04 15:19:53,540 [INFO] aibuildx.material_classifier: Optimal material selected: Q460 for entity b02185c7-4038-4bfc-8124-d648da1a44ae
2026-05-04 15:19:53,540 [INFO] aibuildx.material_classifier: Optimal material selected: Q460 for entity 42abf397-96da-4f86-a668-a3ae43d23965
2026-05-04 15:19:53,540 [INFO] aibuildx.material_classifier: Optimal material selected: Q460 for entity 6a0e8d6a-d5fb-4beb-8907-4405f1dab9db
2026-05-04 15:19:53,540 [INFO] aibuildx.material_classifier: Optimal material selected: Q460 for entity 94e43191-e854-4d52-b513-ac9be517a397
2026-05-04 15:19:53,540 [INFO] aibuildx.material_classifier: Optimal material selected: Q460 for entity 50666d69-5a93-489c-a0b2-f75f9f7fec79
2026-05-04 15:19:53,540 [INFO] aibuildx.material_classifier: Optimal material selected: Q460 for entity b93f8c02-7cc7-46e2-aa7c-8a70506cf11b
2026-05-04 15:19:53,540 [INFO] aibuildx.material_classifier: Optimal material selected: Q460 for entity 46bc40e7-7cc7-4437-824d-0bbae84e808f
2026-05-04 15:19:53,540 [INFO] aibuildx.material_classifier: Optimal material selected: Q460 for entity c763cc07-c243-4435-a07f-ac286fe9d82f
2026-05-04 15:19:53,540 [INFO] aibuildx.material_classifier: Optimal material selected: Q460 for entity c97fe214-5fa5-4ef4-a08d-6a8e78aa2df1
2026-05-04 15:19:53,540 [INFO] aibuildx.material_classifier: Optimal material selected: Q460 for entity df26f4c6-3254-4de9-b3ef-b8b9835002c9
2026-05-04 15:19:53,540 [INFO] aibuildx.material_classifier: Optimal material selected: Q460 for entity ab39114c-65b1-4099-90a2-908b2e3614ca
2026-05-04 15:19:53,540 [INFO] aibuildx.material_classifier: Optimal material selected: Q460 for entity 3f073e3c-2af6-402c-a969-daceaf85b06b
2026-05-04 15:19:53,540 [INFO] aibuildx.material_classifier: Optimal material selected: Q460 for entity b458f23c-a517-4d6c-b3c0-21d0494feaae
2026-05-04 15:19:53,540 [INFO] aibuildx.material_classifier: Optimal material selected: Q460 for entity 26dae27a-7685-4f14-a0b3-5b101e2b9ce5
2026-05-04 15:19:53,540 [INFO] aibuildx.material_classifier: Optimal material selected: Q460 for entity 49c29c6e-bd05-44c3-8597-605b94a214d2
2026-05-04 15:19:53,540 [INFO] aibuildx.material_classifier: Optimal material selected: Q460 for entity 6baf046e-3994-4586-b4f8-2bc67fdfd3b2
2026-05-04 15:19:53,540 [INFO] aibuildx.material_classifier: Optimal material selected: Q460 for entity 7baa6a59-4614-45cf-a8f7-83e504959238
2026-05-04 15:19:53,541 [INFO] aibuildx.material_classifier: Optimal material selected: Q460 for entity 029b4390-8b94-4f48-8424-898aff967d5e
2026-05-04 15:19:53,541 [INFO] aibuildx.material_classifier: Optimal material selected: Q460 for entity 9029d077-6f8d-4edf-adeb-bf2b4446d596
2026-05-04 15:19:53,541 [INFO] aibuildx.material_classifier: Optimal material selected: Q460 for entity edba7b8f-7c29-44cd-857e-99dd85b28247
2026-05-04 15:19:53,541 [INFO] aibuildx.material_classifier: Optimal material selected: Q460 for entity 12f8f7c2-0946-4793-8331-387fc44eec87
2026-05-04 15:19:53,541 [INFO] aibuildx.material_classifier: Optimal material selected: Q460 for entity b40b074c-923f-4308-91b6-90d097df024d
2026-05-04 15:19:53,542 [INFO] aibuildx.material_classifier: Optimal material selected: Q460 for entity 170b5eec-1ec6-48de-b036-abb45f260d08
2026-05-04 15:19:53,542 [INFO] aibuildx.material_classifier: Optimal material selected: Q460 for entity c24f5e89-4b13-4843-8fa5-23f68a7f6ddf
2026-05-04 15:19:53,542 [INFO] aibuildx.material_classifier: Optimal material selected: Q460 for entity 7aba39a0-c91c-4d12-81ee-af95b1c30d6e
2026-05-04 15:19:53,542 [INFO] aibuildx.material_classifier: Optimal material selected: Q460 for entity 7b24ed34-c862-4f68-a3b9-56ba1bd41fb7
2026-05-04 15:19:53,542 [INFO] aibuildx.material_classifier: Optimal material selected: Q460 for entity 9d439576-36d8-47d0-9a8b-0cf12917dc28
2026-05-04 15:19:53,542 [INFO] aibuildx.material_classifier: Optimal material selected: Q460 for entity cfe43a98-feb9-4769-a890-38b0886f2b00
2026-05-04 15:19:53,542 [INFO] aibuildx.material_classifier: Optimal material selected: Q460 for entity ccb8facf-280b-43a8-b089-2678874817f7
2026-05-04 15:19:53,543 [INFO] aibuildx.material_classifier: Optimal material selected: Q460 for entity 53c0c4a4-4491-4354-bece-f93967afdb82
2026-05-04 15:19:53,543 [INFO] aibuildx.material_classifier: Optimal material selected: Q460 for entity f949e876-8f3e-4e18-8fe0-1fd2d77281ee
2026-05-04 15:19:53,543 [INFO] aibuildx.material_classifier: Optimal material selected: Q460 for entity 10207005-92a9-44bc-89e3-7d770b1b2d9f
2026-05-04 15:19:53,543 [INFO] aibuildx.material_classifier: Optimal material selected: Q460 for entity 225d692c-478d-46cc-8159-3664dcfa3da2
2026-05-04 15:19:53,543 [INFO] aibuildx.material_classifier: Optimal material selected: Q460 for entity 04c9b22c-2005-45db-ae9c-f52ac3b523ff
2026-05-04 15:19:53,543 [INFO] aibuildx.material_classifier: Optimal material selected: ASTM A992 for entity 62559043-cecb-4da7-9814-fc9ec69ee865
2026-05-04 15:19:53,543 [INFO] aibuildx.material_classifier: Optimal material selected: ASTM A992 for entity c61a3303-617c-443a-a8f0-fb0f4ca7482d
2026-05-04 15:19:53,543 [INFO] aibuildx.material_classifier: Optimal material selected: ASTM A992 for entity 835876c1-3322-4339-af6e-2807d2c48b0c
2026-05-04 15:19:53,543 [INFO] aibuildx.material_classifier: Optimal material selected: ASTM A992 for entity fce87cc4-c837-4fa6-8b61-c22ce751635b
2026-05-04 15:19:53,543 [INFO] aibuildx.material_classifier: Optimal material selected: ASTM A992 for entity c3a83c6e-d822-40a4-a4ff-9c15857d3c89
2026-05-04 15:19:53,543 [INFO] aibuildx.material_classifier: Optimal material selected: ASTM A992 for entity 74311373-1bad-4059-98e3-13e245992f6a
2026-05-04 15:19:53,543 [INFO] aibuildx.material_classifier: Optimal material selected: ASTM A992 for entity 3738aed5-bc0e-4589-804c-c28b15a84201
2026-05-04 15:19:53,543 [INFO] aibuildx.material_classifier: Optimal material selected: ASTM A992 for entity af3b7e97-d1d7-488a-8017-5e19ba95fb8b
2026-05-04 15:19:53,543 [INFO] aibuildx.material_classifier: Optimal material selected: ASTM A992 for entity f7409a30-a7c7-4df0-b925-8a002971f14a
2026-05-04 15:19:53,544 [INFO] aibuildx.material_classifier: Optimal material selected: ASTM A992 for entity 7a00fbd6-b96d-4885-bad5-d904c128bc01
2026-05-04 15:19:53,544 [INFO] aibuildx.material_classifier: Optimal material selected: ASTM A992 for entity 68f8cb17-5330-4945-840d-90df279b82e4
2026-05-04 15:19:53,544 [INFO] aibuildx.material_classifier: Optimal material selected: ASTM A992 for entity 01faf2de-f6f3-4078-befc-d317603fcece
2026-05-04 15:19:53,544 [INFO] aibuildx.material_classifier: Optimal material selected: ASTM A992 for entity ac55529e-9fda-4d4c-a83b-ea0dacfedf8e
2026-05-04 15:19:53,544 [INFO] aibuildx.material_classifier: Optimal material selected: ASTM A992 for entity 3da9f682-b2f7-49f2-a13d-4553296d0b2e
2026-05-04 15:19:53,544 [INFO] aibuildx.material_classifier: Optimal material selected: ASTM A992 for entity 444f0be2-afc9-433c-ae57-972cc3f1bb83
2026-05-04 15:19:53,544 [INFO] aibuildx.material_classifier: Optimal material selected: ASTM A992 for entity 3c07add4-8332-4e88-b2e0-f0e9b1ed6b62
2026-05-04 15:19:53,544 [INFO] aibuildx.material_classifier: Optimal material selected: ASTM A992 for entity 0372a748-af61-4b8b-a33b-9065eb43f7ad
2026-05-04 15:19:53,544 [INFO] aibuildx.material_classifier: Optimal material selected: ASTM A992 for entity 97ba8bdc-809c-46a3-b77b-24e142e7251b
2026-05-04 15:19:53,544 [INFO] aibuildx.material_classifier: Optimal material selected: ASTM A992 for entity 6e82450f-6ed8-4b16-bff6-cbbfd7e6095c
2026-05-04 15:19:53,544 [INFO] aibuildx.material_classifier: Optimal material selected: ASTM A992 for entity 3ee8f351-fbce-4157-967b-b61780391cf5
2026-05-04 15:19:53,544 [INFO] aibuildx.material_classifier: Optimal material selected: ASTM A992 for entity dfa66b8f-9922-4741-bbee-2ab44ec43942
2026-05-04 15:19:53,544 [INFO] aibuildx.material_classifier: Optimal material selected: ASTM A992 for entity 232e77dd-2f82-4d62-a450-a98256dbdf24
2026-05-04 15:19:53,544 [INFO] aibuildx.material_classifier: Optimal material selected: ASTM A992 for entity 536ce4ac-8c4b-4674-9845-4998f4c802c3
2026-05-04 15:19:53,544 [INFO] aibuildx.material_classifier: Optimal material selected: ASTM A992 for entity 93e7054c-730a-4d7e-98dd-791a781d9bc9
2026-05-04 15:19:53,544 [INFO] aibuildx.material_classifier: Optimal material selected: ASTM A992 for entity 1794fe67-1e49-4031-af2c-161b0183f402
2026-05-04 15:19:53,544 [INFO] aibuildx.material_classifier: Optimal material selected: ASTM A992 for entity c4ff8936-0736-46f1-8135-e20efbcbcdf2
2026-05-04 15:19:53,544 [INFO] aibuildx.material_classifier: Optimal material selected: ASTM A992 for entity 36e116ed-6cc7-4b79-becc-d429bab31c68
2026-05-04 15:19:53,544 [INFO] aibuildx.material_classifier: Optimal material selected: ASTM A992 for entity d04373b2-8eda-4fa6-900e-2ad663f0565e
2026-05-04 15:19:53,544 [INFO] aibuildx.material_classifier: Optimal material selected: ASTM A992 for entity 2519be21-d440-4850-a2f8-e49090b1f670
2026-05-04 15:19:53,544 [INFO] aibuildx.material_classifier: Optimal material selected: ASTM A992 for entity 99477764-e865-4ffd-b1a3-5d6002f15510
2026-05-04 15:19:53,544 [INFO] aibuildx.material_classifier: Optimal material selected: ASTM A992 for entity a2c08cc7-4358-4a98-9f6c-c3ec03616719
2026-05-04 15:19:53,544 [INFO] aibuildx.material_classifier: Optimal material selected: ASTM A992 for entity 3afd7d84-6c25-47a3-baaf-856ed157eca5
2026-05-04 15:19:53,544 [INFO] aibuildx.material_classifier: Optimal material selected: ASTM A992 for entity 7e703f4c-91cb-4300-838b-7c7b3847431d
2026-05-04 15:19:53,544 [INFO] aibuildx.material_classifier: Optimal material selected: ASTM A992 for entity f81f40d8-7596-4ebb-a1fa-8314db72f8e7
2026-05-04 15:19:53,544 [INFO] aibuildx.material_classifier: Optimal material selected: ASTM A992 for entity a1d8b5cd-e826-4fa1-8172-64b9dbf1df97
2026-05-04 15:19:53,544 [INFO] aibuildx.material_classifier: Optimal material selected: ASTM A992 for entity 9b490a2c-a2d2-4cdc-bc82-fc7443664f6f
2026-05-04 15:19:53,545 [INFO] aibuildx.material_classifier: Optimal material selected: ASTM A992 for entity 15808a42-63f3-4430-81c0-af21a61085d1
2026-05-04 15:19:53,545 [INFO] aibuildx.material_classifier: Optimal material selected: ASTM A992 for entity 7102527d-131c-4de0-84e4-253f0fdb0298
2026-05-04 15:19:53,545 [INFO] aibuildx.material_classifier: Optimal material selected: ASTM A992 for entity 8b884f6f-8e9f-4e17-95c0-6b860b6d4adf
2026-05-04 15:19:53,545 [INFO] aibuildx.material_classifier: Optimal material selected: ASTM A992 for entity e05d0d56-2dd8-4d8e-8cf3-30b8d60815cf
2026-05-04 15:19:53,545 [INFO] aibuildx.material_classifier: Optimal material selected: ASTM A992 for entity a683b912-c58b-40af-8486-74c2cd5e0f13
2026-05-04 15:19:53,545 [INFO] aibuildx.material_classifier: Optimal material selected: ASTM A992 for entity 6a6f7a09-e845-4add-9c28-5dc653495854
2026-05-04 15:19:53,545 [INFO] aibuildx.material_classifier: Optimal material selected: ASTM A992 for entity 8fc47d59-df57-43c2-9675-6b87e0d61716
2026-05-04 15:19:53,545 [INFO] aibuildx.material_classifier: Optimal material selected: ASTM A992 for entity 9896ad7a-d50c-4257-9475-8af78615000b
2026-05-04 15:19:53,545 [INFO] aibuildx.material_classifier: Optimal material selected: ASTM A992 for entity e79bc08d-a735-48ea-9e1f-ad7d7a8c21a1
2026-05-04 15:19:53,545 [INFO] aibuildx.material_classifier: Optimal material selected: ASTM A992 for entity c356cf95-1db2-4701-b87f-d1567ab49943
2026-05-04 15:19:53,545 [INFO] aibuildx.material_classifier: Optimal material selected: ASTM A992 for entity c63a0728-abac-46ec-a017-82a2c7f032e3
2026-05-04 15:19:53,545 [INFO] aibuildx.material_classifier: Optimal material selected: ASTM A992 for entity d7108e53-7c5e-4313-be5e-5b69c9ab8663
2026-05-04 15:19:53,545 [INFO] aibuildx.material_classifier: Optimal material selected: ASTM A992 for entity 70c85ddd-c608-4e15-82ed-96914f92e31b
2026-05-04 15:19:53,548 [INFO] aibuildx.material_classifier: Optimal material selected: ASTM A992 for entity 17712e0e-b47a-458a-bc60-7b68d8996d27
2026-05-04 15:19:53,548 [INFO] aibuildx.material_classifier: Optimal material selected: ASTM A992 for entity 3cccc403-e321-40e3-adc8-698dde9ab0b0
2026-05-04 15:19:53,548 [INFO] aibuildx.material_classifier: Optimal material selected: ASTM A992 for entity 78c1b422-a0b4-45a0-bf96-08a8d1d81313
2026-05-04 15:19:53,548 [INFO] aibuildx.material_classifier: Optimal material selected: ASTM A992 for entity 84670c5f-fb55-46ac-bad9-b126eeff8cfb
2026-05-04 15:19:53,549 [INFO] aibuildx.material_classifier: Optimal material selected: ASTM A992 for entity 813b9e9a-b540-48da-adba-931f311b5520
2026-05-04 15:19:53,549 [INFO] aibuildx.material_classifier: Optimal material selected: ASTM A992 for entity 870afee4-77b7-489b-bfdf-14ca3cb6b3f4
2026-05-04 15:19:53,549 [INFO] aibuildx.material_classifier: Optimal material selected: ASTM A992 for entity 81d9d77c-ec1e-4ad4-826d-df60d4ddf452
2026-05-04 15:19:53,549 [INFO] aibuildx.material_classifier: Optimal material selected: ASTM A992 for entity 9a609c35-8f27-49ae-8c4f-85e34f8f39f4
2026-05-04 15:19:53,549 [INFO] aibuildx.material_classifier: Optimal material selected: ASTM A992 for entity 41fe5797-d213-4e47-98ec-8b9606e62d35
2026-05-04 15:19:53,549 [INFO] aibuildx.material_classifier: Optimal material selected: ASTM A992 for entity 882b8545-e41c-4c46-bc3c-209550cb38c8
2026-05-04 15:19:53,549 [INFO] aibuildx.material_classifier: Optimal material selected: ASTM A992 for entity 891c4dfc-ea8e-4a64-9679-2dab51fee350
2026-05-04 15:19:53,549 [INFO] aibuildx.material_classifier: Optimal material selected: ASTM A992 for entity 18978280-a53d-46f3-9c54-cc87e9dd51ef
2026-05-04 15:19:53,549 [INFO] aibuildx.material_classifier: Optimal material selected: ASTM A992 for entity 0165d333-8b51-4a7d-b5b8-ace58671bb77
2026-05-04 15:19:53,549 [INFO] aibuildx.material_classifier: Optimal material selected: ASTM A992 for entity ec13c7f3-cd12-4e53-b08d-26bb9927307d
2026-05-04 15:19:53,549 [INFO] aibuildx.material_classifier: Optimal material selected: ASTM A992 for entity 6098f772-6210-443c-8596-b2806616f0be
2026-05-04 15:19:53,549 [INFO] aibuildx.material_classifier: Optimal material selected: Q460 for entity d91684b1-a234-46cc-8ec7-89cc8a018bf1
2026-05-04 15:19:53,549 [INFO] aibuildx.material_classifier: Optimal material selected: Q460 for entity 8700c28f-ec4b-4d61-8b01-db957b81cb39
2026-05-04 15:19:53,549 [INFO] aibuildx.material_classifier: Optimal material selected: Q460 for entity 0fa2d0a9-548b-4c3a-9ceb-13645c705b05
2026-05-04 15:19:53,549 [INFO] aibuildx.material_classifier: Optimal material selected: Q460 for entity 3d839a2b-e12e-4288-912f-4439b5c40b5d
2026-05-04 15:19:53,549 [INFO] aibuildx.material_classifier: Optimal material selected: Q460 for entity 79c5ba20-cfe5-41b5-916c-8a03ff290e32
2026-05-04 15:19:53,549 [INFO] aibuildx.material_classifier: Optimal material selected: Q460 for entity 59b155c9-7869-472e-b617-f38738c5268b
2026-05-04 15:19:53,549 [INFO] aibuildx.material_classifier: Optimal material selected: Q460 for entity 08d47ab0-179a-4639-b1fd-fde2cb9a23dd
2026-05-04 15:19:53,549 [INFO] aibuildx.material_classifier: Optimal material selected: Q460 for entity 0226055d-6fa0-4b62-a9ff-6d540d6bf12a
2026-05-04 15:19:53,549 [INFO] aibuildx.material_classifier: Optimal material selected: Q460 for entity 379ca10d-9e66-4e3a-828b-aa717aed832e
2026-05-04 15:19:53,549 [INFO] aibuildx.material_classifier: Optimal material selected: Q460 for entity 15d6c043-ccb4-47e7-9e6c-ee6eb83ce89e
2026-05-04 15:19:53,549 [INFO] aibuildx.material_classifier: Optimal material selected: Q460 for entity 51cbaf07-2620-41b6-9897-e3b8749a1600
2026-05-04 15:19:53,550 [INFO] aibuildx.material_classifier: Optimal material selected: Q460 for entity 28fb0f34-04ef-4c54-ac9b-ad2267757461
2026-05-04 15:19:53,550 [INFO] aibuildx.material_classifier: Optimal material selected: Q460 for entity 39def056-94fa-40ce-b08a-209b16a1b6d1
2026-05-04 15:19:53,550 [INFO] aibuildx.material_classifier: Optimal material selected: Q460 for entity a49e87ec-2681-4da7-8f54-6c808041e006
2026-05-04 15:19:53,550 [INFO] aibuildx.material_classifier: Optimal material selected: Q460 for entity 56bb64e6-872a-445e-b5f9-7d8401ae78f6
2026-05-04 15:19:53,550 [INFO] aibuildx.material_classifier: Optimal material selected: Q460 for entity d46b590d-6e3e-4d32-a13e-67c1ce849b08
2026-05-04 15:19:53,550 [INFO] aibuildx.material_classifier: Optimal material selected: Q460 for entity 99beac80-ac34-483c-a126-e260a654556c
2026-05-04 15:19:53,550 [INFO] aibuildx.material_classifier: Optimal material selected: Q460 for entity e8de914e-cc61-48c0-a41e-d1710bfc8b18
2026-05-04 15:19:53,550 [INFO] aibuildx.material_classifier: Optimal material selected: Q460 for entity 01c8c7ca-f4cd-479a-9cc8-e8407674b1dc
2026-05-04 15:19:53,550 [INFO] aibuildx.material_classifier: Optimal material selected: Q460 for entity 0bd107d7-34eb-4e06-b7c1-6b686d3944cd
2026-05-04 15:19:53,550 [INFO] aibuildx.material_classifier: Optimal material selected: Q460 for entity 59a5ac8e-7f39-4af6-abd3-64ebf8be31b9
2026-05-04 15:19:53,550 [INFO] aibuildx.material_classifier: Optimal material selected: Q460 for entity 0b717a8d-ad92-43ec-991a-7b65cb24817d
2026-05-04 15:19:53,550 [INFO] aibuildx.material_classifier: Optimal material selected: Q460 for entity c0bd80ca-a4d0-47b4-8090-9da5ca0e10ca
2026-05-04 15:19:53,550 [INFO] aibuildx.material_classifier: Optimal material selected: Q460 for entity fc23826b-ec9d-49bc-b71d-6aea9efc9e38
2026-05-04 15:19:53,550 [INFO] aibuildx.material_classifier: Optimal material selected: Q460 for entity 63be7e49-04cd-4051-ac58-9791793023b5
2026-05-04 15:19:53,550 [INFO] aibuildx.material_classifier: Optimal material selected: Q460 for entity cc30a356-4100-4ecb-ac1c-7bfc9b9d6e66
2026-05-04 15:19:53,550 [INFO] aibuildx.material_classifier: Optimal material selected: Q460 for entity dee6a49c-6edf-4c85-879d-73024b8fb538
2026-05-04 15:19:53,550 [INFO] aibuildx.material_classifier: Optimal material selected: Q460 for entity eec3488b-6f6e-4862-b9c4-791964e0254f
2026-05-04 15:19:53,550 [INFO] aibuildx.material_classifier: Optimal material selected: Q460 for entity ab228eb9-9c95-4fd8-ab37-320696d0e6b2
2026-05-04 15:19:53,550 [INFO] aibuildx.material_classifier: Optimal material selected: Q460 for entity e0df2f9f-acec-44c8-9322-6995526a8534
2026-05-04 15:19:53,550 [INFO] aibuildx.material_classifier: Optimal material selected: Q460 for entity dfc7bfc3-56fe-4fcd-ae10-85ae02a4e326
2026-05-04 15:19:53,550 [INFO] aibuildx.material_classifier: Optimal material selected: Q460 for entity 355ddb73-34f2-4893-86ef-92b2b8aa5f32
2026-05-04 15:19:53,550 [INFO] aibuildx.material_classifier: Optimal material selected: Q460 for entity 633b7932-f428-409a-8720-4a788155a287
2026-05-04 15:19:53,550 [INFO] aibuildx.material_classifier: Optimal material selected: Q460 for entity 1977faf9-2e51-4dd0-9db1-ad271fa78a77
2026-05-04 15:19:53,550 [INFO] aibuildx.material_classifier: Optimal material selected: Q460 for entity 3c6abf65-e206-4ccb-96ab-490e695cdf82
2026-05-04 15:19:53,550 [INFO] aibuildx.material_classifier: Optimal material selected: Q460 for entity ed880e21-a932-4632-8007-1a4665f2b884
2026-05-04 15:19:53,550 [INFO] aibuildx.material_classifier: Optimal material selected: Q460 for entity 5627aa42-43f3-4024-b5ef-6c902c09983e
2026-05-04 15:19:53,550 [INFO] aibuildx.material_classifier: Optimal material selected: Q460 for entity 9136dd23-5825-4cfd-9a40-e36175b1de55
2026-05-04 15:19:53,550 [INFO] aibuildx.material_classifier: Optimal material selected: Q460 for entity 5d24cdc3-7a2c-4308-89f7-00de607aa194
2026-05-04 15:19:53,551 [INFO] aibuildx.material_classifier: Optimal material selected: Q460 for entity 5612301c-d7d9-4411-a8d9-c7aaf85cdfd7
2026-05-04 15:19:53,551 [INFO] aibuildx.material_classifier: Optimal material selected: Q460 for entity 582e8400-f9dd-4fff-9dfe-9c7874e31221
2026-05-04 15:19:53,551 [INFO] aibuildx.material_classifier: Optimal material selected: Q460 for entity 3a0f33b9-2851-4b7c-84bc-e3f6e1a47ed4
2026-05-04 15:19:53,551 [INFO] aibuildx.material_classifier: Optimal material selected: Q460 for entity 039dc532-e07a-4c30-a946-cdb0846eb863
2026-05-04 15:19:53,551 [INFO] aibuildx.material_classifier: Optimal material selected: Q460 for entity 3412ad65-91e9-4eb3-b121-476612b636b6
2026-05-04 15:19:53,551 [INFO] aibuildx.material_classifier: Optimal material selected: Q460 for entity d2992784-c898-45c0-8597-2b9b21a076fa
2026-05-04 15:19:53,551 [INFO] aibuildx.material_classifier: Optimal material selected: Q460 for entity 9694dbf6-4125-49fa-8b5d-5b08dfa01c20
2026-05-04 15:19:53,551 [INFO] aibuildx.material_classifier: Optimal material selected: Q460 for entity ccbfd740-2d97-4c82-9fcb-60c3e0a67067
2026-05-04 15:19:53,551 [INFO] aibuildx.material_classifier: Optimal material selected: Q460 for entity 97c76b4f-0db5-4c01-aa72-b2ff57eb1f52
2026-05-04 15:19:53,551 [INFO] aibuildx.material_classifier: Optimal material selected: Q460 for entity 9ee1ae55-6cb8-4787-9f70-5b1bacd14d96
2026-05-04 15:19:53,551 [INFO] aibuildx.material_classifier: Optimal material selected: Q460 for entity b8f8ed54-fc7b-4f4b-ab42-5948b7c87c9a
2026-05-04 15:19:53,551 [INFO] aibuildx.material_classifier: Optimal material selected: Q460 for entity 916de455-2c9e-4448-b969-9d3aab9412f7
2026-05-04 15:19:53,551 [INFO] aibuildx.material_classifier: Optimal material selected: Q460 for entity e557d83c-925b-482b-a802-186f10439364
2026-05-04 15:19:53,551 [INFO] aibuildx.material_classifier: Optimal material selected: Q460 for entity acc7cfe0-357c-4405-b834-f4ebb491f41c
2026-05-04 15:19:53,551 [INFO] aibuildx.material_classifier: Optimal material selected: Q460 for entity 069ab1f5-4d45-4e09-8880-0175001ad2f3
2026-05-04 15:19:53,551 [INFO] aibuildx.material_classifier: Optimal material selected: Q460 for entity e25185f1-64b3-4304-a2da-6e72d2785fed
2026-05-04 15:19:53,551 [INFO] aibuildx.material_classifier: Optimal material selected: Q460 for entity cfb56875-5ce2-4376-94ab-1125804ff64a
2026-05-04 15:19:53,551 [INFO] aibuildx.material_classifier: Optimal material selected: Q460 for entity ebc67047-9c9e-4c4d-ad8b-db15c54af1e5
2026-05-04 15:19:53,551 [INFO] aibuildx.material_classifier: Optimal material selected: Q460 for entity 2ca8d0e4-9062-4da4-b7d1-457bc372bb53
2026-05-04 15:19:53,551 [INFO] aibuildx.material_classifier: Optimal material selected: Q460 for entity 52878711-60d6-4178-aba6-18fb64eb8a81
2026-05-04 15:19:53,552 [INFO] aibuildx.material_classifier: Optimal material selected: Q460 for entity cb6a2531-5b07-4275-9a38-d22e3d7453d8
2026-05-04 15:19:53,552 [INFO] aibuildx.material_classifier: Optimal material selected: Q460 for entity b213bfd3-9a80-4841-a41a-5d2d25ea4f12
2026-05-04 15:19:53,552 [INFO] aibuildx.material_classifier: Optimal material selected: Q460 for entity 991776b7-4ae4-4895-9023-365de4c48391
2026-05-04 15:19:53,552 [INFO] aibuildx.material_classifier: Optimal material selected: Q460 for entity 489f9da4-191c-4cdd-9a0a-178608415239
2026-05-04 15:19:53,552 [INFO] aibuildx.material_classifier: Optimal material selected: Q460 for entity d7c06e07-3c17-4e3a-9459-cebd3b83f96b
2026-05-04 15:19:53,552 [INFO] aibuildx.material_classifier: Optimal material selected: Q460 for entity 7beca95c-e8b6-48b7-aa16-b2dcd2eca47e
2026-05-04 15:19:53,552 [INFO] aibuildx.material_classifier: Optimal material selected: Q460 for entity c5127e46-f378-4a88-9282-0d567506d40b
2026-05-04 15:19:53,552 [INFO] aibuildx.material_classifier: Optimal material selected: Q460 for entity 6098fd2b-cdd4-4dd4-b8cc-260831d9a90d
2026-05-04 15:19:53,552 [INFO] aibuildx.material_classifier: Optimal material selected: Q460 for entity 78b5683b-a31d-45f0-b109-38467686b1d3
2026-05-04 15:19:53,552 [INFO] aibuildx.material_classifier: Optimal material selected: Q460 for entity 1a0bd7ef-c5dc-426a-b8f9-e1f1e56c3fab
2026-05-04 15:19:53,552 [INFO] aibuildx.material_classifier: Optimal material selected: Q460 for entity 1d69d50e-b80a-4af9-b27a-5b4af6e93f00
2026-05-04 15:19:53,552 [INFO] aibuildx.material_classifier: Optimal material selected: Q460 for entity e7bd358d-56a1-42bf-ab1b-133e80d2a1c5
2026-05-04 15:19:53,552 [INFO] aibuildx.material_classifier: Optimal material selected: Q460 for entity ce2ecc66-2451-4ca1-8592-e63945c455c2
2026-05-04 15:19:53,552 [INFO] aibuildx.material_classifier: Optimal material selected: Q460 for entity 96d08157-7179-42e4-9156-52138e424558
2026-05-04 15:19:53,552 [INFO] aibuildx.material_classifier: Optimal material selected: Q460 for entity b9451fb4-ef82-4592-b0a3-b7713247eb20
2026-05-04 15:19:53,552 [INFO] aibuildx.material_classifier: Optimal material selected: Q460 for entity cf0a7691-b10c-4b23-9a3b-0ab615edb951
2026-05-04 15:19:53,552 [INFO] aibuildx.material_classifier: Optimal material selected: Q460 for entity 8c255c91-d2d0-46a5-af7d-f8ee0e3c3a5d
2026-05-04 15:19:53,552 [INFO] aibuildx.material_classifier: Optimal material selected: Q460 for entity 9f64c611-1144-412a-8736-132e21fe0fc0
2026-05-04 15:19:53,552 [INFO] aibuildx.material_classifier: Optimal material selected: Q460 for entity 9c495e72-4050-4f6a-ba4c-05f118f08dda
2026-05-04 15:19:53,552 [INFO] aibuildx.material_classifier: Optimal material selected: Q460 for entity 9f267677-f0f5-43fa-afea-fed927fbf7b3
2026-05-04 15:19:53,552 [INFO] aibuildx.material_classifier: Optimal material selected: Q460 for entity 29dd02a7-6f0a-4813-94d3-efd9280dfb77
2026-05-04 15:19:53,552 [INFO] aibuildx.material_classifier: Optimal material selected: Q460 for entity a5a2bf6b-b1c4-4f2f-9441-92d917c4cdf3
2026-05-04 15:19:53,552 [INFO] aibuildx.material_classifier: Optimal material selected: Q460 for entity 1572ed9c-8540-423b-97e6-050120b7bf21
2026-05-04 15:19:53,552 [INFO] aibuildx.material_classifier: Optimal material selected: Q460 for entity 96a64066-f87a-4e93-a525-e2f3cf0ffdeb
2026-05-04 15:19:53,552 [INFO] aibuildx.material_classifier: Optimal material selected: Q460 for entity fa60c77a-5507-4123-bf36-05469b5b638f
2026-05-04 15:19:53,552 [INFO] aibuildx.material_classifier: Optimal material selected: Q460 for entity ddb45efc-9f03-4d4d-8b41-ad613f3e0902
2026-05-04 15:19:53,552 [INFO] aibuildx.material_classifier: Optimal material selected: Q460 for entity 01c7634e-c96f-4735-a78e-028c261fdc42
2026-05-04 15:19:53,552 [INFO] aibuildx.material_classifier: Optimal material selected: Q460 for entity 837bba74-a0ab-4fd1-8488-af34ca7a1325
2026-05-04 15:19:53,552 [INFO] aibuildx.material_classifier: Optimal material selected: Q460 for entity bfec6f44-aea4-4ff6-932a-6e855b8acc57
2026-05-04 15:19:53,553 [INFO] aibuildx.material_classifier: Optimal material selected: Q460 for entity 1b44846d-e775-4b3d-b791-77c18c226efc
2026-05-04 15:19:53,553 [INFO] aibuildx.material_classifier: Optimal material selected: Q460 for entity 3fe435a8-0e53-4ab7-9bb7-82f7686bd8bc
2026-05-04 15:19:53,553 [INFO] aibuildx.material_classifier: Optimal material selected: Q460 for entity 254af096-1081-47b2-87d7-29f269ed66fc
2026-05-04 15:19:53,553 [INFO] aibuildx.material_classifier: Optimal material selected: Q460 for entity f77fc298-3e3a-4681-8434-d9e7400b82ad
2026-05-04 15:19:53,553 [INFO] aibuildx.material_classifier: Optimal material selected: Q460 for entity 918431ff-3390-42ea-9d26-d5dfa61d8e05
2026-05-04 15:19:53,553 [INFO] aibuildx.material_classifier: Optimal material selected: Q460 for entity 3cb1743b-c205-49c6-afd8-80f3d662c372
2026-05-04 15:19:53,553 [INFO] aibuildx.material_classifier: Optimal material selected: Q460 for entity d08d03ef-8d1d-4851-bf24-6ae2913b8d3d
2026-05-04 15:19:53,553 [INFO] aibuildx.material_classifier: Optimal material selected: Q460 for entity b4f44406-58b7-4eb8-9d95-a7fe528e58c4
2026-05-04 15:19:53,553 [INFO] aibuildx.material_classifier: Optimal material selected: Q460 for entity c48a6c40-ba43-4379-b18f-8a9325965c1e
2026-05-04 15:19:53,553 [INFO] aibuildx.material_classifier: Optimal material selected: Q460 for entity 9fb6af02-9f2f-405b-8423-1f22d273a2f3
2026-05-04 15:19:53,553 [INFO] aibuildx.material_classifier: Optimal material selected: Q460 for entity afe0c456-81f8-4892-b13c-7fac2bb0fb7a
2026-05-04 15:19:53,553 [INFO] aibuildx.material_classifier: Optimal material selected: Q460 for entity d5da2607-86e5-44d2-9f6b-79d3dc3a89fe
2026-05-04 15:19:53,553 [INFO] aibuildx.material_classifier: Optimal material selected: Q460 for entity b739a600-032a-4c01-8763-7996d180c769
2026-05-04 15:19:53,553 [INFO] aibuildx.material_classifier: Optimal material selected: Q460 for entity 979ba401-a69b-4583-9ed0-9ce2d2957013
2026-05-04 15:19:53,554 [INFO] aibuildx.material_classifier: Optimal material selected: Q460 for entity 74379226-5920-4f09-a2b9-9abc49421af0
2026-05-04 15:19:53,554 [INFO] aibuildx.material_classifier: Optimal material selected: Q460 for entity e199ba60-24bb-418f-95b7-98cfe2bf08ba
2026-05-04 15:19:53,554 [INFO] aibuildx.material_classifier: Optimal material selected: Q460 for entity 4ece56cd-bc70-422a-b68a-bb7230c2e36e
2026-05-04 15:19:53,554 [INFO] aibuildx.material_classifier: Optimal material selected: Q460 for entity 78324475-7aa3-47b6-ad62-c99663e04e17
2026-05-04 15:19:53,554 [INFO] aibuildx.material_classifier: Optimal material selected: Q460 for entity f40cb5d8-3392-4294-9a88-9139445bc723
2026-05-04 15:19:53,554 [INFO] aibuildx.material_classifier: Optimal material selected: Q460 for entity f3bd9c98-6779-46da-bb0d-278798a85978
2026-05-04 15:19:53,554 [INFO] aibuildx.material_classifier: Optimal material selected: Q460 for entity 7f250a0f-39ed-4410-a176-8cada8c35bd6
2026-05-04 15:19:53,554 [INFO] aibuildx.material_classifier: Optimal material selected: Q460 for entity b330ff54-2f79-483a-9303-239d2acfa46c
2026-05-04 15:19:53,554 [INFO] aibuildx.material_classifier: Optimal material selected: Q460 for entity b7036f5d-6655-4768-936d-f4b76a23a6f9
2026-05-04 15:19:53,554 [INFO] aibuildx.material_classifier: Optimal material selected: Q460 for entity 40e591ee-f4f6-4279-aad5-ce7bb2cdd2de
2026-05-04 15:19:53,554 [INFO] aibuildx.material_classifier: Optimal material selected: Q460 for entity 376da4de-f53f-49c1-8a6f-bcd7ff254aab
2026-05-04 15:19:53,554 [INFO] aibuildx.material_classifier: Optimal material selected: Q460 for entity 9757d02d-4901-4184-b21d-a5a3505f3461
2026-05-04 15:19:53,554 [INFO] aibuildx.material_classifier: Optimal material selected: Q460 for entity fd6af444-1545-4cab-809b-34f92fc60354
2026-05-04 15:19:53,554 [INFO] aibuildx.material_classifier: Optimal material selected: Q460 for entity 54dc6b65-c910-45c7-8f1d-551685f600df
2026-05-04 15:19:53,554 [INFO] aibuildx.material_classifier: Optimal material selected: Q460 for entity 2e85415a-299e-465e-93f7-c69f5057800a
2026-05-04 15:19:53,554 [INFO] aibuildx.material_classifier: Optimal material selected: Q460 for entity eaf66149-d6a9-4ccd-a660-83cafbebecd4
2026-05-04 15:19:53,554 [INFO] aibuildx.material_classifier: Optimal material selected: Q460 for entity b1d61db6-c7b6-42e2-af9b-4385b0cac6c9
2026-05-04 15:19:53,555 [INFO] aibuildx.material_classifier: Optimal material selected: Q460 for entity ca5cc576-f541-42ae-9f17-92bc9460e1b9
2026-05-04 15:19:53,555 [INFO] aibuildx.material_classifier: Optimal material selected: Q460 for entity f519ea5f-3dcb-4d2b-b6e1-421917353833
2026-05-04 15:19:53,555 [INFO] aibuildx.material_classifier: Optimal material selected: Q460 for entity bff431aa-2de8-46dd-8e1c-71061a56bb64
2026-05-04 15:19:53,555 [INFO] aibuildx.material_classifier: Optimal material selected: Q460 for entity 7a2e069f-c783-41b4-a893-f52011d46169
2026-05-04 15:19:53,555 [INFO] aibuildx.material_classifier: Optimal material selected: Q460 for entity 2da66557-d2b2-43ab-9268-73e1a6285e9b
2026-05-04 15:19:53,555 [INFO] aibuildx.material_classifier: Optimal material selected: Q460 for entity c99a18fb-edef-4a4e-a283-fb6eb7e731f7
2026-05-04 15:19:53,555 [INFO] aibuildx.material_classifier: Optimal material selected: Q460 for entity 8d4bf53b-83f1-4f56-9fed-f5204cc9e998
2026-05-04 15:19:53,555 [INFO] aibuildx.material_classifier: Optimal material selected: Q460 for entity 9faad30c-d300-41b5-b8a1-7ff3b61394dd
2026-05-04 15:19:53,555 [INFO] aibuildx.material_classifier: Optimal material selected: Q460 for entity 843fa987-ab97-478d-8fab-3606b7b68444
2026-05-04 15:19:53,555 [INFO] aibuildx.material_classifier: Optimal material selected: Q460 for entity cd960212-e41a-42af-8d5f-7b0862d4a6ac
2026-05-04 15:19:53,555 [INFO] aibuildx.material_classifier: Optimal material selected: Q460 for entity 00c2824b-8a75-41d1-bc28-7a1cd1021d28
2026-05-04 15:19:53,555 [INFO] aibuildx.material_classifier: Optimal material selected: Q460 for entity be1196c8-e72e-463d-ac39-28ab949f5ea7
2026-05-04 15:19:53,555 [INFO] aibuildx.material_classifier: Optimal material selected: Q460 for entity 4ba6d0ce-d8ee-45ae-9183-2202abb28d5c
2026-05-04 15:19:53,555 [INFO] aibuildx.material_classifier: Optimal material selected: Q460 for entity 5dab0532-2fd8-4b84-87a2-76988100d30c
2026-05-04 15:19:53,555 [INFO] aibuildx.material_classifier: Optimal material selected: Q460 for entity 396c1898-6169-4176-a88d-4d75f1982094
2026-05-04 15:19:53,555 [INFO] aibuildx.material_classifier: Optimal material selected: Q460 for entity 0d1922aa-3b6a-4525-8f97-1511cdc62213
2026-05-04 15:19:53,555 [INFO] aibuildx.material_classifier: Optimal material selected: Q460 for entity f2e2c18a-c9d4-4359-a36d-e746a82d4b9c
2026-05-04 15:19:53,555 [INFO] aibuildx.material_classifier: Optimal material selected: Q460 for entity dbb970a8-8554-41d5-8184-1aed034b5bb7
2026-05-04 15:19:53,555 [INFO] aibuildx.material_classifier: Optimal material selected: Q460 for entity fa6605b0-6db3-4189-a5de-2f73ec47a6ec
2026-05-04 15:19:53,555 [INFO] aibuildx.material_classifier: Optimal material selected: Q460 for entity eb6781ea-9746-4d0a-9547-bd06664bee9e
2026-05-04 15:19:53,555 [INFO] aibuildx.material_classifier: Optimal material selected: Q460 for entity 5bad40f3-7e5f-4534-9c8c-b13cc7c28cc0
2026-05-04 15:19:53,555 [INFO] aibuildx.material_classifier: Optimal material selected: Q460 for entity 63530091-b55b-403c-956c-22709d01c547
2026-05-04 15:19:53,555 [INFO] aibuildx.material_classifier: Optimal material selected: Q460 for entity 1b103b78-b173-49b5-8200-5a6918fa1359
2026-05-04 15:19:53,555 [INFO] aibuildx.material_classifier: Optimal material selected: Q460 for entity 0c4a9827-8469-4885-bf2a-a0f7f6cc9559
2026-05-04 15:19:53,555 [INFO] aibuildx.material_classifier: Optimal material selected: Q460 for entity 926f9668-0fdd-4bee-bb8f-e5fda9e0bc69
2026-05-04 15:19:53,555 [INFO] aibuildx.material_classifier: Optimal material selected: Q460 for entity 8514b5a6-239f-462d-8efc-b46ed00665d2
2026-05-04 15:19:53,555 [INFO] aibuildx.material_classifier: Optimal material selected: Q460 for entity de0d9b5e-71e6-4800-9389-5f17ff23b147
2026-05-04 15:19:53,555 [INFO] aibuildx.material_classifier: Optimal material selected: Q460 for entity 3a7c0454-5682-4d4e-8dfd-1e57d8b924f0
2026-05-04 15:19:53,555 [INFO] aibuildx.material_classifier: Optimal material selected: Q460 for entity e290ad4e-8836-44e8-9c1c-90bae28dd96d
2026-05-04 15:19:53,555 [INFO] aibuildx.material_classifier: Optimal material selected: Q460 for entity 8cc07c75-ec91-41a6-96df-1891ff00b0ec
2026-05-04 15:19:53,556 [INFO] aibuildx.material_classifier: Optimal material selected: Q460 for entity 0cc1a063-b38b-4496-a6f6-e7bc6754cbc2
2026-05-04 15:19:53,556 [INFO] aibuildx.material_classifier: Optimal material selected: Q460 for entity a44c18a8-156a-4c66-89af-744d148f47d4
2026-05-04 15:19:53,556 [INFO] aibuildx.material_classifier: Optimal material selected: Q460 for entity 0edf2ca3-be41-4c2b-b959-bed906c7937d
2026-05-04 15:19:53,556 [INFO] aibuildx.material_classifier: Optimal material selected: Q460 for entity cce293fb-801b-46cb-9fef-e71a98ef4d71
2026-05-04 15:19:53,556 [INFO] aibuildx.material_classifier: Optimal material selected: Q460 for entity 70e0fa15-321f-4dfc-8381-b8f1fe9c8b00
2026-05-04 15:19:53,556 [INFO] aibuildx.material_classifier: Optimal material selected: Q460 for entity 9c3b7ec1-7f69-425c-bc4e-af9ab8735384
2026-05-04 15:19:53,556 [INFO] aibuildx.material_classifier: Optimal material selected: Q460 for entity 9a37b3d0-baa9-44a3-94af-2ac89eaebe86
2026-05-04 15:19:53,556 [INFO] aibuildx.material_classifier: Optimal material selected: Q460 for entity d9ce9498-f1cb-40b7-a177-4cc6fad97d80
2026-05-04 15:19:53,556 [INFO] aibuildx.material_classifier: Optimal material selected: Q460 for entity fb0280e3-50ba-4cad-b6cd-f04d73875d2d
2026-05-04 15:19:53,556 [INFO] aibuildx.material_classifier: Optimal material selected: Q460 for entity 225e7352-b034-4a84-95cc-78c1f0e3dcf6
2026-05-04 15:19:53,556 [INFO] aibuildx.material_classifier: Optimal material selected: Q460 for entity 153476c7-010d-4dcf-80a1-6982c103e5e8
2026-05-04 15:19:53,556 [INFO] aibuildx.material_classifier: Optimal material selected: Q460 for entity 56d93eea-02bd-4aa2-9a29-d2dbb751e78e
2026-05-04 15:19:53,556 [INFO] aibuildx.material_classifier: Optimal material selected: Q460 for entity a22f7c1f-94dc-4bca-b4d2-f51a964f3290
2026-05-04 15:19:53,556 [INFO] aibuildx.material_classifier: Optimal material selected: Q460 for entity ae8826e8-b78e-4c53-8b78-dcc126a4e70f
2026-05-04 15:19:53,556 [INFO] aibuildx.material_classifier: Optimal material selected: Q460 for entity e380f653-7bbe-4574-8b90-6dde810422a9
2026-05-04 15:19:53,556 [INFO] aibuildx.material_classifier: Optimal material selected: Q460 for entity 9af1e7ae-c10d-45f2-a80d-c761deccac8b
2026-05-04 15:19:53,556 [INFO] aibuildx.material_classifier: Optimal material selected: Q460 for entity 3712846a-94cc-425c-b4ec-83d4ba212950
2026-05-04 15:19:53,556 [INFO] aibuildx.material_classifier: Optimal material selected: Q460 for entity f0e22243-4724-4f06-b988-5f49a80736a2
2026-05-04 15:19:53,556 [INFO] aibuildx.material_classifier: Optimal material selected: Q460 for entity cf1c35e0-8030-46a0-a002-2ab562d0d542
2026-05-04 15:19:53,556 [INFO] aibuildx.material_classifier: Optimal material selected: Q460 for entity 4ac727dd-359b-4b92-beed-a6cd7a36980f
2026-05-04 15:19:53,556 [INFO] aibuildx.material_classifier: Optimal material selected: Q460 for entity 562893ce-ad45-4e68-9d2e-df93267c1e58
2026-05-04 15:19:53,556 [INFO] aibuildx.material_classifier: Optimal material selected: Q460 for entity f4ddf59a-fe0c-4994-b8ac-4e84ef3b3885
2026-05-04 15:19:53,556 [INFO] aibuildx.material_classifier: Optimal material selected: Q460 for entity cd41ff6c-e4b2-4cab-afb9-02b54af97bb3
2026-05-04 15:19:53,556 [INFO] aibuildx.material_classifier: Optimal material selected: Q460 for entity a87adadd-40f8-4277-a0b7-dcd99da61c2e
2026-05-04 15:19:53,556 [INFO] aibuildx.material_classifier: Optimal material selected: Q460 for entity be41a394-e281-42a8-b86e-2e42e8327dfc
2026-05-04 15:19:53,557 [INFO] aibuildx.material_classifier: Optimal material selected: Q460 for entity 40b49635-b939-4f0d-a9dc-593a038472e7
2026-05-04 15:19:53,557 [INFO] aibuildx.material_classifier: Optimal material selected: Q460 for entity 4cb19909-0ee3-4029-8ebb-0fd7b96e6797
2026-05-04 15:19:53,557 [INFO] aibuildx.material_classifier: Optimal material selected: Q460 for entity c81e789c-1018-4de1-a43b-dec88d20f3c5
2026-05-04 15:19:53,557 [INFO] aibuildx.material_classifier: Optimal material selected: Q460 for entity e4ee7a8f-e8d9-4a64-8d7c-b2fb1e5f2d2a
2026-05-04 15:19:53,557 [INFO] aibuildx.material_classifier: Optimal material selected: Q460 for entity 36163ce0-b39c-430d-8ac4-8755f3033085
2026-05-04 15:19:53,557 [INFO] aibuildx.material_classifier: Optimal material selected: Q460 for entity 540ff84f-65d0-48ef-afaf-55b890a7b64b
2026-05-04 15:19:53,557 [INFO] aibuildx.material_classifier: Optimal material selected: Q460 for entity 2e51a57c-b16f-4cbe-a948-f0f61187be57
2026-05-04 15:19:53,557 [INFO] aibuildx.material_classifier: Optimal material selected: Q460 for entity fa4f8c1d-6a16-446e-b07c-bc64473fed62
2026-05-04 15:19:53,557 [INFO] aibuildx.material_classifier: Optimal material selected: Q460 for entity e64f280f-1b56-4577-bf4f-39bb40610093
2026-05-04 15:19:53,557 [INFO] aibuildx.material_classifier: Optimal material selected: Q460 for entity a677dcfd-42f9-4662-bab9-053510f3e9fd
2026-05-04 15:19:53,557 [INFO] aibuildx.material_classifier: Optimal material selected: Q460 for entity 8318abd4-728e-4220-9b9a-10ee94712482
2026-05-04 15:19:53,557 [INFO] aibuildx.material_classifier: Optimal material selected: Q460 for entity 741ad659-c2b5-45cf-a5d0-76f3e4e827ef
2026-05-04 15:19:53,557 [INFO] aibuildx.material_classifier: Optimal material selected: Q460 for entity e2b06fb8-84b8-46a4-bb26-96633bba0eed
2026-05-04 15:19:53,557 [INFO] aibuildx.material_classifier: Optimal material selected: Q460 for entity f6a99062-e5fd-4d7e-843d-6684394793a5
2026-05-04 15:21:17,276 [INFO] aibuildx.material_classifier: Optimal material selected: Q460 for entity f3e141b4-4d11-4fe8-8573-f99d68c7a367
2026-05-04 15:21:17,276 [INFO] aibuildx.material_classifier: Optimal material selected: Q460 for entity c9d09e92-e138-44a4-a820-b91319591165
2026-05-04 15:21:17,276 [INFO] aibuildx.material_classifier: Optimal material selected: Q460 for entity 88b8059b-2a41-424f-8535-06e645b63c9a
2026-05-04 15:21:17,276 [INFO] aibuildx.material_classifier: Optimal material selected: Q460 for entity 32c648f1-4523-4549-86e7-7da9f270ee38
2026-05-04 15:21:17,276 [INFO] aibuildx.material_classifier: Optimal material selected: Q460 for entity 13bd210b-4e8d-4f00-8a2b-a972cd2edf65
2026-05-04 15:21:17,276 [INFO] aibuildx.material_classifier: Optimal material selected: Q460 for entity 118d36dc-003f-48ea-a1f5-67c8d8f1a2e3
2026-05-04 15:21:17,276 [INFO] aibuildx.material_classifier: Optimal material selected: Q460 for entity fb80dd1d-9d0e-40e3-bc16-cbdbcf9f0c83
2026-05-04 15:21:17,276 [INFO] aibuildx.material_classifier: Optimal material selected: Q460 for entity f26cb4ed-02c5-42eb-a13c-2af05ec190ad
2026-05-04 15:21:17,276 [INFO] aibuildx.material_classifier: Optimal material selected: Q460 for entity 071b462a-d226-4456-adec-70e469bde3c3
2026-05-04 15:21:17,276 [INFO] aibuildx.material_classifier: Optimal material selected: Q460 for entity 8ee8909d-1a2d-42a5-81d5-13185732f9a5
2026-05-04 15:21:17,276 [INFO] aibuildx.material_classifier: Optimal material selected: Q460 for entity 745ed590-1693-4dbb-99d8-16a808a9e64b
2026-05-04 15:21:17,276 [INFO] aibuildx.material_classifier: Optimal material selected: Q460 for entity f9374b88-11a2-44e6-82ca-1bf7bfcdc6b5
2026-05-04 15:21:17,276 [INFO] aibuildx.material_classifier: Optimal material selected: Q460 for entity 1e86ec79-0843-447c-af22-7a0f803c071a
2026-05-04 15:21:17,277 [INFO] aibuildx.material_classifier: Optimal material selected: Q460 for entity e6d146ae-d8db-45e0-93ab-7aeab314762d
2026-05-04 15:21:17,277 [INFO] aibuildx.material_classifier: Optimal material selected: Q460 for entity a2423fef-b231-4167-a8a5-ba21ab56cddc
2026-05-04 15:21:17,277 [INFO] aibuildx.material_classifier: Optimal material selected: Q460 for entity 00ac2fde-706f-4281-a9c8-46dcfd195f81
2026-05-04 15:21:17,277 [INFO] aibuildx.material_classifier: Optimal material selected: Q460 for entity 5c070565-e1b4-4ad9-8129-b9018014abf2
2026-05-04 15:21:17,277 [INFO] aibuildx.material_classifier: Optimal material selected: Q460 for entity 7848af7b-c320-44f3-9bb5-d574442940de
2026-05-04 15:21:17,277 [INFO] aibuildx.material_classifier: Optimal material selected: Q460 for entity 6a354108-4021-4569-af6f-0b11c48c429c
2026-05-04 15:21:17,277 [INFO] aibuildx.material_classifier: Optimal material selected: Q460 for entity b2e10041-07c4-4857-8f2d-1d5d89c05c5a
2026-05-04 15:21:17,277 [INFO] aibuildx.material_classifier: Optimal material selected: Q460 for entity 679b62d3-dd7d-407d-bc6a-90d034f9fef1
2026-05-04 15:21:17,277 [INFO] aibuildx.material_classifier: Optimal material selected: Q460 for entity af5a3815-7cc2-4373-87f5-58b1f5ccfefb
2026-05-04 15:21:17,277 [INFO] aibuildx.material_classifier: Optimal material selected: Q460 for entity 41115502-66b5-44d2-b668-49e54cf0a82d
2026-05-04 15:21:17,277 [INFO] aibuildx.material_classifier: Optimal material selected: Q460 for entity 22ade620-d022-4abe-ab08-200598253c65
2026-05-04 15:21:17,277 [INFO] aibuildx.material_classifier: Optimal material selected: Q460 for entity 7a732c67-a1f6-4db7-9ee8-6ead65a6a556
2026-05-04 15:21:17,277 [INFO] aibuildx.material_classifier: Optimal material selected: Q460 for entity 00d9a326-f709-4d78-9429-7e00047980bf
2026-05-04 15:21:17,277 [INFO] aibuildx.material_classifier: Optimal material selected: Q460 for entity f69ffc94-2c2c-4ae0-b81b-377eb7274f48
2026-05-04 15:21:17,277 [INFO] aibuildx.material_classifier: Optimal material selected: Q460 for entity aadb76f2-a2b8-4ed6-8813-60e7483e6ed9
2026-05-04 15:21:17,277 [INFO] aibuildx.material_classifier: Optimal material selected: Q460 for entity 26cddd37-8682-463c-b998-10e00b41ae11
2026-05-04 15:21:17,277 [INFO] aibuildx.material_classifier: Optimal material selected: Q460 for entity cf85a23c-9e2f-4a38-a1d5-df53e1b9d9d4
2026-05-04 15:21:17,277 [INFO] aibuildx.material_classifier: Optimal material selected: Q460 for entity 9e1d9322-cf5e-42f5-b7ce-8c571293cd4c
2026-05-04 15:21:17,277 [INFO] aibuildx.material_classifier: Optimal material selected: Q460 for entity 4d5aedcb-bf75-4b59-9d01-48fc49be9c45
2026-05-04 15:21:17,277 [INFO] aibuildx.material_classifier: Optimal material selected: Q460 for entity 269fc266-e193-4e62-903c-51e3c3a5501b
2026-05-04 15:21:17,277 [INFO] aibuildx.material_classifier: Optimal material selected: Q460 for entity 4ae39d82-5857-4c5b-9977-2d0e89a35d77
2026-05-04 15:21:17,277 [INFO] aibuildx.material_classifier: Optimal material selected: Q460 for entity b937e801-8ab2-4e88-b480-2adcd9d31cc0
2026-05-04 15:21:17,277 [INFO] aibuildx.material_classifier: Optimal material selected: Q460 for entity 9af78988-33ab-4628-9e19-0895275baec1
2026-05-04 15:21:17,277 [INFO] aibuildx.material_classifier: Optimal material selected: Q460 for entity e9717826-00f8-4481-b702-908564e99f6b
2026-05-04 15:21:17,277 [INFO] aibuildx.material_classifier: Optimal material selected: Q460 for entity 58c35fc3-8fe7-4f1c-9f75-237e04e98d4a
2026-05-04 15:21:17,277 [INFO] aibuildx.material_classifier: Optimal material selected: Q460 for entity 6415cafb-7c86-45da-94b9-043ac428980a
2026-05-04 15:21:17,277 [INFO] aibuildx.material_classifier: Optimal material selected: Q460 for entity 5f1e6a88-94bf-4ba7-9be1-5d8b6831f039
2026-05-04 15:21:17,277 [INFO] aibuildx.material_classifier: Optimal material selected: Q460 for entity d47d22f8-1929-479c-a508-0ab3a2ec4fb4
2026-05-04 15:21:17,277 [INFO] aibuildx.material_classifier: Optimal material selected: Q460 for entity 0c040d37-9a98-4da4-a197-242e505741c9
2026-05-04 15:21:17,278 [INFO] aibuildx.material_classifier: Optimal material selected: Q460 for entity 215eb4d4-5e67-4ff0-a8b3-a3d36173d754
2026-05-04 15:21:17,278 [INFO] aibuildx.material_classifier: Optimal material selected: Q460 for entity 9b24bf47-23cd-4795-a7c2-bd103b8bf87f
2026-05-04 15:21:17,278 [INFO] aibuildx.material_classifier: Optimal material selected: Q460 for entity 95f212ef-8e18-4fc1-95f9-b279fecbd5f2
2026-05-04 15:21:17,278 [INFO] aibuildx.material_classifier: Optimal material selected: Q460 for entity 59e45fa5-e356-4cfd-9496-861af7a2f4a6
2026-05-04 15:21:17,278 [INFO] aibuildx.material_classifier: Optimal material selected: Q460 for entity a73d3148-519c-4225-b51d-542ad16d3e91
2026-05-04 15:21:17,278 [INFO] aibuildx.material_classifier: Optimal material selected: Q460 for entity 16fef100-d261-49ca-bf59-913f4fcda5fc
2026-05-04 15:21:17,278 [INFO] aibuildx.material_classifier: Optimal material selected: Q460 for entity aec7d074-05bd-4cb3-82ec-1542ff1e2ac0
2026-05-04 15:21:17,278 [INFO] aibuildx.material_classifier: Optimal material selected: Q460 for entity 9074920e-4c35-4537-a82a-45b496e41672
2026-05-04 15:21:17,278 [INFO] aibuildx.material_classifier: Optimal material selected: Q460 for entity 8fe4fe62-1bc0-463b-8714-efac76976d0b
2026-05-04 15:21:17,278 [INFO] aibuildx.material_classifier: Optimal material selected: Q460 for entity 1391f397-6ef7-4842-9ca7-3cd3cf7a2801
2026-05-04 15:21:17,278 [INFO] aibuildx.material_classifier: Optimal material selected: Q460 for entity 0ec8add0-48d6-4475-a254-abc5080e0f77
2026-05-04 15:21:17,278 [INFO] aibuildx.material_classifier: Optimal material selected: Q460 for entity d5b99856-3eac-4383-9d4d-738321f936f1
2026-05-04 15:21:17,278 [INFO] aibuildx.material_classifier: Optimal material selected: Q460 for entity fdcb686d-9487-4d55-8b2b-fa7cceea311a
2026-05-04 15:21:17,278 [INFO] aibuildx.material_classifier: Optimal material selected: Q460 for entity 011a13b7-2a64-459d-be9d-d4d094cab5a7
2026-05-04 15:21:17,278 [INFO] aibuildx.material_classifier: Optimal material selected: Q460 for entity a345bb60-6214-41ac-ae1f-8e14fb7bbccc
2026-05-04 15:21:17,278 [INFO] aibuildx.material_classifier: Optimal material selected: Q460 for entity f2d67248-fe3b-46c5-9d93-fdefc9dfea0b
2026-05-04 15:21:17,278 [INFO] aibuildx.material_classifier: Optimal material selected: Q460 for entity 628b72e1-c8e7-4f8c-b04e-c68bf8c91729
2026-05-04 15:21:17,278 [INFO] aibuildx.material_classifier: Optimal material selected: Q460 for entity 428deab5-8c07-4ea5-b552-795a36eb8acf
2026-05-04 15:21:17,278 [INFO] aibuildx.material_classifier: Optimal material selected: Q460 for entity 8def10fc-41fd-4416-8fd4-ed5e5b44e25c
2026-05-04 15:21:17,278 [INFO] aibuildx.material_classifier: Optimal material selected: Q460 for entity 7083d82c-b7ba-499d-954e-2adc02b23c29
2026-05-04 15:21:17,278 [INFO] aibuildx.material_classifier: Optimal material selected: Q460 for entity e75627b1-a747-4d80-aae5-d5194cc855c6
2026-05-04 15:21:17,278 [INFO] aibuildx.material_classifier: Optimal material selected: Q460 for entity c44890a2-8a37-4b0d-884d-f0466255f94f
2026-05-04 15:21:17,278 [INFO] aibuildx.material_classifier: Optimal material selected: Q460 for entity a2d3f25d-fb8a-407f-b74b-7b6c178b4d07
2026-05-04 15:21:17,278 [INFO] aibuildx.material_classifier: Optimal material selected: Q460 for entity 1ff4d7d6-f0ae-4dbe-a2b8-b3d9fdc0ad58
2026-05-04 15:21:17,278 [INFO] aibuildx.material_classifier: Optimal material selected: Q460 for entity 7005db14-3e08-4621-ad94-65d97d1da6c4
2026-05-04 15:21:17,279 [INFO] aibuildx.material_classifier: Optimal material selected: Q460 for entity 903f728f-431f-4d58-92fc-b7c6cb1db32e
2026-05-04 15:21:17,279 [INFO] aibuildx.material_classifier: Optimal material selected: Q460 for entity bcf0dbd2-d6d6-451c-999a-6e765ef8798c
2026-05-04 15:21:17,279 [INFO] aibuildx.material_classifier: Optimal material selected: Q460 for entity fa943f21-e62f-4f2a-a352-73845f5f09e4
2026-05-04 15:21:17,279 [INFO] aibuildx.material_classifier: Optimal material selected: Q460 for entity 171d12e0-b731-4333-a302-a3527acd8737
2026-05-04 15:21:17,279 [INFO] aibuildx.material_classifier: Optimal material selected: Q460 for entity c2cdb8ec-2431-47bb-833a-48dd836eb747
2026-05-04 15:21:17,279 [INFO] aibuildx.material_classifier: Optimal material selected: Q460 for entity b798853b-6391-4817-aa1c-482eb2e882ca
2026-05-04 15:21:17,279 [INFO] aibuildx.material_classifier: Optimal material selected: Q460 for entity 68b985cc-71eb-492b-9a2d-97d7afd3598c
2026-05-04 15:21:17,279 [INFO] aibuildx.material_classifier: Optimal material selected: Q460 for entity bdf09167-f36f-4eea-99bf-67b6f7c52b57
2026-05-04 15:21:17,279 [INFO] aibuildx.material_classifier: Optimal material selected: Q460 for entity 348563cc-96a6-414b-8c52-86caba0719b2
2026-05-04 15:21:17,279 [INFO] aibuildx.material_classifier: Optimal material selected: Q460 for entity 6c2e3be4-7201-406c-8a36-3ceb9795c41c
2026-05-04 15:21:17,279 [INFO] aibuildx.material_classifier: Optimal material selected: Q460 for entity cccefd82-1528-4e0c-8152-0843465abd8f
2026-05-04 15:21:17,279 [INFO] aibuildx.material_classifier: Optimal material selected: Q460 for entity 5a349302-ffda-48a9-81e3-a37998a3793e
2026-05-04 15:21:17,279 [INFO] aibuildx.material_classifier: Optimal material selected: Q460 for entity a6bd9a5f-7807-494e-95d6-9e7c395b92ee
2026-05-04 15:21:17,279 [INFO] aibuildx.material_classifier: Optimal material selected: Q460 for entity b2eb252f-f7f5-4a20-8d66-5c0d9762a8bc
2026-05-04 15:21:17,279 [INFO] aibuildx.material_classifier: Optimal material selected: Q460 for entity c28a54fb-3825-4bad-a053-726d18cf0599
2026-05-04 15:21:17,279 [INFO] aibuildx.material_classifier: Optimal material selected: Q460 for entity cc12fc19-4169-49c9-9826-29e3fa6fef71
2026-05-04 15:21:17,279 [INFO] aibuildx.material_classifier: Optimal material selected: Q460 for entity a6b2fa96-4505-4153-b9e0-ac67b3dd9892
2026-05-04 15:21:17,279 [INFO] aibuildx.material_classifier: Optimal material selected: Q460 for entity 1111e1bb-8ff6-4a37-99b3-c9b4bcf75540
2026-05-04 15:21:17,279 [INFO] aibuildx.material_classifier: Optimal material selected: Q460 for entity a5008e17-0408-4cc7-a17c-db492d29b2f9
2026-05-04 15:21:17,279 [INFO] aibuildx.material_classifier: Optimal material selected: Q460 for entity 06f58fe7-f6ca-4343-a5a8-d0dee9736dca
2026-05-04 15:21:17,279 [INFO] aibuildx.material_classifier: Optimal material selected: Q460 for entity af728d66-3a7f-414d-ad96-c44416a0b9f7
2026-05-04 15:21:17,279 [INFO] aibuildx.material_classifier: Optimal material selected: Q460 for entity 89f395df-d4ac-4db9-8d6e-2fa09af149e0
2026-05-04 15:21:17,279 [INFO] aibuildx.material_classifier: Optimal material selected: Q460 for entity 2cc87f5e-0461-428e-8bc9-87d05e5be1ee
2026-05-04 15:21:17,279 [INFO] aibuildx.material_classifier: Optimal material selected: Q460 for entity 30265d0d-5198-4586-b4a5-a78ba302369d
2026-05-04 15:21:17,279 [INFO] aibuildx.material_classifier: Optimal material selected: Q460 for entity 7f35174b-8f4d-4be2-a1ad-dc5911b2ba77
2026-05-04 15:21:17,280 [INFO] aibuildx.material_classifier: Optimal material selected: Q460 for entity 3bbf629c-ac43-44af-955d-4382875682f7
2026-05-04 15:21:17,280 [INFO] aibuildx.material_classifier: Optimal material selected: Q460 for entity 08f3b2be-4302-4c63-b038-833a384ca8b5
2026-05-04 15:21:17,280 [INFO] aibuildx.material_classifier: Optimal material selected: Q460 for entity 5726bd83-81ea-424d-8b59-2c80c311a10d
2026-05-04 15:21:17,280 [INFO] aibuildx.material_classifier: Optimal material selected: Q460 for entity 9a81871a-139e-4697-b82c-4608bf0d2a4e
2026-05-04 15:21:17,280 [INFO] aibuildx.material_classifier: Optimal material selected: ASTM A992 for entity dd018b34-bfaa-4660-bd49-5b835b379e1a
2026-05-04 15:21:17,280 [INFO] aibuildx.material_classifier: Optimal material selected: ASTM A992 for entity be4c7e64-5356-48c7-90d0-a0fa19a9f4ea
2026-05-04 15:21:17,280 [INFO] aibuildx.material_classifier: Optimal material selected: ASTM A992 for entity f494ba48-4eb4-437e-98d3-0c02fa19efa1
2026-05-04 15:21:17,280 [INFO] aibuildx.material_classifier: Optimal material selected: ASTM A992 for entity 8ca5a264-7d4b-49f5-a00b-f9ed36f38a14
2026-05-04 15:21:17,280 [INFO] aibuildx.material_classifier: Optimal material selected: ASTM A992 for entity ca34fa69-5339-4095-a813-90617d850ed6
2026-05-04 15:21:17,280 [INFO] aibuildx.material_classifier: Optimal material selected: ASTM A992 for entity e0fcad47-dbbf-4bb4-a90c-a9f474e3ab82
2026-05-04 15:21:17,280 [INFO] aibuildx.material_classifier: Optimal material selected: ASTM A992 for entity c02a3cc2-6e54-48f5-93b4-7c84e04724cd
2026-05-04 15:21:17,280 [INFO] aibuildx.material_classifier: Optimal material selected: ASTM A992 for entity d0990176-a1ab-48df-a064-ed69670ba09e
2026-05-04 15:21:17,280 [INFO] aibuildx.material_classifier: Optimal material selected: ASTM A992 for entity a6f0754d-5209-4833-940a-1f29902708aa
2026-05-04 15:21:17,280 [INFO] aibuildx.material_classifier: Optimal material selected: ASTM A992 for entity d7d6ce85-519a-402d-b294-72c09f4dc3f2
2026-05-04 15:21:17,281 [INFO] aibuildx.material_classifier: Optimal material selected: ASTM A992 for entity 5694ce29-40b4-4360-a287-298c8b802ad1
2026-05-04 15:21:17,281 [INFO] aibuildx.material_classifier: Optimal material selected: ASTM A992 for entity 33da826f-63de-4ec5-acb4-02f39f3f834e
2026-05-04 15:21:17,281 [INFO] aibuildx.material_classifier: Optimal material selected: ASTM A992 for entity 7d8edc70-edbb-4ff0-a4a0-00b77daf576f
2026-05-04 15:21:17,281 [INFO] aibuildx.material_classifier: Optimal material selected: ASTM A992 for entity c1da961b-149e-4ae9-871d-9e1492d5184d
2026-05-04 15:21:17,281 [INFO] aibuildx.material_classifier: Optimal material selected: ASTM A992 for entity 8e4b5df0-151a-45d7-a263-eed2a6428749
2026-05-04 15:21:17,281 [INFO] aibuildx.material_classifier: Optimal material selected: ASTM A992 for entity 4f528604-54d8-46d0-b995-e2a3721b2d2f
2026-05-04 15:21:17,281 [INFO] aibuildx.material_classifier: Optimal material selected: ASTM A992 for entity 939def06-88a6-45f5-964d-3ab7fa4ebc24
2026-05-04 15:21:17,281 [INFO] aibuildx.material_classifier: Optimal material selected: ASTM A992 for entity cb3ad8df-5603-4f67-a22d-ed7490a1e407
2026-05-04 15:21:17,281 [INFO] aibuildx.material_classifier: Optimal material selected: ASTM A992 for entity 46d6f835-dd9c-499c-baf1-28e6a185053b
2026-05-04 15:21:17,281 [INFO] aibuildx.material_classifier: Optimal material selected: ASTM A992 for entity a16ef205-9232-4065-a45f-e2061d01d455
2026-05-04 15:21:17,281 [INFO] aibuildx.material_classifier: Optimal material selected: ASTM A992 for entity 4c14543c-cc8d-4835-a02e-37db5baccb7b
2026-05-04 15:21:17,281 [INFO] aibuildx.material_classifier: Optimal material selected: ASTM A992 for entity 66d3d0b5-74fa-4bcb-a00f-2f1c3b5fb373
2026-05-04 15:21:17,281 [INFO] aibuildx.material_classifier: Optimal material selected: ASTM A992 for entity 21677a31-cf91-4402-993f-823cae820d98
2026-05-04 15:21:17,281 [INFO] aibuildx.material_classifier: Optimal material selected: ASTM A992 for entity 9fb3a494-8ed3-40bb-95fd-2235843f7b94
2026-05-04 15:21:17,281 [INFO] aibuildx.material_classifier: Optimal material selected: ASTM A992 for entity ae25fc04-0f9f-49f0-90f4-1d80dabca57b
2026-05-04 15:21:17,283 [INFO] aibuildx.material_classifier: Optimal material selected: ASTM A992 for entity 6fd68b63-5075-42b9-8393-ca5b2fffdef8
2026-05-04 15:21:17,283 [INFO] aibuildx.material_classifier: Optimal material selected: ASTM A992 for entity 98bbb37e-7788-44ad-82c8-cef3aa8b35a1
2026-05-04 15:21:17,283 [INFO] aibuildx.material_classifier: Optimal material selected: ASTM A992 for entity 909be3e6-af0f-4c82-89c5-440223c4423e
2026-05-04 15:21:17,283 [INFO] aibuildx.material_classifier: Optimal material selected: ASTM A992 for entity e2658a99-fbae-4424-af86-ffffb78237d4
2026-05-04 15:21:17,283 [INFO] aibuildx.material_classifier: Optimal material selected: ASTM A992 for entity 276bec24-f1c5-4a9c-a0f4-fa0054619482
2026-05-04 15:21:17,283 [INFO] aibuildx.material_classifier: Optimal material selected: ASTM A992 for entity aaa88ca1-993d-474c-aab1-b966225b1c8f
2026-05-04 15:21:17,283 [INFO] aibuildx.material_classifier: Optimal material selected: ASTM A992 for entity 2f599ff2-9519-41c4-bdd2-494ded24eea7
2026-05-04 15:21:17,283 [INFO] aibuildx.material_classifier: Optimal material selected: ASTM A992 for entity 89baaa9a-328e-4a9c-ae19-ed8b7726d6e7
2026-05-04 15:21:17,283 [INFO] aibuildx.material_classifier: Optimal material selected: ASTM A992 for entity ddb71bcd-deb4-41c1-ba51-85aff1f85008
2026-05-04 15:21:17,283 [INFO] aibuildx.material_classifier: Optimal material selected: ASTM A992 for entity e19312d5-55ee-48a1-bfe9-444305a4de37
2026-05-04 15:21:17,283 [INFO] aibuildx.material_classifier: Optimal material selected: ASTM A992 for entity 29fe0e71-d017-4fe5-89f3-d0f440c86553
2026-05-04 15:21:17,283 [INFO] aibuildx.material_classifier: Optimal material selected: ASTM A992 for entity 6af48c9a-ca7f-4b75-8e50-6b54284aeb54
2026-05-04 15:21:17,283 [INFO] aibuildx.material_classifier: Optimal material selected: ASTM A992 for entity 7c9f9044-e4cb-43d7-9dcd-227aedf536d8
2026-05-04 15:21:17,283 [INFO] aibuildx.material_classifier: Optimal material selected: ASTM A992 for entity 6b290560-fd5b-46e9-8f4a-5b081aef9ef2
2026-05-04 15:21:17,283 [INFO] aibuildx.material_classifier: Optimal material selected: ASTM A992 for entity cddef2c9-e9f8-4136-a5ff-047365b7e820
2026-05-04 15:21:17,283 [INFO] aibuildx.material_classifier: Optimal material selected: ASTM A992 for entity e6807e13-a30f-4d76-8298-4ed3b015470e
2026-05-04 15:21:17,283 [INFO] aibuildx.material_classifier: Optimal material selected: ASTM A992 for entity af38ea0f-392b-485c-9881-fed04afa65b2
2026-05-04 15:21:17,283 [INFO] aibuildx.material_classifier: Optimal material selected: ASTM A992 for entity 46d9e6fe-9fa0-4d91-bf82-fed7931424e1
2026-05-04 15:21:17,284 [INFO] aibuildx.material_classifier: Optimal material selected: ASTM A992 for entity 853bb534-2dca-42e9-88a8-cdd674a4e04c
2026-05-04 15:21:17,284 [INFO] aibuildx.material_classifier: Optimal material selected: ASTM A992 for entity dec131aa-029b-4b9b-8835-597c8f693844
2026-05-04 15:21:17,284 [INFO] aibuildx.material_classifier: Optimal material selected: ASTM A992 for entity 6a1dc7d4-6815-43b3-b5b2-0b155f6dc50c
2026-05-04 15:21:17,284 [INFO] aibuildx.material_classifier: Optimal material selected: ASTM A992 for entity ed2e809f-8096-4d7f-a038-4a34a4a8d3ab
2026-05-04 15:21:17,284 [INFO] aibuildx.material_classifier: Optimal material selected: ASTM A992 for entity 2d29ceb8-3721-46d6-8148-7e4fbc3275be
2026-05-04 15:21:17,284 [INFO] aibuildx.material_classifier: Optimal material selected: ASTM A992 for entity 563ce333-65f6-4f10-b41a-00d85c794783
2026-05-04 15:21:17,284 [INFO] aibuildx.material_classifier: Optimal material selected: ASTM A992 for entity 693bc7aa-3daa-4704-8bff-448a0af7ba25
2026-05-04 15:21:17,284 [INFO] aibuildx.material_classifier: Optimal material selected: ASTM A992 for entity 29bb0beb-7ff0-4c57-a559-34050bd5367b
2026-05-04 15:21:17,284 [INFO] aibuildx.material_classifier: Optimal material selected: ASTM A992 for entity 7f49a735-6824-45ae-b8f1-dd34d2dca34b
2026-05-04 15:21:17,284 [INFO] aibuildx.material_classifier: Optimal material selected: ASTM A992 for entity c2facd62-12ac-4ebb-aa2e-90d42d438e2d
2026-05-04 15:21:17,284 [INFO] aibuildx.material_classifier: Optimal material selected: ASTM A992 for entity 7b245b0a-02b6-46a4-9671-86529b75dfcd
2026-05-04 15:21:17,284 [INFO] aibuildx.material_classifier: Optimal material selected: ASTM A992 for entity f22f655b-1fa2-40d9-a095-83d32474bb83
2026-05-04 15:21:17,284 [INFO] aibuildx.material_classifier: Optimal material selected: ASTM A992 for entity 6a129695-8c16-4665-bd8e-049d6eb8f4e0
2026-05-04 15:21:17,284 [INFO] aibuildx.material_classifier: Optimal material selected: ASTM A992 for entity b75821eb-ee06-4a32-81c0-72b4e8436f8c
2026-05-04 15:21:17,284 [INFO] aibuildx.material_classifier: Optimal material selected: ASTM A992 for entity f8cbe3fd-cb96-482f-a693-7561aac612dd
2026-05-04 15:21:17,284 [INFO] aibuildx.material_classifier: Optimal material selected: ASTM A992 for entity c72b5af2-9b4e-4da7-aaa4-d08337f7c9a7
2026-05-04 15:21:17,284 [INFO] aibuildx.material_classifier: Optimal material selected: ASTM A992 for entity ec833cbc-2cb7-4c88-8918-1a89bd375ada
2026-05-04 15:21:17,285 [INFO] aibuildx.material_classifier: Optimal material selected: ASTM A992 for entity f65746b7-ef49-4b0d-b1ff-bbf65f763ab4
2026-05-04 15:21:17,285 [INFO] aibuildx.material_classifier: Optimal material selected: ASTM A992 for entity 48749090-51a8-4331-9afc-b7ceb227fa39
2026-05-04 15:21:17,285 [INFO] aibuildx.material_classifier: Optimal material selected: ASTM A992 for entity c4fd5a96-a276-4cf6-b61f-f5348cf3ce92
2026-05-04 15:21:17,285 [INFO] aibuildx.material_classifier: Optimal material selected: ASTM A992 for entity e9bebcc8-9eb8-4779-9d7e-7f022ac93310
2026-05-04 15:21:17,285 [INFO] aibuildx.material_classifier: Optimal material selected: Q460 for entity d506ae76-71ec-45e3-b39c-d0b0d0c3e0cd
2026-05-04 15:21:17,285 [INFO] aibuildx.material_classifier: Optimal material selected: Q460 for entity deccb0d0-ffad-4011-80e2-8cba00db0edc
2026-05-04 15:21:17,285 [INFO] aibuildx.material_classifier: Optimal material selected: Q460 for entity da1637c4-268a-43ce-a536-a5a0447f1f90
2026-05-04 15:21:17,285 [INFO] aibuildx.material_classifier: Optimal material selected: Q460 for entity a0787d1e-8d0a-4db5-8392-40e7c3589771
2026-05-04 15:21:17,285 [INFO] aibuildx.material_classifier: Optimal material selected: Q460 for entity 215aa9b2-199c-424d-84af-7e243beda192
2026-05-04 15:21:17,285 [INFO] aibuildx.material_classifier: Optimal material selected: Q460 for entity 358965d1-2322-42f2-bee4-03db4697df46
2026-05-04 15:21:17,285 [INFO] aibuildx.material_classifier: Optimal material selected: Q460 for entity e3b862bf-1500-40fb-8d91-1a3987d4a459
2026-05-04 15:21:17,285 [INFO] aibuildx.material_classifier: Optimal material selected: Q460 for entity dcc57eac-6bdd-4ced-99eb-1cb226a022aa
2026-05-04 15:21:17,285 [INFO] aibuildx.material_classifier: Optimal material selected: Q460 for entity 3fce9583-c295-48c7-8547-d5c70c070dfd
2026-05-04 15:21:17,285 [INFO] aibuildx.material_classifier: Optimal material selected: Q460 for entity b8a6e896-8bac-439b-a340-b02f5f0e2b41
2026-05-04 15:21:17,285 [INFO] aibuildx.material_classifier: Optimal material selected: Q460 for entity 73e8c117-f1b1-4ce1-bf97-6bd63c82e717
2026-05-04 15:21:17,285 [INFO] aibuildx.material_classifier: Optimal material selected: Q460 for entity 566f6cf2-2a9b-4d7c-8552-b384e0815707
2026-05-04 15:21:17,285 [INFO] aibuildx.material_classifier: Optimal material selected: Q460 for entity 789bd70e-4ef3-4b89-b661-06081200c39d
2026-05-04 15:21:17,285 [INFO] aibuildx.material_classifier: Optimal material selected: Q460 for entity 2704efbc-fae4-4493-80f9-e51de9de8075
2026-05-04 15:21:17,285 [INFO] aibuildx.material_classifier: Optimal material selected: Q460 for entity b866a986-bc9c-4f93-b12a-935de50d7294
2026-05-04 15:21:17,285 [INFO] aibuildx.material_classifier: Optimal material selected: Q460 for entity c8021f86-8ebf-40bc-a95a-6c8f809de917
2026-05-04 15:21:17,285 [INFO] aibuildx.material_classifier: Optimal material selected: Q460 for entity 695f0695-7f0e-4283-b075-0af9d0c5ad0e
2026-05-04 15:21:17,285 [INFO] aibuildx.material_classifier: Optimal material selected: Q460 for entity d0e469c2-5924-468c-884f-6e9a8994ca33
2026-05-04 15:21:17,285 [INFO] aibuildx.material_classifier: Optimal material selected: Q460 for entity 7f030fe3-972a-49b1-930c-615065e3b0a0
2026-05-04 15:21:17,285 [INFO] aibuildx.material_classifier: Optimal material selected: Q460 for entity b513b2b7-df23-4ada-9750-294f6c986a2c
2026-05-04 15:21:17,285 [INFO] aibuildx.material_classifier: Optimal material selected: Q460 for entity a32a9e36-d086-497b-9de8-79a72f12b395
2026-05-04 15:21:17,286 [INFO] aibuildx.material_classifier: Optimal material selected: Q460 for entity 331ea6b5-8c7e-47c2-8d3e-ae827b410035
2026-05-04 15:21:17,286 [INFO] aibuildx.material_classifier: Optimal material selected: Q460 for entity 10bd125a-1014-4d49-8fd3-885f83ca9642
2026-05-04 15:21:17,286 [INFO] aibuildx.material_classifier: Optimal material selected: Q460 for entity befa6fa4-7293-44f5-ba4c-6ebec8039b51
2026-05-04 15:21:17,286 [INFO] aibuildx.material_classifier: Optimal material selected: Q460 for entity 0c0cdbb6-e25d-4bdd-baec-73d7191f9cb5
2026-05-04 15:21:17,286 [INFO] aibuildx.material_classifier: Optimal material selected: Q460 for entity 23f0f2fa-3593-4f0a-84f9-a96ddb3b7032
2026-05-04 15:21:17,286 [INFO] aibuildx.material_classifier: Optimal material selected: Q460 for entity d5d334a2-0e7f-41f1-bdff-7ebee70cdd2d
2026-05-04 15:21:17,286 [INFO] aibuildx.material_classifier: Optimal material selected: Q460 for entity bb5f4178-3925-4209-a4ed-b2eca7b059ba
2026-05-04 15:21:17,286 [INFO] aibuildx.material_classifier: Optimal material selected: Q460 for entity 185f29a2-c9e0-45e8-aaa2-e951817d919a
2026-05-04 15:21:17,286 [INFO] aibuildx.material_classifier: Optimal material selected: Q460 for entity 4664075a-81ed-4d15-984f-9dd48dfbd962
2026-05-04 15:21:17,286 [INFO] aibuildx.material_classifier: Optimal material selected: Q460 for entity 9331adbe-921c-440c-a8b6-5d85135a1781
2026-05-04 15:21:17,286 [INFO] aibuildx.material_classifier: Optimal material selected: Q460 for entity 83bbe9ba-edf5-4edb-8a0a-a30544e613f1
2026-05-04 15:21:17,286 [INFO] aibuildx.material_classifier: Optimal material selected: Q460 for entity 74d79488-2ecb-411d-b966-6a39d9c38faf
2026-05-04 15:21:17,286 [INFO] aibuildx.material_classifier: Optimal material selected: Q460 for entity 2766fd50-f2be-453a-ba22-b5bff33083aa
2026-05-04 15:21:17,286 [INFO] aibuildx.material_classifier: Optimal material selected: Q460 for entity 56f0c9ab-7776-4dbe-b7e6-0bd1baf15800
2026-05-04 15:21:17,286 [INFO] aibuildx.material_classifier: Optimal material selected: Q460 for entity 53e3cbee-041a-44e5-b9fb-393f23bc91e6
2026-05-04 15:21:17,287 [INFO] aibuildx.material_classifier: Optimal material selected: Q460 for entity cb59a047-0e40-4390-a2fe-701df45f0634
2026-05-04 15:21:17,287 [INFO] aibuildx.material_classifier: Optimal material selected: Q460 for entity 574c5c4e-a241-4b25-932f-2ffa73f2a2f4
2026-05-04 15:21:17,287 [INFO] aibuildx.material_classifier: Optimal material selected: Q460 for entity 70cb78e5-761a-47f8-b5af-29ad0d6572aa
2026-05-04 15:21:17,287 [INFO] aibuildx.material_classifier: Optimal material selected: Q460 for entity 6be88d32-93e8-4ffc-bf87-adf2080598a9
2026-05-04 15:21:17,287 [INFO] aibuildx.material_classifier: Optimal material selected: Q460 for entity 269a5303-7eeb-4f1f-8f6a-2a900f72d87a
2026-05-04 15:21:17,287 [INFO] aibuildx.material_classifier: Optimal material selected: Q460 for entity fc2ccb4c-28b7-4f00-a2e1-3c1e10b6cd22
2026-05-04 15:21:17,287 [INFO] aibuildx.material_classifier: Optimal material selected: Q460 for entity 61e0501a-526d-46a1-88b8-5fe34e6633ba
2026-05-04 15:21:17,287 [INFO] aibuildx.material_classifier: Optimal material selected: Q460 for entity 93cc4690-8aaf-4134-94fc-89d32c71df70
2026-05-04 15:21:17,287 [INFO] aibuildx.material_classifier: Optimal material selected: Q460 for entity c4bb3e31-a73a-45d0-8204-1bf44d3d5141
2026-05-04 15:21:17,287 [INFO] aibuildx.material_classifier: Optimal material selected: Q460 for entity d07a339b-801b-4c36-92d8-fbaf51a5e75a
2026-05-04 15:21:17,287 [INFO] aibuildx.material_classifier: Optimal material selected: Q460 for entity 2d5070f2-52ac-4b87-af3a-cf4f83ea1e19
2026-05-04 15:21:17,287 [INFO] aibuildx.material_classifier: Optimal material selected: Q460 for entity 3f769c62-9e0b-4956-bdd8-271c1b80006b
2026-05-04 15:21:17,287 [INFO] aibuildx.material_classifier: Optimal material selected: Q460 for entity 534f0e95-14f2-4449-b623-a7f79393c7f4
2026-05-04 15:21:17,287 [INFO] aibuildx.material_classifier: Optimal material selected: Q460 for entity 30f92114-37c9-4fae-902c-271348a12340
2026-05-04 15:21:17,287 [INFO] aibuildx.material_classifier: Optimal material selected: Q460 for entity 21bb9806-ba92-475a-ba6d-09b93b2b0b82
2026-05-04 15:21:17,287 [INFO] aibuildx.material_classifier: Optimal material selected: Q460 for entity 7a18aeb4-fbe9-4d7a-ae22-d4da19675806
2026-05-04 15:21:17,287 [INFO] aibuildx.material_classifier: Optimal material selected: Q460 for entity 08b1bd7a-58c6-46df-822f-44d5809ee340
2026-05-04 15:21:17,287 [INFO] aibuildx.material_classifier: Optimal material selected: Q460 for entity 5469c6ff-ec0c-4874-9cec-22c01cd35cf5
2026-05-04 15:21:17,287 [INFO] aibuildx.material_classifier: Optimal material selected: Q460 for entity 90d4145e-a9de-4687-9231-38c9ff07e26a
2026-05-04 15:21:17,287 [INFO] aibuildx.material_classifier: Optimal material selected: Q460 for entity c3c40235-5109-4815-8c96-70c9e6b0a0ff
2026-05-04 15:21:17,287 [INFO] aibuildx.material_classifier: Optimal material selected: Q460 for entity b9960883-d6fe-467c-973f-b8997ec33862
2026-05-04 15:21:17,287 [INFO] aibuildx.material_classifier: Optimal material selected: Q460 for entity ea4603aa-9ce4-4d23-83df-a81f2fba3607
2026-05-04 15:21:17,287 [INFO] aibuildx.material_classifier: Optimal material selected: Q460 for entity ce0c590d-32bb-49a5-8760-e9df2aae8069
2026-05-04 15:21:17,287 [INFO] aibuildx.material_classifier: Optimal material selected: Q460 for entity 9bac9c5e-3c47-434f-a767-8ec22010694d
2026-05-04 15:21:17,287 [INFO] aibuildx.material_classifier: Optimal material selected: Q460 for entity 6705b9c3-b6aa-4d47-acbf-85c9302a2e70
2026-05-04 15:21:17,287 [INFO] aibuildx.material_classifier: Optimal material selected: Q460 for entity 9efdde99-1650-46db-bef5-b30e29413fa3
2026-05-04 15:21:17,287 [INFO] aibuildx.material_classifier: Optimal material selected: Q460 for entity 86711865-3735-48d7-be66-d4030c8f3194
2026-05-04 15:21:17,287 [INFO] aibuildx.material_classifier: Optimal material selected: Q460 for entity 26ccd7ff-4ccc-4348-8870-4a57ce3f5839
2026-05-04 15:21:17,287 [INFO] aibuildx.material_classifier: Optimal material selected: Q460 for entity 3eb6d345-3f04-4b4f-ad98-131ba9cf96e6
2026-05-04 15:21:17,287 [INFO] aibuildx.material_classifier: Optimal material selected: Q460 for entity 0f09ca55-c5d7-45c6-8f33-c536bb736773
2026-05-04 15:21:17,288 [INFO] aibuildx.material_classifier: Optimal material selected: Q460 for entity d35b11d1-df90-47cf-a32a-3d30890f92b5
2026-05-04 15:21:17,288 [INFO] aibuildx.material_classifier: Optimal material selected: Q460 for entity 434ec342-7c28-469a-9494-f5c22739c8d9
2026-05-04 15:21:17,288 [INFO] aibuildx.material_classifier: Optimal material selected: Q460 for entity 09597ade-345c-4735-97cd-1c93c14adbcc
2026-05-04 15:21:17,288 [INFO] aibuildx.material_classifier: Optimal material selected: Q460 for entity e2bcba31-2bc2-4b87-9423-8a4d5d9264fa
2026-05-04 15:21:17,288 [INFO] aibuildx.material_classifier: Optimal material selected: Q460 for entity 724a5e8a-813a-4668-b996-947ba87accf4
2026-05-04 15:21:17,288 [INFO] aibuildx.material_classifier: Optimal material selected: Q460 for entity 798ba474-04e7-4f18-b134-ec2039527844
2026-05-04 15:21:17,288 [INFO] aibuildx.material_classifier: Optimal material selected: Q460 for entity a7b37c68-8bea-4402-add8-ecc92601112a
2026-05-04 15:21:17,288 [INFO] aibuildx.material_classifier: Optimal material selected: Q460 for entity bdec77af-316b-4612-b30d-48f495b84e89
2026-05-04 15:21:17,288 [INFO] aibuildx.material_classifier: Optimal material selected: Q460 for entity c6c85bf9-453f-4421-a4fe-f9e1ede31592
2026-05-04 15:21:17,288 [INFO] aibuildx.material_classifier: Optimal material selected: Q460 for entity d9885d5b-4567-4cbe-806e-f27a6b90d5e7
2026-05-04 15:21:17,288 [INFO] aibuildx.material_classifier: Optimal material selected: Q460 for entity 61375a92-fc8b-428a-b4b7-e277efe70951
2026-05-04 15:21:17,288 [INFO] aibuildx.material_classifier: Optimal material selected: Q460 for entity db3f95dd-cf16-4593-be37-ab6b7d231337
2026-05-04 15:21:17,288 [INFO] aibuildx.material_classifier: Optimal material selected: Q460 for entity 549d1f1d-3b53-40a2-bee6-57f8068dabdf
2026-05-04 15:21:17,288 [INFO] aibuildx.material_classifier: Optimal material selected: Q460 for entity 998d5149-35ef-402c-a342-f5ff21e9c4f2
2026-05-04 15:21:17,289 [INFO] aibuildx.material_classifier: Optimal material selected: Q460 for entity 22871056-18ea-451a-9f97-71d241aeb4f3
2026-05-04 15:21:17,289 [INFO] aibuildx.material_classifier: Optimal material selected: Q460 for entity 67281bda-a2b3-48f2-b822-9dd0f85224c8
2026-05-04 15:21:17,289 [INFO] aibuildx.material_classifier: Optimal material selected: Q460 for entity bcde6a86-7175-4994-89c6-c5eb124d128a
2026-05-04 15:21:17,289 [INFO] aibuildx.material_classifier: Optimal material selected: Q460 for entity 666ce382-96a2-4cba-b66a-cbff39ff6d0d
2026-05-04 15:21:17,289 [INFO] aibuildx.material_classifier: Optimal material selected: Q460 for entity 86726f1e-47d4-43ea-a9aa-c1e6f38c12a7
2026-05-04 15:21:17,289 [INFO] aibuildx.material_classifier: Optimal material selected: Q460 for entity 8994979d-eb75-41de-9bdc-57c2222830c6
2026-05-04 15:21:17,289 [INFO] aibuildx.material_classifier: Optimal material selected: Q460 for entity 7bf228e2-22da-4451-9aa6-795d671e2f45
2026-05-04 15:21:17,289 [INFO] aibuildx.material_classifier: Optimal material selected: Q460 for entity 79da8721-71e1-4da2-af1d-539554e6a576
2026-05-04 15:21:17,289 [INFO] aibuildx.material_classifier: Optimal material selected: Q460 for entity 4f825247-36ac-43b4-a507-552ad23fe36f
2026-05-04 15:21:17,289 [INFO] aibuildx.material_classifier: Optimal material selected: Q460 for entity 36778c65-fabf-473b-a98c-8c3e7ade538b
2026-05-04 15:21:17,289 [INFO] aibuildx.material_classifier: Optimal material selected: Q460 for entity cfb6824e-6ac4-46d2-9022-ad2ad1f776ae
2026-05-04 15:21:17,289 [INFO] aibuildx.material_classifier: Optimal material selected: Q460 for entity bc627ad6-229f-4d48-9e7a-b13e325590d1
2026-05-04 15:21:17,289 [INFO] aibuildx.material_classifier: Optimal material selected: Q460 for entity 472fcbd5-55d3-49ae-a9f7-387e24fe4d0e
2026-05-04 15:21:17,289 [INFO] aibuildx.material_classifier: Optimal material selected: Q460 for entity 89730d75-cdca-4c40-8ac3-6795a5cd8b28
2026-05-04 15:21:17,289 [INFO] aibuildx.material_classifier: Optimal material selected: Q460 for entity c6218d07-c983-4ca1-893d-f931c6170730
2026-05-04 15:21:17,289 [INFO] aibuildx.material_classifier: Optimal material selected: Q460 for entity 374dbd1a-f9a5-4eda-b0be-24a4d70d4255
2026-05-04 15:21:17,289 [INFO] aibuildx.material_classifier: Optimal material selected: Q460 for entity eb17b94a-06e2-4209-ad48-784bbe9ad82c
2026-05-04 15:21:17,289 [INFO] aibuildx.material_classifier: Optimal material selected: Q460 for entity 7ecfe3fb-038a-411a-8050-074594bc9238
2026-05-04 15:21:17,289 [INFO] aibuildx.material_classifier: Optimal material selected: Q460 for entity db204938-32a0-4203-afa8-5df0660d3b03
2026-05-04 15:21:17,289 [INFO] aibuildx.material_classifier: Optimal material selected: Q460 for entity 44db7564-2cea-4dd4-9326-1e47aa7fe132
2026-05-04 15:21:17,289 [INFO] aibuildx.material_classifier: Optimal material selected: Q460 for entity ce6a4bcc-767e-4c3d-8f64-123da0d08568
2026-05-04 15:21:17,289 [INFO] aibuildx.material_classifier: Optimal material selected: Q460 for entity adae2157-b243-4a51-a286-dc37131c26f6
2026-05-04 15:21:17,289 [INFO] aibuildx.material_classifier: Optimal material selected: Q460 for entity ee96b3aa-efd5-4653-b5d9-d7a416494052
2026-05-04 15:21:17,289 [INFO] aibuildx.material_classifier: Optimal material selected: Q460 for entity 75c95d2a-3f8e-4980-b809-c28f889cf69a
2026-05-04 15:21:17,289 [INFO] aibuildx.material_classifier: Optimal material selected: Q460 for entity f80c217c-606c-4b8f-b543-64409cc0fe1a
2026-05-04 15:21:17,289 [INFO] aibuildx.material_classifier: Optimal material selected: Q460 for entity 52b961f3-e7ab-4547-977b-f288dc186209
2026-05-04 15:21:17,289 [INFO] aibuildx.material_classifier: Optimal material selected: Q460 for entity 61ee72c1-b147-423f-9bd7-d1471d5a7c47
2026-05-04 15:21:17,290 [INFO] aibuildx.material_classifier: Optimal material selected: Q460 for entity 579a005c-b991-4c6e-b4b8-6c0726502250
2026-05-04 15:21:17,290 [INFO] aibuildx.material_classifier: Optimal material selected: Q460 for entity 7426f37d-fd10-4233-b467-2f956ea0c995
2026-05-04 15:21:17,290 [INFO] aibuildx.material_classifier: Optimal material selected: Q460 for entity c92eae51-e9c0-44e4-9644-fdf78b6d9e29
2026-05-04 15:21:17,290 [INFO] aibuildx.material_classifier: Optimal material selected: Q460 for entity 1d5a3a02-4df3-453f-b135-de034f798d12
2026-05-04 15:21:17,290 [INFO] aibuildx.material_classifier: Optimal material selected: Q460 for entity 3bbdf4c4-c95c-4b08-8319-26a7cd6d5908
2026-05-04 15:21:17,290 [INFO] aibuildx.material_classifier: Optimal material selected: Q460 for entity b4c7abd9-8f69-4b6c-831d-c16da9154b9a
2026-05-04 15:21:17,290 [INFO] aibuildx.material_classifier: Optimal material selected: Q460 for entity 7c16d3ed-4ba8-416b-914a-c739df8a4e59
2026-05-04 15:21:17,290 [INFO] aibuildx.material_classifier: Optimal material selected: Q460 for entity 2307a5bf-109b-4a9e-9c54-5c09073c758e
2026-05-04 15:21:17,290 [INFO] aibuildx.material_classifier: Optimal material selected: Q460 for entity c41ec651-af5e-4f53-91d2-7a69edde2a0c
2026-05-04 15:21:17,290 [INFO] aibuildx.material_classifier: Optimal material selected: Q460 for entity 631c4cc7-ccd6-4321-9f19-66d5cc32aed9
2026-05-04 15:21:17,290 [INFO] aibuildx.material_classifier: Optimal material selected: Q460 for entity 147b464f-dee6-41b2-ad5b-799d0fcb4a65
2026-05-04 15:21:17,290 [INFO] aibuildx.material_classifier: Optimal material selected: Q460 for entity 75cd0d75-d339-40e2-9228-b756466511d0
2026-05-04 15:21:17,290 [INFO] aibuildx.material_classifier: Optimal material selected: Q460 for entity 17777c54-5f93-4fe5-8724-6d6d23b58b24
2026-05-04 15:21:17,290 [INFO] aibuildx.material_classifier: Optimal material selected: Q460 for entity b1f7fe74-c5b1-4c12-8d67-88476cf3fdac
2026-05-04 15:21:17,290 [INFO] aibuildx.material_classifier: Optimal material selected: Q460 for entity 80b5c455-e12a-467a-bf6b-bceb1925d8e3
2026-05-04 15:21:17,290 [INFO] aibuildx.material_classifier: Optimal material selected: Q460 for entity cbb1525f-130b-4ee0-864a-af9bee4a3870
2026-05-04 15:21:17,295 [INFO] aibuildx.material_classifier: Optimal material selected: Q460 for entity 5abddac5-ce1b-4d94-a413-c6a5da4d9163
2026-05-04 15:21:17,296 [INFO] aibuildx.material_classifier: Optimal material selected: Q460 for entity 9bb6a42f-73fe-4cb4-b808-79bfd9e45886
2026-05-04 15:21:17,296 [INFO] aibuildx.material_classifier: Optimal material selected: Q460 for entity 19accda7-f4a2-454c-8eb7-c91f4bd9ce6c
2026-05-04 15:21:17,296 [INFO] aibuildx.material_classifier: Optimal material selected: Q460 for entity a42c7cfa-28ea-4e0c-a2cf-d1589d911741
2026-05-04 15:21:17,296 [INFO] aibuildx.material_classifier: Optimal material selected: Q460 for entity 05e7031d-1c8f-4915-a74b-2570fb02a1e2
2026-05-04 15:21:17,297 [INFO] aibuildx.material_classifier: Optimal material selected: Q460 for entity 71a22f3c-0071-4c50-842d-653332f22f44
2026-05-04 15:21:17,297 [INFO] aibuildx.material_classifier: Optimal material selected: Q460 for entity da69618c-b180-42bf-99eb-1251dfde81d1
2026-05-04 15:21:17,297 [INFO] aibuildx.material_classifier: Optimal material selected: Q460 for entity f1ef0942-d199-46c7-be30-d8fa58545099
2026-05-04 15:21:17,297 [INFO] aibuildx.material_classifier: Optimal material selected: Q460 for entity 30ddc94a-f7d8-47a8-803a-6f3147f57cd5
2026-05-04 15:21:17,297 [INFO] aibuildx.material_classifier: Optimal material selected: Q460 for entity 43da4ce1-fbbc-4e4c-9de3-c287def96d97
2026-05-04 15:21:17,297 [INFO] aibuildx.material_classifier: Optimal material selected: Q460 for entity fd687c43-f184-4315-88f0-23ded75664a2
2026-05-04 15:21:17,297 [INFO] aibuildx.material_classifier: Optimal material selected: Q460 for entity 0c7bcc0f-5095-43c2-a4bf-a3cec9ed400b
2026-05-04 15:21:17,297 [INFO] aibuildx.material_classifier: Optimal material selected: Q460 for entity 228aeafe-8341-4da3-8e8c-97d07dc07264
2026-05-04 15:21:17,297 [INFO] aibuildx.material_classifier: Optimal material selected: Q460 for entity 02a7324a-6c2a-448e-ba41-66cef77486c4
2026-05-04 15:21:17,297 [INFO] aibuildx.material_classifier: Optimal material selected: Q460 for entity f5568fde-cf2d-426b-b86e-e43e46a884f4
2026-05-04 15:21:17,297 [INFO] aibuildx.material_classifier: Optimal material selected: Q460 for entity 9248247f-49af-4a24-aa1b-166f3fb096c3
2026-05-04 15:21:17,297 [INFO] aibuildx.material_classifier: Optimal material selected: Q460 for entity 55b9f1c3-dee5-42d9-bb12-46b0f1cf1b8f
2026-05-04 15:21:17,297 [INFO] aibuildx.material_classifier: Optimal material selected: Q460 for entity f4675225-ba4c-4da5-b593-6ba7f40aec72
2026-05-04 15:21:17,297 [INFO] aibuildx.material_classifier: Optimal material selected: Q460 for entity cfb12d4b-ec02-465d-b548-d8a20e14b570
2026-05-04 15:21:17,297 [INFO] aibuildx.material_classifier: Optimal material selected: Q460 for entity e5ecde25-95c5-4fd1-8c16-b0586dcea775
2026-05-04 15:21:17,297 [INFO] aibuildx.material_classifier: Optimal material selected: Q460 for entity 65887b88-52d7-4829-9ae3-d5a1a210ffa8
2026-05-04 15:21:17,297 [INFO] aibuildx.material_classifier: Optimal material selected: Q460 for entity ed572fb4-e3d1-4f7f-afec-6e9f35ccf6a2
2026-05-04 15:21:17,297 [INFO] aibuildx.material_classifier: Optimal material selected: Q460 for entity 75a501ba-c82f-47c1-ae77-6e622d5abefd
2026-05-04 15:21:17,297 [INFO] aibuildx.material_classifier: Optimal material selected: Q460 for entity 101deb8e-1821-4d65-b7cb-70a856ff85db
2026-05-04 15:21:17,297 [INFO] aibuildx.material_classifier: Optimal material selected: Q460 for entity 98952811-a397-4014-a276-62ca7fd88cdf
2026-05-04 15:21:17,297 [INFO] aibuildx.material_classifier: Optimal material selected: Q460 for entity 87379483-65b8-4165-8e3e-3319777704be
2026-05-04 15:21:17,297 [INFO] aibuildx.material_classifier: Optimal material selected: Q460 for entity 1163fe3b-5be0-4181-bb41-35c1901803fe
2026-05-04 15:21:17,297 [INFO] aibuildx.material_classifier: Optimal material selected: Q460 for entity 1b878bf4-4496-40f3-94bb-1ab1bab75058
2026-05-04 15:21:17,297 [INFO] aibuildx.material_classifier: Optimal material selected: Q460 for entity cc70dad3-a4dc-47e6-8151-965226332bae
2026-05-04 15:21:17,297 [INFO] aibuildx.material_classifier: Optimal material selected: Q460 for entity da42a18f-3479-46cd-ae9b-0581e023b6c8
2026-05-04 15:21:17,297 [INFO] aibuildx.material_classifier: Optimal material selected: Q460 for entity b6e6c57d-b71b-47b7-8f50-36ff49a598b2
2026-05-04 15:21:17,297 [INFO] aibuildx.material_classifier: Optimal material selected: Q460 for entity 1fae674c-2706-4c3b-9d50-6cfaf9ff3f52
2026-05-04 15:21:17,297 [INFO] aibuildx.material_classifier: Optimal material selected: Q460 for entity d82f7eeb-1818-4f64-97d2-5b5e0ab5a0d3
2026-05-04 15:21:17,297 [INFO] aibuildx.material_classifier: Optimal material selected: Q460 for entity 734abec4-8b01-4cb0-98ba-caab1889fd1d
2026-05-04 15:21:17,297 [INFO] aibuildx.material_classifier: Optimal material selected: Q460 for entity e8e095d3-0d81-4f97-b67d-34fc23e8b8a9
2026-05-04 15:21:17,297 [INFO] aibuildx.material_classifier: Optimal material selected: Q460 for entity 8d321581-7b65-42ef-a540-0a86eb9182f9
2026-05-04 15:21:17,298 [INFO] aibuildx.material_classifier: Optimal material selected: Q460 for entity a1816c8c-a027-4cbf-92f7-5f87d4495309
2026-05-04 15:21:17,298 [INFO] aibuildx.material_classifier: Optimal material selected: Q460 for entity 282f00c7-92bf-4d6b-870a-f7a11708547a
2026-05-04 15:21:17,298 [INFO] aibuildx.material_classifier: Optimal material selected: Q460 for entity b389dd5c-e0dc-465e-82c8-b298075c7f3f
2026-05-04 15:21:17,298 [INFO] aibuildx.material_classifier: Optimal material selected: Q460 for entity 8fbc85e1-376d-4831-b8e1-2b9b350fa09d
2026-05-04 15:21:17,298 [INFO] aibuildx.material_classifier: Optimal material selected: Q460 for entity 838b03c9-b6b3-49b8-b7ca-6272a52e8cb7
2026-05-04 15:21:17,298 [INFO] aibuildx.material_classifier: Optimal material selected: Q460 for entity ec431f0b-3f30-43b0-b5d0-50460cd3466e
2026-05-04 15:21:17,298 [INFO] aibuildx.material_classifier: Optimal material selected: Q460 for entity 467c7b88-954b-44e2-b492-ffa00ad18283
2026-05-04 15:21:17,298 [INFO] aibuildx.material_classifier: Optimal material selected: Q460 for entity 5c5246fa-cc76-43b3-8c69-2528ec78b353
2026-05-04 15:21:17,298 [INFO] aibuildx.material_classifier: Optimal material selected: Q460 for entity 28fc8661-6033-483d-8a9c-cfd1106d61d4
2026-05-04 15:21:17,298 [INFO] aibuildx.material_classifier: Optimal material selected: Q460 for entity 0b39c11f-30e9-4680-9bf3-14571355d41a
2026-05-04 15:21:17,298 [INFO] aibuildx.material_classifier: Optimal material selected: Q460 for entity 273ba56f-6027-40a0-86e3-efc2c9151d76
2026-05-04 15:21:17,298 [INFO] aibuildx.material_classifier: Optimal material selected: Q460 for entity 5dea246c-668e-4bab-8a66-d522013d0b0d
2026-05-04 15:21:17,298 [INFO] aibuildx.material_classifier: Optimal material selected: Q460 for entity 638ba5bd-be05-4f3e-a500-bffbb78c6d7e
2026-05-04 15:21:17,298 [INFO] aibuildx.material_classifier: Optimal material selected: Q460 for entity e0b16dfc-8773-4269-a83a-8943f96650e8
2026-05-04 15:21:17,298 [INFO] aibuildx.material_classifier: Optimal material selected: Q460 for entity 93aa79b5-584e-4ab8-b92b-1a42d9eb745e
2026-05-04 15:21:17,298 [INFO] aibuildx.material_classifier: Optimal material selected: Q460 for entity 2e22fb8f-566f-4de1-a653-c3cfabb276f7
2026-05-04 15:21:17,298 [INFO] aibuildx.material_classifier: Optimal material selected: Q460 for entity 7bdc9183-32b2-40d9-ba25-14764e0f5b60
2026-05-04 15:21:17,298 [INFO] aibuildx.material_classifier: Optimal material selected: Q460 for entity 8cf39fa6-1b70-4014-86ad-23a3de5a4042
2026-05-04 15:21:17,298 [INFO] aibuildx.material_classifier: Optimal material selected: Q460 for entity 6dc9b6bd-8b2d-4561-9b99-58075807fd29
2026-05-04 15:21:17,298 [INFO] aibuildx.material_classifier: Optimal material selected: Q460 for entity 609c62c9-5a1b-4cf9-be22-1e56bdbb74ac
2026-05-04 15:21:17,298 [INFO] aibuildx.material_classifier: Optimal material selected: Q460 for entity 6c096426-705d-4ea2-9c20-e1556e14acb4
2026-05-04 15:21:17,298 [INFO] aibuildx.material_classifier: Optimal material selected: Q460 for entity bb1a896d-783a-44f1-8e41-19c4758b0aee
2026-05-04 15:21:17,298 [INFO] aibuildx.material_classifier: Optimal material selected: Q460 for entity f932518c-8f36-499a-bd8d-619e0f5d24db
2026-05-04 15:21:17,298 [INFO] aibuildx.material_classifier: Optimal material selected: Q460 for entity bb5f6f87-777d-4b61-ad3b-5775add504e8
2026-05-04 15:21:17,298 [INFO] aibuildx.material_classifier: Optimal material selected: Q460 for entity bab5bb96-caef-4785-8392-e6ed0cd33f6a
2026-05-04 15:21:17,298 [INFO] aibuildx.material_classifier: Optimal material selected: Q460 for entity 778f1f7e-2c53-4bf5-9f85-5a94c61b512f
2026-05-04 15:21:17,298 [INFO] aibuildx.material_classifier: Optimal material selected: Q460 for entity 693a613c-84c3-4f3d-b9c2-53d52e631522
2026-05-04 15:21:17,298 [INFO] aibuildx.material_classifier: Optimal material selected: Q460 for entity de5f8b0d-e1db-40f8-91b9-c0dd61e3b6d1
2026-05-04 15:21:17,298 [INFO] aibuildx.material_classifier: Optimal material selected: Q460 for entity 02f26b1a-2d14-4de4-b63b-d798a275987c
2026-05-04 15:28:01,800 [INFO] aibuildx.material_classifier: Optimal material selected: Q460 for entity 4f12c66e-522c-4937-8cdd-2bb33b4f2aa9
2026-05-04 15:28:01,803 [INFO] aibuildx.material_classifier: Optimal material selected: Q460 for entity ffc8be9a-4dff-4bb5-93b8-de0c283bfe2c
2026-05-04 15:28:01,804 [INFO] aibuildx.material_classifier: Optimal material selected: Q460 for entity a9cbe44b-38c2-43d0-8bc4-4c3fd0170edf
2026-05-04 15:28:01,804 [INFO] aibuildx.material_classifier: Optimal material selected: Q460 for entity 246203f3-dec5-4767-a930-06d64a0fbec2
2026-05-04 15:28:01,804 [INFO] aibuildx.material_classifier: Optimal material selected: Q460 for entity 85768037-4d1d-4263-ae9e-2df027dec5c0
2026-05-04 15:28:01,804 [INFO] aibuildx.material_classifier: Optimal material selected: Q460 for entity 2ea95caa-13d8-4e52-b8f2-0f69ae5c740c
2026-05-04 15:28:01,804 [INFO] aibuildx.material_classifier: Optimal material selected: Q460 for entity 43bb4b31-5f6a-4ba9-bb09-78cdc742b3e0
2026-05-04 15:28:01,804 [INFO] aibuildx.material_classifier: Optimal material selected: Q460 for entity 30167735-e185-4601-a4db-186116b4ac33
2026-05-04 15:28:01,804 [INFO] aibuildx.material_classifier: Optimal material selected: Q460 for entity 3a10307d-0113-4804-8e56-2cd268a94c27
2026-05-04 15:28:01,804 [INFO] aibuildx.material_classifier: Optimal material selected: Q460 for entity 3371a046-8002-43a8-978e-53e49ddb0839
2026-05-04 15:28:01,804 [INFO] aibuildx.material_classifier: Optimal material selected: Q460 for entity 46b541fa-202f-4e8c-9e45-ce2b03395dad
2026-05-04 15:28:01,804 [INFO] aibuildx.material_classifier: Optimal material selected: Q460 for entity 36df0f2e-ce1c-43d6-94dd-ae937890adcb
2026-05-04 15:28:01,804 [INFO] aibuildx.material_classifier: Optimal material selected: Q460 for entity 1969be6d-ba7a-4851-972d-da91bd40d4ee
2026-05-04 15:28:01,804 [INFO] aibuildx.material_classifier: Optimal material selected: Q460 for entity 33813abf-bd57-4204-abf6-32567479e810
2026-05-04 15:28:01,804 [INFO] aibuildx.material_classifier: Optimal material selected: Q460 for entity b41d7359-1aa0-4dfd-a7a1-ab9061373fa4
2026-05-04 15:28:01,804 [INFO] aibuildx.material_classifier: Optimal material selected: Q460 for entity d78b0f13-e06f-4b5f-a414-cb94d3114b62
2026-05-04 15:28:01,804 [INFO] aibuildx.material_classifier: Optimal material selected: Q460 for entity cf8b1054-c0d0-4683-9f88-1c7bef20b95e
2026-05-04 15:28:01,804 [INFO] aibuildx.material_classifier: Optimal material selected: Q460 for entity 6c7f12e7-6016-4ec3-bf73-e53db74cec82
2026-05-04 15:28:01,805 [INFO] aibuildx.material_classifier: Optimal material selected: Q460 for entity 3acb3b43-81e8-4399-a779-9734107690db
2026-05-04 15:28:01,805 [INFO] aibuildx.material_classifier: Optimal material selected: Q460 for entity 2d48ec50-8876-4fbb-96e2-7630f894f452
2026-05-04 15:28:01,805 [INFO] aibuildx.material_classifier: Optimal material selected: Q460 for entity 0e0cf6b9-ef41-434b-a7cd-466397d6c0bc
2026-05-04 15:28:01,805 [INFO] aibuildx.material_classifier: Optimal material selected: Q460 for entity 7cc1920e-e1e2-4dbd-99a9-b6da3faeef7f
2026-05-04 15:28:01,805 [INFO] aibuildx.material_classifier: Optimal material selected: Q460 for entity 480d1c78-99ee-4390-9378-c9eb63b2c7e2
2026-05-04 15:28:01,806 [INFO] aibuildx.material_classifier: Optimal material selected: Q460 for entity a7658036-eb89-4a30-89d4-a47cdc903ba6
2026-05-04 15:28:01,806 [INFO] aibuildx.material_classifier: Optimal material selected: Q460 for entity 1b08097e-11ca-4f43-88f6-f43bb8689629
2026-05-04 15:28:01,806 [INFO] aibuildx.material_classifier: Optimal material selected: Q460 for entity f727d49d-90da-42ab-920d-ae11471649da
2026-05-04 15:28:01,806 [INFO] aibuildx.material_classifier: Optimal material selected: Q460 for entity 9920922d-47fb-460a-85b9-e1c1bc52c100
2026-05-04 15:28:01,806 [INFO] aibuildx.material_classifier: Optimal material selected: Q460 for entity c61c4978-1a4c-4e14-a563-bbd24e879807
2026-05-04 15:28:01,806 [INFO] aibuildx.material_classifier: Optimal material selected: Q460 for entity 13b78ede-11d7-4e6e-80aa-d4a23a7d9ed2
2026-05-04 15:28:01,806 [INFO] aibuildx.material_classifier: Optimal material selected: Q460 for entity 825de19c-60f7-4133-a50d-1df4aa86ea6a
2026-05-04 15:28:01,806 [INFO] aibuildx.material_classifier: Optimal material selected: Q460 for entity f3a4f827-26a4-433e-8be5-24bcd21cd0e5
2026-05-04 15:28:01,806 [INFO] aibuildx.material_classifier: Optimal material selected: Q460 for entity 4e3137b2-de5e-4040-b9a1-b9b223bf8d5f
2026-05-04 15:28:01,806 [INFO] aibuildx.material_classifier: Optimal material selected: Q460 for entity 7f593bc1-8f00-4981-b836-91aa58714c34
2026-05-04 15:28:01,806 [INFO] aibuildx.material_classifier: Optimal material selected: Q460 for entity 1b17b736-d5ce-48bb-9b77-7a8d1676b6e6
2026-05-04 15:28:01,806 [INFO] aibuildx.material_classifier: Optimal material selected: Q460 for entity 94b76351-8cba-40b0-b711-72e7c7eb83a9
2026-05-04 15:28:01,806 [INFO] aibuildx.material_classifier: Optimal material selected: Q460 for entity e2706bec-4d1c-41f0-b7f4-76e870596362
2026-05-04 15:28:01,806 [INFO] aibuildx.material_classifier: Optimal material selected: Q460 for entity 316fee3f-ef45-4268-b583-ccabf4575696
2026-05-04 15:28:01,806 [INFO] aibuildx.material_classifier: Optimal material selected: Q460 for entity 324a9cbb-c8c3-4eb6-bd00-52353c1a49c8
2026-05-04 15:28:01,806 [INFO] aibuildx.material_classifier: Optimal material selected: Q460 for entity 422b408e-dc6b-4b74-aaa4-5ca0b85f03c9
2026-05-04 15:28:01,806 [INFO] aibuildx.material_classifier: Optimal material selected: Q460 for entity d8e1e384-7f40-486c-9d98-7dabb9c26d31
2026-05-04 15:28:01,806 [INFO] aibuildx.material_classifier: Optimal material selected: Q460 for entity e58fb268-0341-4829-8cd4-410ae5b927ed
2026-05-04 15:28:01,806 [INFO] aibuildx.material_classifier: Optimal material selected: Q460 for entity ea3b89f9-ca6a-4a86-ba7b-11b1a6b06639
2026-05-04 15:28:01,806 [INFO] aibuildx.material_classifier: Optimal material selected: Q460 for entity 0bc975fc-94be-4581-bed3-d1faed060924
2026-05-04 15:28:01,806 [INFO] aibuildx.material_classifier: Optimal material selected: Q460 for entity 2179e6b3-3599-418c-8853-b5281021eae5
2026-05-04 15:28:01,806 [INFO] aibuildx.material_classifier: Optimal material selected: Q460 for entity 631fd413-ac2f-453f-97b0-9af4c5d82c8c
2026-05-04 15:28:01,808 [INFO] aibuildx.material_classifier: Optimal material selected: Q460 for entity 62c8afa0-53ea-4895-8eb0-9dda7e095c83
2026-05-04 15:28:01,808 [INFO] aibuildx.material_classifier: Optimal material selected: Q460 for entity 76e530db-4012-413c-a901-a6774014a6cf
2026-05-04 15:28:01,808 [INFO] aibuildx.material_classifier: Optimal material selected: Q460 for entity a09289f9-7b23-42a6-a6ff-2d2e8e90c90c
2026-05-04 15:28:01,808 [INFO] aibuildx.material_classifier: Optimal material selected: Q460 for entity c30dc4ef-5a92-41f0-acd8-477de43bd313
2026-05-04 15:28:01,808 [INFO] aibuildx.material_classifier: Optimal material selected: Q460 for entity 20820e04-7cdf-460c-8651-3b99e876d5be
2026-05-04 15:28:01,808 [INFO] aibuildx.material_classifier: Optimal material selected: Q460 for entity 17395472-5611-4720-a80a-515fee5cc49a
2026-05-04 15:28:01,808 [INFO] aibuildx.material_classifier: Optimal material selected: Q460 for entity 21e8b9de-c144-4efc-9dbb-5cb92671fb0d
2026-05-04 15:28:01,809 [INFO] aibuildx.material_classifier: Optimal material selected: Q460 for entity 8808d43b-75c9-424d-aa6f-ae6b1ff9846a
2026-05-04 15:28:01,809 [INFO] aibuildx.material_classifier: Optimal material selected: Q460 for entity 06b11ca8-4461-4f96-8458-2c527e6ccfff
2026-05-04 15:28:01,809 [INFO] aibuildx.material_classifier: Optimal material selected: Q460 for entity c3041568-d911-4237-a5ea-f4c13ee6d855
2026-05-04 15:28:01,809 [INFO] aibuildx.material_classifier: Optimal material selected: Q460 for entity e8ba1a81-715c-4478-8503-627c03807789
2026-05-04 15:28:01,809 [INFO] aibuildx.material_classifier: Optimal material selected: Q460 for entity cc0e1ae0-bc92-49d0-8fb0-8df76bcdd27b
2026-05-04 15:28:01,809 [INFO] aibuildx.material_classifier: Optimal material selected: Q460 for entity 24357499-0b41-47d0-9a01-f6a10e105430
2026-05-04 15:28:01,812 [INFO] aibuildx.material_classifier: Optimal material selected: Q460 for entity e5088d91-cdd3-4ad3-8a00-331773d529cd
2026-05-04 15:28:01,812 [INFO] aibuildx.material_classifier: Optimal material selected: Q460 for entity e04beeaf-a1c5-4ec8-883a-997cf21d5dd6
2026-05-04 15:28:01,813 [INFO] aibuildx.material_classifier: Optimal material selected: Q460 for entity 1649e330-8b8b-4a3c-bd05-23b1f7f27a5f
2026-05-04 15:28:01,813 [INFO] aibuildx.material_classifier: Optimal material selected: Q460 for entity d2f9564d-30cc-4ac7-9354-284ea3692409
2026-05-04 15:28:01,813 [INFO] aibuildx.material_classifier: Optimal material selected: Q460 for entity ad6da40e-ac9c-483f-a4da-4d34950dd84c
2026-05-04 15:28:01,814 [INFO] aibuildx.material_classifier: Optimal material selected: Q460 for entity e3c6af33-af4b-4a20-9ef4-6807e7ce3f68
2026-05-04 15:28:01,814 [INFO] aibuildx.material_classifier: Optimal material selected: Q460 for entity caea58ba-59b0-46d5-ba81-7e6404ba9d15
2026-05-04 15:28:01,814 [INFO] aibuildx.material_classifier: Optimal material selected: Q460 for entity 22bb5d8c-16a6-4d8c-adea-9061ea35ce44
2026-05-04 15:28:01,814 [INFO] aibuildx.material_classifier: Optimal material selected: Q460 for entity 6f33acb1-2f4c-4265-8e9c-74c0853ac802
2026-05-04 15:28:01,814 [INFO] aibuildx.material_classifier: Optimal material selected: Q460 for entity 56eff5ac-4e39-4118-bf6f-641d723e2c65
2026-05-04 15:28:01,814 [INFO] aibuildx.material_classifier: Optimal material selected: Q460 for entity 9f80487f-0b78-4bcd-9936-98415a9dd8f2
2026-05-04 15:28:01,814 [INFO] aibuildx.material_classifier: Optimal material selected: Q460 for entity 8cc9df53-9371-408f-aa28-d9b7b9ff0837
2026-05-04 15:28:01,814 [INFO] aibuildx.material_classifier: Optimal material selected: Q460 for entity 8a02c54f-1f8c-4019-980e-7519a0002c2a
2026-05-04 15:28:01,814 [INFO] aibuildx.material_classifier: Optimal material selected: Q460 for entity 13c133d6-17d5-4a66-a4d0-b4070d27a433
2026-05-04 15:28:01,815 [INFO] aibuildx.material_classifier: Optimal material selected: Q460 for entity 006659e9-5b6a-491d-bcea-bec84aa76c69
2026-05-04 15:28:01,815 [INFO] aibuildx.material_classifier: Optimal material selected: Q460 for entity 9eb448f0-5106-4ac4-acb4-352e541ac78d
2026-05-04 15:28:01,815 [INFO] aibuildx.material_classifier: Optimal material selected: Q460 for entity 5c270a04-5526-4014-8fe5-60384b3e1920
2026-05-04 15:28:01,815 [INFO] aibuildx.material_classifier: Optimal material selected: Q460 for entity ebc11ae0-a45d-43ee-8d37-e6c41b10bc9d
2026-05-04 15:28:01,815 [INFO] aibuildx.material_classifier: Optimal material selected: Q460 for entity 862feb0e-dde5-4b12-b7e5-90a401dee17a
2026-05-04 15:28:01,815 [INFO] aibuildx.material_classifier: Optimal material selected: Q460 for entity 6abd660d-f4a2-4c28-9f95-842cf2b377be
2026-05-04 15:28:01,815 [INFO] aibuildx.material_classifier: Optimal material selected: Q460 for entity a43d06bc-a234-4d18-809e-dbee398b77ae
2026-05-04 15:28:01,815 [INFO] aibuildx.material_classifier: Optimal material selected: Q460 for entity f0366df2-11cf-42bb-9c6f-849b9dc98827
2026-05-04 15:28:01,815 [INFO] aibuildx.material_classifier: Optimal material selected: Q460 for entity 8526a56c-24c4-4fa8-ad72-3e5cc9d4d938
2026-05-04 15:28:01,816 [INFO] aibuildx.material_classifier: Optimal material selected: Q460 for entity 6dfb6a95-c2c8-4e86-a89a-5af8d66c9c16
2026-05-04 15:28:01,816 [INFO] aibuildx.material_classifier: Optimal material selected: Q460 for entity 44eb4c01-3958-4f06-aa42-a014a81897fd
2026-05-04 15:28:01,816 [INFO] aibuildx.material_classifier: Optimal material selected: Q460 for entity 79984960-fac9-4342-b1a9-2097fd5ce901
2026-05-04 15:28:01,816 [INFO] aibuildx.material_classifier: Optimal material selected: Q460 for entity 1d0a9262-752c-425a-a1b7-bd5a3ae524bb
2026-05-04 15:28:01,816 [INFO] aibuildx.material_classifier: Optimal material selected: Q460 for entity 5e2c262d-bb06-4e08-a3d2-24328f1b11f5
2026-05-04 15:28:01,816 [INFO] aibuildx.material_classifier: Optimal material selected: Q460 for entity 39d762fa-327c-4876-9d16-6dc85a668009
2026-05-04 15:28:01,816 [INFO] aibuildx.material_classifier: Optimal material selected: Q460 for entity a1833e19-caa4-4153-99cd-b16401816ea0
2026-05-04 15:28:01,816 [INFO] aibuildx.material_classifier: Optimal material selected: Q460 for entity 0a632f7c-b972-4644-a65c-df05df9e6af9
2026-05-04 15:28:01,816 [INFO] aibuildx.material_classifier: Optimal material selected: Q460 for entity 326607ea-b616-401a-a483-3bc23b23e0b0
2026-05-04 15:28:01,816 [INFO] aibuildx.material_classifier: Optimal material selected: Q460 for entity 7e0666b4-53ae-4ffc-805f-fc543015d3e3
2026-05-04 15:28:01,816 [INFO] aibuildx.material_classifier: Optimal material selected: Q460 for entity 70d36b12-152d-46bb-b0bc-7d3915710bc5
2026-05-04 15:28:01,816 [INFO] aibuildx.material_classifier: Optimal material selected: Q460 for entity b4cf895c-fb23-4957-9b24-903eb5f1caa1
2026-05-04 15:28:01,816 [INFO] aibuildx.material_classifier: Optimal material selected: Q460 for entity 994f4b6f-63cb-48ab-a181-97d6b97fc106
2026-05-04 15:28:01,816 [INFO] aibuildx.material_classifier: Optimal material selected: Q460 for entity ff6a9e10-f4e1-4382-bb6c-d0eef0f67325
2026-05-04 15:28:01,816 [INFO] aibuildx.material_classifier: Optimal material selected: Q460 for entity fd8d5a8d-3e16-46dd-a818-1198d5ce02b2
2026-05-04 15:28:01,816 [INFO] aibuildx.material_classifier: Optimal material selected: ASTM A992 for entity bca59993-fe85-433d-a621-f340aa70d3c0
2026-05-04 15:28:01,816 [INFO] aibuildx.material_classifier: Optimal material selected: ASTM A992 for entity f58b8135-cc68-48b3-b200-548fa330eb55
2026-05-04 15:28:01,816 [INFO] aibuildx.material_classifier: Optimal material selected: ASTM A992 for entity 23530ec0-59c5-4241-aef7-e79a859c21a7
2026-05-04 15:28:01,816 [INFO] aibuildx.material_classifier: Optimal material selected: ASTM A992 for entity ca06eb3c-21ea-426b-ae9b-62cdd9dbca69
2026-05-04 15:28:01,816 [INFO] aibuildx.material_classifier: Optimal material selected: ASTM A992 for entity 18555d97-e483-46fb-9377-75e823eadaa4
2026-05-04 15:28:01,816 [INFO] aibuildx.material_classifier: Optimal material selected: ASTM A992 for entity 230f683a-6c04-4e78-80f1-866bce84906c
2026-05-04 15:28:01,816 [INFO] aibuildx.material_classifier: Optimal material selected: ASTM A992 for entity 5f1e49cc-3ceb-4748-b4e4-bed9abbd2abf
2026-05-04 15:28:01,816 [INFO] aibuildx.material_classifier: Optimal material selected: ASTM A992 for entity d9bf2c92-cbd5-4cce-b13b-fa6b0a5345cb
2026-05-04 15:28:01,817 [INFO] aibuildx.material_classifier: Optimal material selected: ASTM A992 for entity a7fd3397-20c0-4e2f-a79e-944120923c88
2026-05-04 15:28:01,818 [INFO] aibuildx.material_classifier: Optimal material selected: ASTM A992 for entity a1de709f-ccd2-4a41-9eee-caa855891006
2026-05-04 15:28:01,818 [INFO] aibuildx.material_classifier: Optimal material selected: ASTM A992 for entity d7990696-577c-4a58-a931-38ba4a4479d0
2026-05-04 15:28:01,818 [INFO] aibuildx.material_classifier: Optimal material selected: ASTM A992 for entity ac85d6f0-0b15-4c04-b63d-1da221480844
2026-05-04 15:28:01,818 [INFO] aibuildx.material_classifier: Optimal material selected: ASTM A992 for entity 300325ed-0d3d-40b9-b1c9-ba9805723d31
2026-05-04 15:28:01,818 [INFO] aibuildx.material_classifier: Optimal material selected: ASTM A992 for entity a797606c-0df6-437a-9487-8e0d1b514c23
2026-05-04 15:28:01,818 [INFO] aibuildx.material_classifier: Optimal material selected: ASTM A992 for entity e8743bde-c43f-4e47-9022-a680aa397e6f
2026-05-04 15:28:01,819 [INFO] aibuildx.material_classifier: Optimal material selected: ASTM A992 for entity 14d91954-14b7-4b6f-81d7-d6cac86516b8
2026-05-04 15:28:01,819 [INFO] aibuildx.material_classifier: Optimal material selected: ASTM A992 for entity 2941331b-4f76-41d3-951c-4a8bb22c15a7
2026-05-04 15:28:01,819 [INFO] aibuildx.material_classifier: Optimal material selected: ASTM A992 for entity be7f256d-c81f-41a3-9df5-2d8aab0cbdb0
2026-05-04 15:28:01,819 [INFO] aibuildx.material_classifier: Optimal material selected: ASTM A992 for entity 74b54e05-eb75-4538-8fb3-24f232a111a0
2026-05-04 15:28:01,819 [INFO] aibuildx.material_classifier: Optimal material selected: ASTM A992 for entity 9cbe0b35-31c6-4d31-822b-af1c9d064f99
2026-05-04 15:28:01,819 [INFO] aibuildx.material_classifier: Optimal material selected: ASTM A992 for entity 9fa6a438-bb2d-476a-8a32-7ee95353e615
2026-05-04 15:28:01,819 [INFO] aibuildx.material_classifier: Optimal material selected: ASTM A992 for entity 4d19d966-a5eb-45d2-8ad1-167d11a19925
2026-05-04 15:28:01,820 [INFO] aibuildx.material_classifier: Optimal material selected: ASTM A992 for entity a7b3d657-0f7c-4f97-b41a-a8bfb9e24fdf
2026-05-04 15:28:01,820 [INFO] aibuildx.material_classifier: Optimal material selected: ASTM A992 for entity 4aadbf65-2b3d-467d-8601-6d1494d0d3e3
2026-05-04 15:28:01,820 [INFO] aibuildx.material_classifier: Optimal material selected: ASTM A992 for entity c7d6d7d9-1209-43cf-bcf2-2ee15428f2d1
2026-05-04 15:28:01,820 [INFO] aibuildx.material_classifier: Optimal material selected: ASTM A992 for entity 10b2120b-ba5e-4632-bdc9-ae32b01ff213
2026-05-04 15:28:01,820 [INFO] aibuildx.material_classifier: Optimal material selected: ASTM A992 for entity 1476a038-ecdd-4e72-b3e3-76ce2a08b568
2026-05-04 15:28:01,820 [INFO] aibuildx.material_classifier: Optimal material selected: ASTM A992 for entity f57536a9-2b2f-4796-834d-cb3156dbb8b8
2026-05-04 15:28:01,838 [INFO] aibuildx.material_classifier: Optimal material selected: ASTM A992 for entity e1a2e81a-d0e2-4257-8676-93091a25f331
2026-05-04 15:28:01,839 [INFO] aibuildx.material_classifier: Optimal material selected: ASTM A992 for entity 943bd9c7-babc-472e-bd7a-ff2f6120c159
2026-05-04 15:28:01,841 [INFO] aibuildx.material_classifier: Optimal material selected: ASTM A992 for entity ae478c17-b897-42a0-ae18-98debca95359
2026-05-04 15:28:01,841 [INFO] aibuildx.material_classifier: Optimal material selected: ASTM A992 for entity fcdf0304-550e-4a72-8e6b-0791cb5cc383
2026-05-04 15:28:01,841 [INFO] aibuildx.material_classifier: Optimal material selected: ASTM A992 for entity 67b043c0-344e-4160-96ac-97718b7f6060
2026-05-04 15:28:01,841 [INFO] aibuildx.material_classifier: Optimal material selected: ASTM A992 for entity 60ea6c68-6a7d-4597-a719-7202bc1a7b19
2026-05-04 15:28:01,842 [INFO] aibuildx.material_classifier: Optimal material selected: ASTM A992 for entity 73cc6de2-a560-4585-a3b9-06d9dec3c386
2026-05-04 15:28:01,842 [INFO] aibuildx.material_classifier: Optimal material selected: ASTM A992 for entity b5dafd6d-3451-4a6b-a902-22d6a630efaa
2026-05-04 15:28:01,842 [INFO] aibuildx.material_classifier: Optimal material selected: ASTM A992 for entity 78cb8705-5b18-45e2-8175-e5440d635871
2026-05-04 15:28:01,842 [INFO] aibuildx.material_classifier: Optimal material selected: ASTM A992 for entity 12cf546d-23c0-4e4c-a512-84b54da4d120
2026-05-04 15:28:01,842 [INFO] aibuildx.material_classifier: Optimal material selected: ASTM A992 for entity 79fb3982-090a-4a9b-a0fc-897a4525ab5c
2026-05-04 15:28:01,842 [INFO] aibuildx.material_classifier: Optimal material selected: ASTM A992 for entity 2de78fdf-5820-4086-b7b6-2ad2f6329a4d
2026-05-04 15:28:01,842 [INFO] aibuildx.material_classifier: Optimal material selected: ASTM A992 for entity 9d2504a3-544d-4192-8ddd-413538ac8e68
2026-05-04 15:28:01,842 [INFO] aibuildx.material_classifier: Optimal material selected: ASTM A992 for entity fa700f27-e77f-4b3e-aeaf-830f4ded72fa
2026-05-04 15:28:01,843 [INFO] aibuildx.material_classifier: Optimal material selected: ASTM A992 for entity d4326114-7104-40fc-a5d6-22f6134e4da8
2026-05-04 15:28:01,843 [INFO] aibuildx.material_classifier: Optimal material selected: ASTM A992 for entity b0a2e77b-640d-4a7c-a516-67aa980d4ec7
2026-05-04 15:28:01,843 [INFO] aibuildx.material_classifier: Optimal material selected: ASTM A992 for entity 82ba16dc-2ca1-4ba8-92a4-00542588ac02
2026-05-04 15:28:01,843 [INFO] aibuildx.material_classifier: Optimal material selected: ASTM A992 for entity e31fe10e-34f0-4ed5-9152-81353ea4305f
2026-05-04 15:28:01,852 [INFO] aibuildx.material_classifier: Optimal material selected: ASTM A992 for entity e01de09e-107a-49b0-9657-c3ada488e9c4
2026-05-04 15:28:01,852 [INFO] aibuildx.material_classifier: Optimal material selected: ASTM A992 for entity 68929f8f-6605-4f83-898c-3c46c6bd8265
2026-05-04 15:28:01,852 [INFO] aibuildx.material_classifier: Optimal material selected: ASTM A992 for entity f6eccf76-7824-49a1-9730-03bad084c48b
2026-05-04 15:28:01,852 [INFO] aibuildx.material_classifier: Optimal material selected: ASTM A992 for entity 1be29525-018c-4ea8-9ec0-69abf1feb16b
2026-05-04 15:28:01,853 [INFO] aibuildx.material_classifier: Optimal material selected: ASTM A992 for entity dc83aad9-44af-4e97-9462-d9bb4af23649
2026-05-04 15:28:01,853 [INFO] aibuildx.material_classifier: Optimal material selected: ASTM A992 for entity 480cd60e-6016-475b-999c-37f41b7898b7
2026-05-04 15:28:01,853 [INFO] aibuildx.material_classifier: Optimal material selected: ASTM A992 for entity 0504ccb3-8e94-46de-900c-2eac087ed59e
2026-05-04 15:28:01,853 [INFO] aibuildx.material_classifier: Optimal material selected: ASTM A992 for entity 0e761fc7-c92d-45dd-ae3d-72c16d02a1c8
2026-05-04 15:28:01,853 [INFO] aibuildx.material_classifier: Optimal material selected: ASTM A992 for entity 0c6eb37b-e04c-486b-a9d4-07f4b7375d9b
2026-05-04 15:28:01,853 [INFO] aibuildx.material_classifier: Optimal material selected: ASTM A992 for entity 767c049d-18f6-4b38-86be-9124ebb5b8aa
2026-05-04 15:28:01,853 [INFO] aibuildx.material_classifier: Optimal material selected: ASTM A992 for entity 4805774f-a8a3-4b3f-bd29-80bfbc71f1e4
2026-05-04 15:28:01,853 [INFO] aibuildx.material_classifier: Optimal material selected: ASTM A992 for entity 16aa26bb-fbf3-48be-ac3d-3dfd803e01ce
2026-05-04 15:28:01,853 [INFO] aibuildx.material_classifier: Optimal material selected: ASTM A992 for entity 6e81d698-de56-425f-887e-2408fd76611a
2026-05-04 15:28:01,854 [INFO] aibuildx.material_classifier: Optimal material selected: ASTM A992 for entity 2fae2212-971d-4b18-bcb7-cbb4c23a14d4
2026-05-04 15:28:01,855 [INFO] aibuildx.material_classifier: Optimal material selected: ASTM A992 for entity 8b71596b-bf34-4d54-ad2b-53b856a2236b
2026-05-04 15:28:01,855 [INFO] aibuildx.material_classifier: Optimal material selected: ASTM A992 for entity 63b4175c-412e-497f-9f0a-5c8aef58cff4
2026-05-04 15:28:01,855 [INFO] aibuildx.material_classifier: Optimal material selected: ASTM A992 for entity 601667b0-1248-4b46-b51a-edfa2becd9db
2026-05-04 15:28:01,855 [INFO] aibuildx.material_classifier: Optimal material selected: ASTM A992 for entity 35d2f8c2-174d-4712-a2ab-8751076fa716
2026-05-04 15:28:01,855 [INFO] aibuildx.material_classifier: Optimal material selected: Q460 for entity 3a7641b5-8f43-4498-8358-8569c72781d2
2026-05-04 15:28:01,855 [INFO] aibuildx.material_classifier: Optimal material selected: Q460 for entity 02db90cb-f841-45d2-b7bd-eb158f516f7e
2026-05-04 15:28:01,856 [INFO] aibuildx.material_classifier: Optimal material selected: Q460 for entity 678bf7dc-aadf-4877-828f-fab244afa92e
2026-05-04 15:28:01,856 [INFO] aibuildx.material_classifier: Optimal material selected: Q460 for entity 2a76e5b2-1890-4fbe-a03c-c2bb16f3a940
2026-05-04 15:28:01,857 [INFO] aibuildx.material_classifier: Optimal material selected: Q460 for entity c48f73c3-0dcd-4946-95f4-bb44c6e84c0b
2026-05-04 15:28:01,857 [INFO] aibuildx.material_classifier: Optimal material selected: Q460 for entity 95d128c2-7554-4d64-9cca-9443a77516e7
2026-05-04 15:28:01,857 [INFO] aibuildx.material_classifier: Optimal material selected: Q460 for entity 5e1bbf68-c50e-486d-98bf-989f90f20146
2026-05-04 15:28:01,857 [INFO] aibuildx.material_classifier: Optimal material selected: Q460 for entity 5a5a889d-5761-4b93-98c0-312b891ad459
2026-05-04 15:28:01,857 [INFO] aibuildx.material_classifier: Optimal material selected: Q460 for entity 5c4051b5-eb09-415e-a381-304df7d1b036
2026-05-04 15:28:01,857 [INFO] aibuildx.material_classifier: Optimal material selected: Q460 for entity 483bbb8d-99f2-45d2-b4b2-60f27c50832d
2026-05-04 15:28:01,857 [INFO] aibuildx.material_classifier: Optimal material selected: Q460 for entity 47ba3fe6-585d-468a-8f69-5751cdd84997
2026-05-04 15:28:01,857 [INFO] aibuildx.material_classifier: Optimal material selected: Q460 for entity 5d07defb-3c92-4263-a599-e6cf4159b1a3
2026-05-04 15:28:01,857 [INFO] aibuildx.material_classifier: Optimal material selected: Q460 for entity 9930c37e-2a71-4242-b53e-c18db0ae4cb7
2026-05-04 15:28:01,857 [INFO] aibuildx.material_classifier: Optimal material selected: Q460 for entity 9fcc7015-203b-4294-a3d4-83934e37a48f
2026-05-04 15:28:01,857 [INFO] aibuildx.material_classifier: Optimal material selected: Q460 for entity 1b6cab33-858f-4463-bfb9-ec21abe78044
2026-05-04 15:28:01,857 [INFO] aibuildx.material_classifier: Optimal material selected: Q460 for entity 0cad58d3-eaeb-40b0-b1d9-2c3edf383b36
2026-05-04 15:28:01,858 [INFO] aibuildx.material_classifier: Optimal material selected: Q460 for entity 35b3aa55-2bc5-4602-9f4b-776a858ed89c
2026-05-04 15:28:01,858 [INFO] aibuildx.material_classifier: Optimal material selected: Q460 for entity 363b07bb-fe1c-4e0a-8de7-7b3df3cdb6ab
2026-05-04 15:28:01,858 [INFO] aibuildx.material_classifier: Optimal material selected: Q460 for entity d500f7e7-3b44-45fa-8196-03479f3889ae
2026-05-04 15:28:01,858 [INFO] aibuildx.material_classifier: Optimal material selected: Q460 for entity fbcfac6e-1821-4f9e-811e-125ceaa64f4d
2026-05-04 15:28:01,858 [INFO] aibuildx.material_classifier: Optimal material selected: Q460 for entity 00c18f33-7d73-41f7-9cbf-6a1834d47697
2026-05-04 15:28:01,858 [INFO] aibuildx.material_classifier: Optimal material selected: Q460 for entity 23ab35cb-dadd-4a6f-9367-80667b4c7a86
2026-05-04 15:28:01,858 [INFO] aibuildx.material_classifier: Optimal material selected: Q460 for entity e0fe6ce3-5f37-4741-9790-021fdbf2a0b6
2026-05-04 15:28:01,858 [INFO] aibuildx.material_classifier: Optimal material selected: Q460 for entity 0a7081eb-fc95-4747-84d1-3263cd3d2a39
2026-05-04 15:28:01,858 [INFO] aibuildx.material_classifier: Optimal material selected: Q460 for entity 3d1669f6-3c2d-40c9-b2a1-38ca679b3bc1
2026-05-04 15:28:01,858 [INFO] aibuildx.material_classifier: Optimal material selected: Q460 for entity 1eb76141-0710-4280-87dd-afd82e26666d
2026-05-04 15:28:01,858 [INFO] aibuildx.material_classifier: Optimal material selected: Q460 for entity f422975a-a12c-478b-b70d-9be49f471630
2026-05-04 15:28:01,858 [INFO] aibuildx.material_classifier: Optimal material selected: Q460 for entity 3eb1bf1e-6258-40de-924d-32673e6ad5a4
2026-05-04 15:28:01,858 [INFO] aibuildx.material_classifier: Optimal material selected: Q460 for entity 55617cfb-e5ef-45dc-be00-99844e80feb6
2026-05-04 15:28:01,858 [INFO] aibuildx.material_classifier: Optimal material selected: Q460 for entity c6b18453-24c0-4bd4-9091-2849668bec2e
2026-05-04 15:28:01,858 [INFO] aibuildx.material_classifier: Optimal material selected: Q460 for entity 2a686d77-fafb-41ec-ac8f-35516a297f25
2026-05-04 15:28:01,858 [INFO] aibuildx.material_classifier: Optimal material selected: Q460 for entity 75dc7034-ad2b-462e-b206-d6e080f17d9f
2026-05-04 15:28:01,858 [INFO] aibuildx.material_classifier: Optimal material selected: Q460 for entity 3c062eae-cf6d-49ca-943b-a7c60e5befbf
2026-05-04 15:28:01,858 [INFO] aibuildx.material_classifier: Optimal material selected: Q460 for entity fd51cce8-0486-4f00-955d-f8fa3170eb6b
2026-05-04 15:28:01,858 [INFO] aibuildx.material_classifier: Optimal material selected: Q460 for entity 03b4fe3c-1db5-493b-8fd6-c89e8c7e8c5e
2026-05-04 15:28:01,858 [INFO] aibuildx.material_classifier: Optimal material selected: Q460 for entity 39345890-104b-4995-bd01-0e075f2b7723
2026-05-04 15:28:01,858 [INFO] aibuildx.material_classifier: Optimal material selected: Q460 for entity 4f6e13a9-ebd5-41f2-bef3-6f577f7854af
2026-05-04 15:28:01,858 [INFO] aibuildx.material_classifier: Optimal material selected: Q460 for entity 91c6f832-0c4d-4fee-8873-bad2ad68c592
2026-05-04 15:28:01,858 [INFO] aibuildx.material_classifier: Optimal material selected: Q460 for entity cc83de66-3376-4440-9291-d52d832ac88a
2026-05-04 15:28:01,859 [INFO] aibuildx.material_classifier: Optimal material selected: Q460 for entity 919fd0e7-5d92-4605-856e-6ea7985d5f55
2026-05-04 15:28:01,859 [INFO] aibuildx.material_classifier: Optimal material selected: Q460 for entity a363c6a9-f060-4921-98bd-b185ffd9f77a
2026-05-04 15:28:01,859 [INFO] aibuildx.material_classifier: Optimal material selected: Q460 for entity 37274c06-c22c-4701-83e4-8d2673924b59
2026-05-04 15:28:01,859 [INFO] aibuildx.material_classifier: Optimal material selected: Q460 for entity cb9a55d8-b6a1-43af-abf5-285f80229c8a
2026-05-04 15:28:01,859 [INFO] aibuildx.material_classifier: Optimal material selected: Q460 for entity 9210aa03-75cb-4466-91ab-7c06a95b546c
2026-05-04 15:28:01,859 [INFO] aibuildx.material_classifier: Optimal material selected: Q460 for entity 401b1386-ff22-4350-90c7-e59021acd125
2026-05-04 15:28:01,859 [INFO] aibuildx.material_classifier: Optimal material selected: Q460 for entity e040535d-7d54-4145-b72c-14272939f98b
2026-05-04 15:28:01,859 [INFO] aibuildx.material_classifier: Optimal material selected: Q460 for entity 0375e772-2957-4e70-8a47-a02bb6c63c98
2026-05-04 15:28:01,859 [INFO] aibuildx.material_classifier: Optimal material selected: Q460 for entity 73b6930a-b2a6-4e36-a6a7-ad5218428b2b
2026-05-04 15:28:01,859 [INFO] aibuildx.material_classifier: Optimal material selected: Q460 for entity ee4894c1-1c1f-4d6b-ba26-1e2477eb4b02
2026-05-04 15:28:01,859 [INFO] aibuildx.material_classifier: Optimal material selected: Q460 for entity 4ff91326-09d3-4ac4-82ea-ae8231c06b44
2026-05-04 15:28:01,859 [INFO] aibuildx.material_classifier: Optimal material selected: Q460 for entity 3a6d331f-e1f3-4fea-9ad3-6561c44ba463
2026-05-04 15:28:01,859 [INFO] aibuildx.material_classifier: Optimal material selected: Q460 for entity d67095f4-68ab-4d3a-bf22-5d58279319e1
2026-05-04 15:28:01,859 [INFO] aibuildx.material_classifier: Optimal material selected: Q460 for entity 5d59604d-fb0f-42b0-b436-555d8b6027a7
2026-05-04 15:28:01,859 [INFO] aibuildx.material_classifier: Optimal material selected: Q460 for entity 0a363122-28d9-43e9-955a-234721a9381e
2026-05-04 15:28:01,859 [INFO] aibuildx.material_classifier: Optimal material selected: Q460 for entity 535a09e8-2ef2-4f18-9e32-82395240a3ad
2026-05-04 15:28:01,859 [INFO] aibuildx.material_classifier: Optimal material selected: Q460 for entity a4dff677-b619-4818-8e6f-865ae8f85c40
2026-05-04 15:28:01,859 [INFO] aibuildx.material_classifier: Optimal material selected: Q460 for entity e0d4f1b6-25dd-45b4-900c-e3a685502fe2
2026-05-04 15:28:01,859 [INFO] aibuildx.material_classifier: Optimal material selected: Q460 for entity 83438f23-b091-4fcd-ac20-198210c31bd4
2026-05-04 15:28:01,859 [INFO] aibuildx.material_classifier: Optimal material selected: Q460 for entity f43a4a7b-891e-4c5e-b3d7-36fc1b0f5a5b
2026-05-04 15:28:01,859 [INFO] aibuildx.material_classifier: Optimal material selected: Q460 for entity 48237f25-20e2-4197-b853-82fe2138f63d
2026-05-04 15:28:01,859 [INFO] aibuildx.material_classifier: Optimal material selected: Q460 for entity eef745da-b0e9-46a1-8a51-f11b38a933c2
2026-05-04 15:28:01,859 [INFO] aibuildx.material_classifier: Optimal material selected: Q460 for entity 51a52c97-09b8-4b59-8087-e63e72facbaf
2026-05-04 15:28:01,859 [INFO] aibuildx.material_classifier: Optimal material selected: Q460 for entity ac353fbd-b595-4776-af15-d388f17d826d
2026-05-04 15:28:01,859 [INFO] aibuildx.material_classifier: Optimal material selected: Q460 for entity 4669752a-ab5a-4aeb-91a0-96994745c6e5
2026-05-04 15:28:01,859 [INFO] aibuildx.material_classifier: Optimal material selected: Q460 for entity 83136ae7-56ab-48a3-8178-518c001a0761
2026-05-04 15:28:01,859 [INFO] aibuildx.material_classifier: Optimal material selected: Q460 for entity a218ef00-70d8-4fa5-9ebc-bfc1d6915c66
2026-05-04 15:28:01,859 [INFO] aibuildx.material_classifier: Optimal material selected: Q460 for entity 0dcbcb27-528c-4ce2-a073-a722be40f7d9
2026-05-04 15:28:01,859 [INFO] aibuildx.material_classifier: Optimal material selected: Q460 for entity 6bfc1b5c-9ee3-4cbf-a4cc-3dc6d27c25a5
2026-05-04 15:28:01,859 [INFO] aibuildx.material_classifier: Optimal material selected: Q460 for entity 220d964d-16bb-43d4-8ea9-9067bda09651
2026-05-04 15:28:01,859 [INFO] aibuildx.material_classifier: Optimal material selected: Q460 for entity 3df9dca7-c0b9-497e-a8fc-c901f4746e4d
2026-05-04 15:28:01,859 [INFO] aibuildx.material_classifier: Optimal material selected: Q460 for entity 0c631cfe-37ff-4012-b19d-53eb5411acf1
2026-05-04 15:28:01,859 [INFO] aibuildx.material_classifier: Optimal material selected: Q460 for entity d370a17e-3fab-40b9-901b-52ec8e409a7d
2026-05-04 15:28:01,859 [INFO] aibuildx.material_classifier: Optimal material selected: Q460 for entity 649c4569-8d2c-4e24-b376-f43f6bcb7395
2026-05-04 15:28:01,859 [INFO] aibuildx.material_classifier: Optimal material selected: Q460 for entity 9da69a02-fddf-464c-90d6-4b5f8d6fc49f
2026-05-04 15:28:01,860 [INFO] aibuildx.material_classifier: Optimal material selected: Q460 for entity b23dbd60-79d6-4e87-8a8f-ce32eefc065d
2026-05-04 15:28:01,860 [INFO] aibuildx.material_classifier: Optimal material selected: Q460 for entity a4d28b5b-bce9-4a5f-b7cd-d4876da24d03
2026-05-04 15:28:01,860 [INFO] aibuildx.material_classifier: Optimal material selected: Q460 for entity 5e25b9f1-63c2-4919-903d-55d41b9b95d9
2026-05-04 15:28:01,860 [INFO] aibuildx.material_classifier: Optimal material selected: Q460 for entity 71e6affe-4966-474d-8d71-127e4fb482ed
2026-05-04 15:28:01,861 [INFO] aibuildx.material_classifier: Optimal material selected: Q460 for entity d8f636c5-25b5-4527-ab69-78f4530766b4
2026-05-04 15:28:01,861 [INFO] aibuildx.material_classifier: Optimal material selected: Q460 for entity a9cbf214-d730-4d7c-82d1-2bb057aa9395
2026-05-04 15:28:01,861 [INFO] aibuildx.material_classifier: Optimal material selected: Q460 for entity b1cb3ca4-d84e-4373-a2a1-ab4676451aef
2026-05-04 15:28:01,861 [INFO] aibuildx.material_classifier: Optimal material selected: Q460 for entity be0fb93c-c85c-49db-9431-760e360bf9f9
2026-05-04 15:28:01,861 [INFO] aibuildx.material_classifier: Optimal material selected: Q460 for entity 194c28b5-e56f-4e14-b247-fa0a38a8b06e
2026-05-04 15:28:01,861 [INFO] aibuildx.material_classifier: Optimal material selected: Q460 for entity f03e7947-e3e5-46a5-a735-981c4cdb1b12
2026-05-04 15:28:01,861 [INFO] aibuildx.material_classifier: Optimal material selected: Q460 for entity d61fd910-c32f-4308-b936-c54f4452d126
2026-05-04 15:28:01,863 [INFO] aibuildx.material_classifier: Optimal material selected: Q460 for entity 49e91472-f939-495d-af69-defa6157d4b0
2026-05-04 15:28:01,864 [INFO] aibuildx.material_classifier: Optimal material selected: Q460 for entity 77d6b2d1-295c-4550-ab6d-cec2d3cfd19b
2026-05-04 15:28:01,864 [INFO] aibuildx.material_classifier: Optimal material selected: Q460 for entity 37dbb389-0e1c-4e41-906a-96940d6540a2
2026-05-04 15:28:01,865 [INFO] aibuildx.material_classifier: Optimal material selected: Q460 for entity a042eb6e-754d-400c-b21f-624fb83a3300
2026-05-04 15:28:01,865 [INFO] aibuildx.material_classifier: Optimal material selected: Q460 for entity dafae7ca-3d11-4088-9b93-ea6e4ee19af1
2026-05-04 15:28:01,865 [INFO] aibuildx.material_classifier: Optimal material selected: Q460 for entity 05f0068f-53ca-4e54-a91e-c171b5c99312
2026-05-04 15:28:01,865 [INFO] aibuildx.material_classifier: Optimal material selected: Q460 for entity 29058916-c3d6-4963-a6a1-ec218e283935
2026-05-04 15:28:01,865 [INFO] aibuildx.material_classifier: Optimal material selected: Q460 for entity af44c133-54d1-4c60-ad32-cd8a6f29f7e4
2026-05-04 15:28:01,865 [INFO] aibuildx.material_classifier: Optimal material selected: Q460 for entity 6b5be502-9fcd-4b12-94c4-7c29bf141077
2026-05-04 15:28:01,865 [INFO] aibuildx.material_classifier: Optimal material selected: Q460 for entity 46e08dc8-e05a-456d-b1d2-c3e2007a2c1a
2026-05-04 15:28:01,865 [INFO] aibuildx.material_classifier: Optimal material selected: Q460 for entity 1796d285-3ccb-4842-87b0-96f62f027bc3
2026-05-04 15:28:01,865 [INFO] aibuildx.material_classifier: Optimal material selected: Q460 for entity 00eb943f-21d6-4af1-8e42-0a4bfd9e1122
2026-05-04 15:28:01,866 [INFO] aibuildx.material_classifier: Optimal material selected: Q460 for entity a7730e06-95ef-49b8-b7dc-a98d216ea8e3
2026-05-04 15:28:01,866 [INFO] aibuildx.material_classifier: Optimal material selected: Q460 for entity 9b8c64cd-902f-4658-9299-8bc0d7588cf0
2026-05-04 15:28:01,866 [INFO] aibuildx.material_classifier: Optimal material selected: Q460 for entity 60025e21-0cc9-4ed8-80a9-ab7aae5140b9
2026-05-04 15:28:01,866 [INFO] aibuildx.material_classifier: Optimal material selected: Q460 for entity 8faa62eb-f6ac-40ec-8ca8-dd3dd7c41dd4
2026-05-04 15:28:01,866 [INFO] aibuildx.material_classifier: Optimal material selected: Q460 for entity c4ea5231-743d-4ab3-832f-c3399da2f0e0
2026-05-04 15:28:01,866 [INFO] aibuildx.material_classifier: Optimal material selected: Q460 for entity e51ff7cd-2fd8-4830-9772-5e6e0884899b
2026-05-04 15:28:01,866 [INFO] aibuildx.material_classifier: Optimal material selected: Q460 for entity 7a275685-aae6-4913-bb3d-e17933dd8235
2026-05-04 15:28:01,866 [INFO] aibuildx.material_classifier: Optimal material selected: Q460 for entity eff49a5d-b765-4b93-88a5-871f92e14ed5
2026-05-04 15:28:01,866 [INFO] aibuildx.material_classifier: Optimal material selected: Q460 for entity cccbc09e-1f47-442b-b38c-2bfaa9456904
2026-05-04 15:28:01,866 [INFO] aibuildx.material_classifier: Optimal material selected: Q460 for entity 99928945-e3dc-46e0-bad6-80d960b906e1
2026-05-04 15:28:01,866 [INFO] aibuildx.material_classifier: Optimal material selected: Q460 for entity bb0ea9ce-7d4f-4373-b041-5131295607c5
2026-05-04 15:28:01,866 [INFO] aibuildx.material_classifier: Optimal material selected: Q460 for entity 06f9de30-3d2e-4275-82c4-e9c54532d14a
2026-05-04 15:28:01,866 [INFO] aibuildx.material_classifier: Optimal material selected: Q460 for entity 9ebccf74-7655-455f-a8be-34d982ea4199
2026-05-04 15:28:01,867 [INFO] aibuildx.material_classifier: Optimal material selected: Q460 for entity 04002b4b-6fe8-4d14-8e73-8ce8990094fb
2026-05-04 15:28:01,867 [INFO] aibuildx.material_classifier: Optimal material selected: Q460 for entity 61494858-b3a1-4799-9f9f-adcf06aeb277
2026-05-04 15:28:01,867 [INFO] aibuildx.material_classifier: Optimal material selected: Q460 for entity 72a2491a-8f6e-42ce-a531-384b70519c8b
2026-05-04 15:28:01,867 [INFO] aibuildx.material_classifier: Optimal material selected: Q460 for entity e7031642-bdca-4a16-a15d-517429ca9833
2026-05-04 15:28:01,867 [INFO] aibuildx.material_classifier: Optimal material selected: Q460 for entity 23e06f58-10a9-4f2b-9e1b-22ac11b83a6c
2026-05-04 15:28:01,867 [INFO] aibuildx.material_classifier: Optimal material selected: Q460 for entity a57311f6-23c8-4e85-bd61-8c1e1a74b4a9
2026-05-04 15:28:01,867 [INFO] aibuildx.material_classifier: Optimal material selected: Q460 for entity 35bc855e-c661-4e1a-9c0f-9c9dcf392e63
2026-05-04 15:28:01,867 [INFO] aibuildx.material_classifier: Optimal material selected: Q460 for entity 5929b8ec-b1ff-447c-87b7-23cef2d90d9d
2026-05-04 15:28:01,867 [INFO] aibuildx.material_classifier: Optimal material selected: Q460 for entity e8a460f7-dd1c-47c8-a4cd-9e79f0332415
2026-05-04 15:28:01,867 [INFO] aibuildx.material_classifier: Optimal material selected: Q460 for entity 0f3fd352-5738-49ed-a178-600e01a5fba2
2026-05-04 15:28:01,867 [INFO] aibuildx.material_classifier: Optimal material selected: Q460 for entity 25cd39ce-a043-4968-9d5d-0a01a661f6d5
2026-05-04 15:28:01,867 [INFO] aibuildx.material_classifier: Optimal material selected: Q460 for entity 7986af1a-12fb-422e-8ded-6424fab84e94
2026-05-04 15:28:01,867 [INFO] aibuildx.material_classifier: Optimal material selected: Q460 for entity 86b0f941-0aa1-43da-ae19-383ca91640f3
2026-05-04 15:28:01,867 [INFO] aibuildx.material_classifier: Optimal material selected: Q460 for entity f9ebf371-e8e7-435c-8d25-1a3c39055380
2026-05-04 15:28:01,868 [INFO] aibuildx.material_classifier: Optimal material selected: Q460 for entity 6da5ccc1-6478-40f5-9f3f-c51a59e9e0e7
2026-05-04 15:28:01,869 [INFO] aibuildx.material_classifier: Optimal material selected: Q460 for entity 2c606558-55ff-437e-8b84-14acec77b1d3
2026-05-04 15:28:01,869 [INFO] aibuildx.material_classifier: Optimal material selected: Q460 for entity 492af5e2-f38f-40c2-ad59-459ed4a88f2b
2026-05-04 15:28:01,869 [INFO] aibuildx.material_classifier: Optimal material selected: Q460 for entity 805c9cb5-2706-47de-89c7-48d88fa4ba47
2026-05-04 15:28:01,869 [INFO] aibuildx.material_classifier: Optimal material selected: Q460 for entity 16da91ad-37f9-4ad3-b5bf-f812ee598f8c
2026-05-04 15:28:01,869 [INFO] aibuildx.material_classifier: Optimal material selected: Q460 for entity 6b2aaedf-a430-40f2-a548-ab06982ac306
2026-05-04 15:28:01,869 [INFO] aibuildx.material_classifier: Optimal material selected: Q460 for entity 8a0a0030-b056-4dca-9273-763d52fcdb38
2026-05-04 15:28:01,869 [INFO] aibuildx.material_classifier: Optimal material selected: Q460 for entity ca6afec9-2f0e-4120-905c-206ba5c6c401
2026-05-04 15:28:01,871 [INFO] aibuildx.material_classifier: Optimal material selected: Q460 for entity f2800e4f-3488-4cc1-a181-094c050f9fc2
2026-05-04 15:28:01,871 [INFO] aibuildx.material_classifier: Optimal material selected: Q460 for entity 7be9295c-f7af-4aa1-a1bd-3465b255f20f
2026-05-04 15:28:01,871 [INFO] aibuildx.material_classifier: Optimal material selected: Q460 for entity 86cf9921-1364-4b57-a369-1ca953a3ad45
2026-05-04 15:28:01,871 [INFO] aibuildx.material_classifier: Optimal material selected: Q460 for entity 78efc85b-6469-4ea5-b80b-cad905f6593d
2026-05-04 15:28:01,871 [INFO] aibuildx.material_classifier: Optimal material selected: Q460 for entity e77eea78-33ff-4597-ba12-681744894e5e
2026-05-04 15:28:01,871 [INFO] aibuildx.material_classifier: Optimal material selected: Q460 for entity 30e20dd2-a153-4d6d-bfc0-3e534cb19790
2026-05-04 15:28:01,871 [INFO] aibuildx.material_classifier: Optimal material selected: Q460 for entity 5caa8f70-c6ca-472f-804b-7d4dd69131ed
2026-05-04 15:28:01,871 [INFO] aibuildx.material_classifier: Optimal material selected: Q460 for entity 4cd4fd97-3816-4a19-8023-d40aec54bfa5
2026-05-04 15:28:01,871 [INFO] aibuildx.material_classifier: Optimal material selected: Q460 for entity 18eee964-283f-4fa2-bb67-186e2c22c8eb
2026-05-04 15:28:01,871 [INFO] aibuildx.material_classifier: Optimal material selected: Q460 for entity ba0fb7a5-4e4a-4c52-9ab8-c0711946cb6f
2026-05-04 15:28:01,871 [INFO] aibuildx.material_classifier: Optimal material selected: Q460 for entity 1ba3f708-48d3-4dd7-a670-af2268d0e44c
2026-05-04 15:28:01,871 [INFO] aibuildx.material_classifier: Optimal material selected: Q460 for entity 376834a0-dd91-4e0c-9f27-61c4c328b946
2026-05-04 15:28:01,871 [INFO] aibuildx.material_classifier: Optimal material selected: Q460 for entity 9cceb1bc-42fe-43e0-89d9-20f5465df309
2026-05-04 15:28:01,871 [INFO] aibuildx.material_classifier: Optimal material selected: Q460 for entity 72ed7c30-318a-45df-ac0c-cf5c3c490837
2026-05-04 15:28:01,871 [INFO] aibuildx.material_classifier: Optimal material selected: Q460 for entity 3111a3e3-2b50-496f-8bad-57675192d117
2026-05-04 15:28:01,872 [INFO] aibuildx.material_classifier: Optimal material selected: Q460 for entity ef6068a4-0dce-410a-a0a0-dae63bf0896b
2026-05-04 15:28:01,872 [INFO] aibuildx.material_classifier: Optimal material selected: Q460 for entity 8ed168e8-faba-4f51-867e-104ca73b3887
2026-05-04 15:28:01,872 [INFO] aibuildx.material_classifier: Optimal material selected: Q460 for entity d83e01c2-3546-49ba-b55f-62a540c2bf98
2026-05-04 15:28:01,872 [INFO] aibuildx.material_classifier: Optimal material selected: Q460 for entity 4041760a-618a-4735-bb9d-73a63916b157
2026-05-04 15:28:01,872 [INFO] aibuildx.material_classifier: Optimal material selected: Q460 for entity 1621afd8-de4d-4e37-b4e8-21e366d04d27
2026-05-04 15:28:01,872 [INFO] aibuildx.material_classifier: Optimal material selected: Q460 for entity e28cbec8-86de-457a-9633-d411535a3d87
2026-05-04 15:28:01,872 [INFO] aibuildx.material_classifier: Optimal material selected: Q460 for entity da716a4e-c9dd-41cd-8825-d581ec7846e5
2026-05-04 15:28:01,872 [INFO] aibuildx.material_classifier: Optimal material selected: Q460 for entity 030a29ea-cc70-4431-87db-59b1a1005650
2026-05-04 15:28:01,872 [INFO] aibuildx.material_classifier: Optimal material selected: Q460 for entity 74f11ad0-a89b-4c62-a371-9c39f8a45a56
2026-05-04 15:28:01,872 [INFO] aibuildx.material_classifier: Optimal material selected: Q460 for entity a7ab5b4b-b8cb-4ebc-91ec-434d1c8a8459
2026-05-04 15:28:01,872 [INFO] aibuildx.material_classifier: Optimal material selected: Q460 for entity 83c686fd-f7f5-4a7d-a1be-ab526ecb74c1
2026-05-04 15:28:01,872 [INFO] aibuildx.material_classifier: Optimal material selected: Q460 for entity 11f8b239-76cc-41b0-92c7-2443d64e7006
2026-05-04 15:28:01,872 [INFO] aibuildx.material_classifier: Optimal material selected: Q460 for entity 38945053-f882-41b7-bada-9defffc95108
2026-05-04 15:28:01,872 [INFO] aibuildx.material_classifier: Optimal material selected: Q460 for entity 126039e8-47af-4e1d-888d-346ce5e13481
2026-05-04 15:28:01,872 [INFO] aibuildx.material_classifier: Optimal material selected: Q460 for entity c0e25a1d-f73e-439f-bc6b-26b60256246d
2026-05-04 15:28:01,872 [INFO] aibuildx.material_classifier: Optimal material selected: Q460 for entity 5b8f4562-4d9f-46ef-acec-f5d4848599fa
2026-05-04 15:28:01,872 [INFO] aibuildx.material_classifier: Optimal material selected: Q460 for entity 178dd1e6-8735-48c1-a278-c792b1cfeaf4
2026-05-04 15:28:01,873 [INFO] aibuildx.material_classifier: Optimal material selected: Q460 for entity 0f98a077-c50e-49d5-b860-44efdad0357f
2026-05-04 15:28:01,873 [INFO] aibuildx.material_classifier: Optimal material selected: Q460 for entity 04e94301-fbf0-4da0-821c-91de4fd5061b
2026-05-04 15:28:01,873 [INFO] aibuildx.material_classifier: Optimal material selected: Q460 for entity 4ecf21b0-8574-4a6a-bed3-31299e55a1b5
2026-05-04 15:28:01,873 [INFO] aibuildx.material_classifier: Optimal material selected: Q460 for entity b4bc9438-75bc-402e-86c8-ab76fb31f796
2026-05-04 15:28:01,873 [INFO] aibuildx.material_classifier: Optimal material selected: Q460 for entity b77dcf12-c177-4664-b9ad-60a44cb40b41
2026-05-04 15:28:01,873 [INFO] aibuildx.material_classifier: Optimal material selected: Q460 for entity b8a7fe1d-8f30-4418-ac5d-3079830b47e4
2026-05-04 15:28:01,873 [INFO] aibuildx.material_classifier: Optimal material selected: Q460 for entity 0a4cd9ca-c16b-4fb2-b4eb-04616c015abe
2026-05-04 15:28:01,874 [INFO] aibuildx.material_classifier: Optimal material selected: Q460 for entity 0bb8da03-c2b3-46fb-9d03-67fe5596d7c5
2026-05-04 15:28:01,874 [INFO] aibuildx.material_classifier: Optimal material selected: Q460 for entity d96a72a0-65be-4df2-b597-53e3131d7e54
2026-05-04 15:28:01,874 [INFO] aibuildx.material_classifier: Optimal material selected: Q460 for entity 263353f9-a84f-4107-b4df-e5c4b4eb9e23
2026-05-04 15:28:01,874 [INFO] aibuildx.material_classifier: Optimal material selected: Q460 for entity a6c61ac7-8952-443d-9190-cabf198adf69
2026-05-04 15:28:01,874 [INFO] aibuildx.material_classifier: Optimal material selected: Q460 for entity 0e9729c8-f2b8-44d5-953e-4e7c30db7c77
2026-05-04 15:28:01,874 [INFO] aibuildx.material_classifier: Optimal material selected: Q460 for entity 12c0fd6c-b55a-427e-a757-9e4ec779346e
2026-05-04 15:28:01,874 [INFO] aibuildx.material_classifier: Optimal material selected: Q460 for entity bef21afc-1f97-48da-ad2b-369e0d27e237
2026-05-04 15:28:01,874 [INFO] aibuildx.material_classifier: Optimal material selected: Q460 for entity 4a5b6dab-e38e-4c31-a7fb-803867efa6bf
2026-05-04 15:28:01,875 [INFO] aibuildx.material_classifier: Optimal material selected: Q460 for entity 4d36e974-5b95-4380-b91e-4ab983958912
2026-05-04 15:28:01,875 [INFO] aibuildx.material_classifier: Optimal material selected: Q460 for entity 47e8830e-64c3-4dd6-9c7b-7cc7b2be6875
2026-05-04 15:28:01,875 [INFO] aibuildx.material_classifier: Optimal material selected: Q460 for entity 2731baf3-1e00-4a9e-a11d-cf99d1bff8d3
2026-05-04 15:28:01,875 [INFO] aibuildx.material_classifier: Optimal material selected: Q460 for entity 413700b0-5691-4a0c-8e47-4fea7028120a
2026-05-04 15:28:01,875 [INFO] aibuildx.material_classifier: Optimal material selected: Q460 for entity 16634b12-d075-4264-836b-1a0b9c38bdc5
2026-05-04 15:28:01,875 [INFO] aibuildx.material_classifier: Optimal material selected: Q460 for entity 8c7afb7f-0bbd-4a86-ae38-2c096642ff9c
2026-05-04 15:28:01,875 [INFO] aibuildx.material_classifier: Optimal material selected: Q460 for entity c5c11e10-0129-497c-8f96-967e7a47bdde
2026-05-04 15:28:01,875 [INFO] aibuildx.material_classifier: Optimal material selected: Q460 for entity c7fe678f-411a-4f1e-b49a-f115fa471ce4
2026-05-04 15:28:01,875 [INFO] aibuildx.material_classifier: Optimal material selected: Q460 for entity 442e2e7f-1557-4e43-9561-a8075a36ae8b
