  0
SECTION
  2
HEADER
  9
$ACADVER
  1
AC1024
  9
$ACADMAINTVER
 70
6
  9
$DWGCODEPAGE
  3
ANSI_1252
  9
$LASTSAVEDBY
  1
ezdxf
  9
$INSBASE
 10
0.0
 20
0.0
 30
0.0
  9
$EXTMIN
 10
1e+20
 20
1e+20
 30
1e+20
  9
$EXTMAX
 10
-1e+20
 20
-1e+20
 30
-1e+20
  9
$LIMMIN
 10
0.0
 20
0.0
  9
$LIMMAX
 10
420.0
 20
297.0
  9
$ORTHOMODE
 70
0
  9
$REGENMODE
 70
1
  9
$FILLMODE
 70
1
  9
$QTEXTMODE
 70
0
  9
$MIRRTEXT
 70
1
  9
$LTSCALE
 40
1.0
  9
$ATTMODE
 70
1
  9
$TEXTSIZE
 40
2.5
  9
$TRACEWID
 40
1.0
  9
$TEXTSTYLE
  7
Standard
  9
$CLAYER
  8
0
  9
$CELTYPE
  6
ByLayer
  9
$CECOLOR
 62
256
  9
$CELTSCALE
 40
1.0
  9
$DISPSILH
 70
0
  9
$DIMSCALE
 40
1.0
  9
$DIMASZ
 40
2.5
  9
$DIMEXO
 40
0.625
  9
$DIMDLI
 40
3.75
  9
$DIMRND
 40
0.0
  9
$DIMDLE
 40
0.0
  9
$DIMEXE
 40
1.25
  9
$DIMTP
 40
0.0
  9
$DIMTM
 40
0.0
  9
$DIMTXT
 40
2.5
  9
$DIMCEN
 40
2.5
  9
$DIMTSZ
 40
0.0
  9
$DIMTOL
 70
0
  9
$DIMLIM
 70
0
  9
$DIMTIH
 70
0
  9
$DIMTOH
 70
0
  9
$DIMSE1
 70
0
  9
$DIMSE2
 70
0
  9
$DIMTAD
 70
1
  9
$DIMZIN
 70
8
  9
$DIMBLK
  1

  9
$DIMASO
 70
1
  9
$DIMSHO
 70
1
  9
$DIMPOST
  1

  9
$DIMAPOST
  1

  9
$DIMALT
 70
0
  9
$DIMALTD
 70
3
  9
$DIMALTF
 40
0.03937007874
  9
$DIMLFAC
 40
1.0
  9
$DIMTOFL
 70
1
  9
$DIMTVP
 40
0.0
  9
$DIMTIX
 70
0
  9
$DIMSOXD
 70
0
  9
$DIMSAH
 70
0
  9
$DIMBLK1
  1

  9
$DIMBLK2
  1

  9
$DIMSTYLE
  2
ISO-25
  9
$DIMCLRD
 70
0
  9
$DIMCLRE
 70
0
  9
$DIMCLRT
 70
0
  9
$DIMTFAC
 40
1.0
  9
$DIMGAP
 40
0.625
  9
$DIMJUST
 70
0
  9
$DIMSD1
 70
0
  9
$DIMSD2
 70
0
  9
$DIMTOLJ
 70
0
  9
$DIMTZIN
 70
8
  9
$DIMALTZ
 70
0
  9
$DIMALTTZ
 70
0
  9
$DIMUPT
 70
0
  9
$DIMDEC
 70
2
  9
$DIMTDEC
 70
2
  9
$DIMALTU
 70
2
  9
$DIMALTTD
 70
3
  9
$DIMTXSTY
  7
Standard
  9
$DIMAUNIT
 70
0
  9
$DIMADEC
 70
0
  9
$DIMALTRND
 40
0.0
  9
$DIMAZIN
 70
0
  9
$DIMDSEP
 70
44
  9
$DIMATFIT
 70
3
  9
$DIMFRAC
 70
0
  9
$DIMLDRBLK
  1

  9
$DIMLUNIT
 70
2
  9
$DIMLWD
 70
-2
  9
$DIMLWE
 70
-2
  9
$DIMTMOVE
 70
0
  9
$DIMFXL
 40
1.0
  9
$DIMFXLON
 70
0
  9
$DIMJOGANG
 40
0.785398163397
  9
$DIMTFILL
 70
0
  9
$DIMTFILLCLR
 70
0
  9
$DIMARCSYM
 70
0
  9
$DIMLTYPE
  6

  9
$DIMLTEX1
  6

  9
$DIMLTEX2
  6

  9
$DIMTXTDIRECTION
 70
0
  9
$LUNITS
 70
2
  9
$LUPREC
 70
4
  9
$SKETCHINC
 40
1.0
  9
$FILLETRAD
 40
10.0
  9
$AUNITS
 70
0
  9
$AUPREC
 70
2
  9
$MENU
  1
.
  9
$ELEVATION
 40
0.0
  9
$PELEVATION
 40
0.0
  9
$THICKNESS
 40
0.0
  9
$LIMCHECK
 70
0
  9
$CHAMFERA
 40
0.0
  9
$CHAMFERB
 40
0.0
  9
$CHAMFERC
 40
0.0
  9
$CHAMFERD
 40
0.0
  9
$SKPOLY
 70
0
  9
$TDCREATE
 40
2461027.0205208333
  9
$TDUCREATE
 40
2458532.153996898
  9
$TDUPDATE
 40
2461027.0205208333
  9
$TDUUPDATE
 40
2458532.1544311
  9
$TDINDWG
 40
0.0
  9
$TDUSRTIMER
 40
0.0
  9
$USRTIMER
 70
1
  9
$ANGBASE
 50
0.0
  9
$ANGDIR
 70
0
  9
$PDMODE
 70
0
  9
$PDSIZE
 40
0.0
  9
$PLINEWID
 40
0.0
  9
$SPLFRAME
 70
0
  9
$SPLINETYPE
 70
6
  9
$SPLINESEGS
 70
8
  9
$HANDSEED
  5
74A
  9
$SURFTAB1
 70
6
  9
$SURFTAB2
 70
6
  9
$SURFTYPE
 70
6
  9
$SURFU
 70
6
  9
$SURFV
 70
6
  9
$UCSBASE
  2

  9
$UCSNAME
  2

  9
$UCSORG
 10
0.0
 20
0.0
 30
0.0
  9
$UCSXDIR
 10
1.0
 20
0.0
 30
0.0
  9
$UCSYDIR
 10
0.0
 20
1.0
 30
0.0
  9
$UCSORTHOREF
  2

  9
$UCSORTHOVIEW
 70
0
  9
$UCSORGTOP
 10
0.0
 20
0.0
 30
0.0
  9
$UCSORGBOTTOM
 10
0.0
 20
0.0
 30
0.0
  9
$UCSORGLEFT
 10
0.0
 20
0.0
 30
0.0
  9
$UCSORGRIGHT
 10
0.0
 20
0.0
 30
0.0
  9
$UCSORGFRONT
 10
0.0
 20
0.0
 30
0.0
  9
$UCSORGBACK
 10
0.0
 20
0.0
 30
0.0
  9
$PUCSBASE
  2

  9
$PUCSNAME
  2

  9
$PUCSORG
 10
0.0
 20
0.0
 30
0.0
  9
$PUCSXDIR
 10
1.0
 20
0.0
 30
0.0
  9
$PUCSYDIR
 10
0.0
 20
1.0
 30
0.0
  9
$PUCSORTHOREF
  2

  9
$PUCSORTHOVIEW
 70
0
  9
$PUCSORGTOP
 10
0.0
 20
0.0
 30
0.0
  9
$PUCSORGBOTTOM
 10
0.0
 20
0.0
 30
0.0
  9
$PUCSORGLEFT
 10
0.0
 20
0.0
 30
0.0
  9
$PUCSORGRIGHT
 10
0.0
 20
0.0
 30
0.0
  9
$PUCSORGFRONT
 10
0.0
 20
0.0
 30
0.0
  9
$PUCSORGBACK
 10
0.0
 20
0.0
 30
0.0
  9
$USERI1
 70
0
  9
$USERI2
 70
0
  9
$USERI3
 70
0
  9
$USERI4
 70
0
  9
$USERI5
 70
0
  9
$USERR1
 40
0.0
  9
$USERR2
 40
0.0
  9
$USERR3
 40
0.0
  9
$USERR4
 40
0.0
  9
$USERR5
 40
0.0
  9
$WORLDVIEW
 70
1
  9
$SHADEDGE
 70
3
  9
$SHADEDIF
 70
70
  9
$TILEMODE
 70
1
  9
$MAXACTVP
 70
64
  9
$PINSBASE
 10
0.0
 20
0.0
 30
0.0
  9
$PLIMCHECK
 70
0
  9
$PEXTMIN
 10
1e+20
 20
1e+20
 30
1e+20
  9
$PEXTMAX
 10
-1e+20
 20
-1e+20
 30
-1e+20
  9
$PLIMMIN
 10
0.0
 20
0.0
  9
$PLIMMAX
 10
420.0
 20
297.0
  9
$UNITMODE
 70
0
  9
$VISRETAIN
 70
1
  9
$PLINEGEN
 70
0
  9
$PSLTSCALE
 70
1
  9
$TREEDEPTH
 70
3020
  9
$CMLSTYLE
  2
Standard
  9
$CMLJUST
 70
0
  9
$CMLSCALE
 40
20.0
  9
$PROXYGRAPHICS
 70
1
  9
$MEASUREMENT
 70
1
  9
$CELWEIGHT
370
-1
  9
$ENDCAPS
280
0
  9
$JOINSTYLE
280
0
  9
$LWDISPLAY
290
0
  9
$INSUNITS
 70
6
  9
$HYPERLINKBASE
  1

  9
$STYLESHEET
  1

  9
$XEDIT
290
1
  9
$CEPSNTYPE
380
0
  9
$PSTYLEMODE
290
1
  9
$FINGERPRINTGUID
  2
{C874CF40-F238-431E-B5EC-B70A47D5C53C}
  9
$VERSIONGUID
  2
{FD09628C-26E6-4F7A-8BD5-843A427CAF53}
  9
$EXTNAMES
290
1
  9
$PSVPSCALE
 40
0.0
  9
$OLESTARTUP
290
0
  9
$SORTENTS
280
127
  9
$INDEXCTL
280
0
  9
$HIDETEXT
280
1
  9
$XCLIPFRAME
280
1
  9
$HALOGAP
280
0
  9
$OBSCOLOR
 70
257
  9
$OBSLTYPE
280
0
  9
$INTERSECTIONDISPLAY
280
0
  9
$INTERSECTIONCOLOR
 70
257
  9
$DIMASSOC
280
2
  9
$PROJECTNAME
  1

  9
$CAMERADISPLAY
290
0
  9
$LENSLENGTH
 40
50.0
  9
$CAMERAHEIGHT
 40
0.0
  9
$STEPSPERSEC
 40
24.0
  9
$STEPSIZE
 40
100.0
  9
$3DDWFPREC
 40
2.0
  9
$PSOLWIDTH
 40
0.005
  9
$PSOLHEIGHT
 40
0.08
  9
$LOFTANG1
 40
1.570796326795
  9
$LOFTANG2
 40
1.570796326795
  9
$LOFTMAG1
 40
0.0
  9
$LOFTMAG2
 40
0.0
  9
$LOFTPARAM
 70
7
  9
$LOFTNORMALS
280
1
  9
$LATITUDE
 40
37.795
  9
$LONGITUDE
 40
-122.394
  9
$NORTHDIRECTION
 40
0.0
  9
$TIMEZONE
 70
-8000
  9
$LIGHTGLYPHDISPLAY
280
1
  9
$TILEMODELIGHTSYNCH
280
1
  9
$CMATERIAL
347
20
  9
$SOLIDHIST
280
0
  9
$SHOWHIST
280
1
  9
$DWFFRAME
280
2
  9
$DGNFRAME
280
2
  9
$REALWORLDSCALE
290
1
  9
$INTERFERECOLOR
 62
256
  9
$CSHADOW
280
0
  9
$SHADOWPLANELOCATION
 40
0.0
  0
ENDSEC
  0
SECTION
  2
CLASSES
  0
CLASS
  1
ACDBDICTIONARYWDFLT
  2
AcDbDictionaryWithDefault
  3
ObjectDBX Classes
 90
0
 91
0
280
0
281
0
  0
CLASS
  1
SUN
  2
AcDbSun
  3
SCENEOE
 90
1153
 91
0
280
0
281
0
  0
CLASS
  1
VISUALSTYLE
  2
AcDbVisualStyle
  3
ObjectDBX Classes
 90
4095
 91
0
280
0
281
0
  0
CLASS
  1
MATERIAL
  2
AcDbMaterial
  3
ObjectDBX Classes
 90
1153
 91
0
280
0
281
0
  0
CLASS
  1
SCALE
  2
AcDbScale
  3
ObjectDBX Classes
 90
1153
 91
0
280
0
281
0
  0
CLASS
  1
TABLESTYLE
  2
AcDbTableStyle
  3
ObjectDBX Classes
 90
4095
 91
0
280
0
281
0
  0
CLASS
  1
MLEADERSTYLE
  2
AcDbMLeaderStyle
  3
ACDB_MLEADERSTYLE_CLASS
 90
4095
 91
0
280
0
281
0
  0
CLASS
  1
DICTIONARYVAR
  2
AcDbDictionaryVar
  3
ObjectDBX Classes
 90
0
 91
0
280
0
281
0
  0
CLASS
  1
CELLSTYLEMAP
  2
AcDbCellStyleMap
  3
ObjectDBX Classes
 90
1152
 91
0
280
0
281
0
  0
CLASS
  1
MENTALRAYRENDERSETTINGS
  2
AcDbMentalRayRenderSettings
  3
SCENEOE
 90
1024
 91
0
280
0
281
0
  0
CLASS
  1
ACDBDETAILVIEWSTYLE
  2
AcDbDetailViewStyle
  3
ObjectDBX Classes
 90
1025
 91
0
280
0
281
0
  0
CLASS
  1
ACDBSECTIONVIEWSTYLE
  2
AcDbSectionViewStyle
  3
ObjectDBX Classes
 90
1025
 91
0
280
0
281
0
  0
CLASS
  1
RASTERVARIABLES
  2
AcDbRasterVariables
  3
ISM
 90
0
 91
0
280
0
281
0
  0
CLASS
  1
ACDBPLACEHOLDER
  2
AcDbPlaceHolder
  3
ObjectDBX Classes
 90
0
 91
0
280
0
281
0
  0
CLASS
  1
LAYOUT
  2
AcDbLayout
  3
ObjectDBX Classes
 90
0
 91
0
280
0
281
0
  0
ENDSEC
  0
SECTION
  2
TABLES
  0
TABLE
  2
VPORT
  5
8
330
0
100
AcDbSymbolTable
 70
1
  0
VPORT
  5
23
330
8
100
AcDbSymbolTableRecord
100
AcDbViewportTableRecord
  2
*Active
 70
0
 10
0.0
 20
0.0
 11
1.0
 21
1.0
 12
0.0
 22
0.0
 13
0.0
 23
0.0
 14
0.5
 24
0.5
 15
0.5
 25
0.5
 16
0.0
 26
0.0
 36
1.0
 17
0.0
 27
0.0
 37
0.0
 40
1000.0
 41
1.34
 42
50.0
 43
0.0
 44
0.0
 50
0.0
 51
0.0
 71
0
 72
1000
 73
1
 74
3
 75
0
 76
0
 77
0
 78
0
281
0
 65
0
146
0.0
  0
ENDTAB
  0
TABLE
  2
LTYPE
  5
2
330
0
100
AcDbSymbolTable
 70
3
  0
LTYPE
  5
24
330
2
100
AcDbSymbolTableRecord
100
AcDbLinetypeTableRecord
  2
ByBlock
 70
0
  3

 72
65
 73
0
 40
0.0
  0
LTYPE
  5
25
330
2
100
AcDbSymbolTableRecord
100
AcDbLinetypeTableRecord
  2
ByLayer
 70
0
  3

 72
65
 73
0
 40
0.0
  0
LTYPE
  5
26
330
2
100
AcDbSymbolTableRecord
100
AcDbLinetypeTableRecord
  2
Continuous
 70
0
  3

 72
65
 73
0
 40
0.0
  0
ENDTAB
  0
TABLE
  2
LAYER
  5
1
330
0
100
AcDbSymbolTable
 70
6
  0
LAYER
  5
27
330
1
100
AcDbSymbolTableRecord
100
AcDbLayerTableRecord
  2
0
 70
0
 62
7
  6
Continuous
370
-3
390
13
347
21
  0
LAYER
  5
28
330
1
100
AcDbSymbolTableRecord
100
AcDbLayerTableRecord
  2
Defpoints
 70
0
 62
7
  6
Continuous
290
0
370
-3
390
13
347
21
  0
LAYER
  5
2F
330
1
100
AcDbSymbolTableRecord
100
AcDbLayerTableRecord
  2
COLUMNS
 70
0
 62
5
  6
Continuous
370
-3
390
13
347
21
  0
LAYER
  5
30
330
1
100
AcDbSymbolTableRecord
100
AcDbLayerTableRecord
  2
BEAMS
 70
0
 62
1
  6
Continuous
370
-3
390
13
347
21
  0
LAYER
  5
31
330
1
100
AcDbSymbolTableRecord
100
AcDbLayerTableRecord
  2
BRACING
 70
0
 62
6
  6
Continuous
370
-3
390
13
347
21
  0
LAYER
  5
32
330
1
100
AcDbSymbolTableRecord
100
AcDbLayerTableRecord
  2
SPIRE
 70
0
 62
4
  6
Continuous
370
-3
390
13
347
21
  0
ENDTAB
  0
TABLE
  2
STYLE
  5
5
330
0
100
AcDbSymbolTable
 70
1
  0
STYLE
  5
29
330
5
100
AcDbSymbolTableRecord
100
AcDbTextStyleTableRecord
  2
Standard
 70
0
 40
0.0
 41
1.0
 50
0.0
 71
0
 42
2.5
  3
txt
  4

  0
ENDTAB
  0
TABLE
  2
VIEW
  5
7
330
0
100
AcDbSymbolTable
 70
0
  0
ENDTAB
  0
TABLE
  2
UCS
  5
6
330
0
100
AcDbSymbolTable
 70
0
  0
ENDTAB
  0
TABLE
  2
APPID
  5
3
330
0
100
AcDbSymbolTable
 70
3
  0
APPID
  5
2A
330
3
100
AcDbSymbolTableRecord
100
AcDbRegAppTableRecord
  2
ACAD
 70
0
  0
APPID
  5
747
330
3
100
AcDbSymbolTableRecord
100
AcDbRegAppTableRecord
  2
HATCHBACKGROUNDCOLOR
 70
0
  0
APPID
  5
748
330
3
100
AcDbSymbolTableRecord
100
AcDbRegAppTableRecord
  2
EZDXF
 70
0
  0
ENDTAB
  0
TABLE
  2
DIMSTYLE
  5
4
330
0
100
AcDbSymbolTable
 70
1
100
AcDbDimStyleTable
  0
DIMSTYLE
105
2B
330
4
100
AcDbSymbolTableRecord
100
AcDbDimStyleTableRecord
  2
Standard
 70
0
 40
1.0
 41
2.5
 42
0.625
 43
3.75
 44
1.25
 45
0.0
 46
0.0
 47
0.0
 48
0.0
 49
2.5
140
2.5
141
2.5
142
0.0
143
0.03937007874
144
1.0
145
0.0
146
1.0
147
0.625
148
0.0
 69
0
 70
0
 71
0
 72
0
 73
0
 74
0
 75
0
 76
0
 77
1
 78
8
 79
3
170
0
171
3
172
1
173
0
174
0
175
0
176
0
177
0
178
0
179
2
271
2
272
2
273
2
274
3
275
0
276
0
277
2
278
44
279
0
280
0
281
0
282
0
283
0
284
8
285
0
286
0
288
0
289
3
290
0
371
-2
372
-2
  0
ENDTAB
  0
TABLE
  2
BLOCK_RECORD
  5
9
330
0
100
AcDbSymbolTable
 70
2
  0
BLOCK_RECORD
  5
17
330
9
100
AcDbSymbolTableRecord
100
AcDbBlockTableRecord
  2
*Model_Space
340
1A
 70
0
280
1
281
0
  0
BLOCK_RECORD
  5
1B
330
9
100
AcDbSymbolTableRecord
100
AcDbBlockTableRecord
  2
*Paper_Space
340
1E
 70
0
280
1
281
0
  0
ENDTAB
  0
ENDSEC
  0
SECTION
  2
BLOCKS
  0
BLOCK
  5
18
330
17
100
AcDbEntity
  8
0
100
AcDbBlockBegin
  2
*Model_Space
 70
0
 10
0.0
 20
0.0
 30
0.0
  3
*Model_Space
  1

  0
ENDBLK
  5
19
330
17
100
AcDbEntity
  8
0
100
AcDbBlockEnd
  0
BLOCK
  5
1C
330
1B
100
AcDbEntity
  8
0
100
AcDbBlockBegin
  2
*Paper_Space
 70
0
 10
0.0
 20
0.0
 30
0.0
  3
*Paper_Space
  1

  0
ENDBLK
  5
1D
330
1B
100
AcDbEntity
  8
0
100
AcDbBlockEnd
  0
ENDSEC
  0
SECTION
  2
ENTITIES
  0
LINE
  5
33
330
17
100
AcDbEntity
  8
COLUMNS
100
AcDbLine
 10
75000.0
 20
0.0
 30
0.0
 11
74250.0
 21
0.0
 31
13800.0
  0
LINE
  5
34
330
17
100
AcDbEntity
  8
COLUMNS
100
AcDbLine
 10
53033.00858899107
 20
53033.00858899106
 30
0.0
 11
52502.67850310116
 21
52502.678503101146
 31
13800.0
  0
LINE
  5
35
330
17
100
AcDbEntity
  8
COLUMNS
100
AcDbLine
 10
4.5924254968025744e-12
 20
75000.0
 30
0.0
 11
4.546501241834549e-12
 21
74250.0
 31
13800.0
  0
LINE
  5
36
330
17
100
AcDbEntity
  8
COLUMNS
100
AcDbLine
 10
-53033.00858899106
 20
53033.00858899107
 30
0.0
 11
-52502.678503101146
 21
52502.67850310116
 31
13800.0
  0
LINE
  5
37
330
17
100
AcDbEntity
  8
COLUMNS
100
AcDbLine
 10
-75000.0
 20
9.184850993605149e-12
 30
0.0
 11
-74250.0
 21
9.093002483669098e-12
 31
13800.0
  0
LINE
  5
38
330
17
100
AcDbEntity
  8
COLUMNS
100
AcDbLine
 10
-53033.00858899108
 20
-53033.00858899106
 30
0.0
 11
-52502.67850310117
 21
-52502.678503101146
 31
13800.0
  0
LINE
  5
39
330
17
100
AcDbEntity
  8
COLUMNS
100
AcDbLine
 10
-1.3777276490407722e-11
 20
-75000.0
 30
0.0
 11
-1.3639503725503646e-11
 21
-74250.0
 31
13800.0
  0
LINE
  5
3A
330
17
100
AcDbEntity
  8
COLUMNS
100
AcDbLine
 10
53033.00858899105
 20
-53033.00858899108
 30
0.0
 11
52502.67850310114
 21
-52502.67850310117
 31
13800.0
  0
LINE
  5
3B
330
17
100
AcDbEntity
  8
COLUMNS
100
AcDbLine
 10
74250.0
 20
0.0
 30
13800.0
 11
73500.0
 21
0.0
 31
27600.0
  0
LINE
  5
3C
330
17
100
AcDbEntity
  8
COLUMNS
100
AcDbLine
 10
52502.67850310116
 20
52502.678503101146
 30
13800.0
 11
51972.348417211244
 21
51972.34841721124
 31
27600.0
  0
LINE
  5
3D
330
17
100
AcDbEntity
  8
COLUMNS
100
AcDbLine
 10
4.546501241834549e-12
 20
74250.0
 30
13800.0
 11
4.500576986866523e-12
 21
73500.0
 31
27600.0
  0
LINE
  5
3E
330
17
100
AcDbEntity
  8
COLUMNS
100
AcDbLine
 10
-52502.678503101146
 20
52502.67850310116
 30
13800.0
 11
-51972.34841721124
 21
51972.348417211244
 31
27600.0
  0
LINE
  5
3F
330
17
100
AcDbEntity
  8
COLUMNS
100
AcDbLine
 10
-74250.0
 20
9.093002483669098e-12
 30
13800.0
 11
-73500.0
 21
9.001153973733046e-12
 31
27600.0
  0
LINE
  5
40
330
17
100
AcDbEntity
  8
COLUMNS
100
AcDbLine
 10
-52502.67850310117
 20
-52502.678503101146
 30
13800.0
 11
-51972.34841721125
 21
-51972.34841721124
 31
27600.0
  0
LINE
  5
41
330
17
100
AcDbEntity
  8
COLUMNS
100
AcDbLine
 10
-1.3639503725503646e-11
 20
-74250.0
 30
13800.0
 11
-1.3501730960599568e-11
 21
-73500.0
 31
27600.0
  0
LINE
  5
42
330
17
100
AcDbEntity
  8
COLUMNS
100
AcDbLine
 10
52502.67850310114
 20
-52502.67850310117
 30
13800.0
 11
51972.34841721123
 21
-51972.34841721125
 31
27600.0
  0
LINE
  5
43
330
17
100
AcDbEntity
  8
COLUMNS
100
AcDbLine
 10
73500.0
 20
0.0
 30
27600.0
 11
72750.0
 21
0.0
 31
41400.0
  0
LINE
  5
44
330
17
100
AcDbEntity
  8
COLUMNS
100
AcDbLine
 10
51972.348417211244
 20
51972.34841721124
 30
27600.0
 11
51442.018331321335
 21
51442.01833132133
 31
41400.0
  0
LINE
  5
45
330
17
100
AcDbEntity
  8
COLUMNS
100
AcDbLine
 10
4.500576986866523e-12
 20
73500.0
 30
27600.0
 11
4.454652731898497e-12
 21
72750.0
 31
41400.0
  0
LINE
  5
46
330
17
100
AcDbEntity
  8
COLUMNS
100
AcDbLine
 10
-51972.34841721124
 20
51972.348417211244
 30
27600.0
 11
-51442.01833132133
 21
51442.018331321335
 31
41400.0
  0
LINE
  5
47
330
17
100
AcDbEntity
  8
COLUMNS
100
AcDbLine
 10
-73500.0
 20
9.001153973733046e-12
 30
27600.0
 11
-72750.0
 21
8.909305463796994e-12
 31
41400.0
  0
LINE
  5
48
330
17
100
AcDbEntity
  8
COLUMNS
100
AcDbLine
 10
-51972.34841721125
 20
-51972.34841721124
 30
27600.0
 11
-51442.01833132134
 21
-51442.01833132133
 31
41400.0
  0
LINE
  5
49
330
17
100
AcDbEntity
  8
COLUMNS
100
AcDbLine
 10
-1.3501730960599568e-11
 20
-73500.0
 30
27600.0
 11
-1.3363958195695491e-11
 21
-72750.0
 31
41400.0
  0
LINE
  5
4A
330
17
100
AcDbEntity
  8
COLUMNS
100
AcDbLine
 10
51972.34841721123
 20
-51972.34841721125
 30
27600.0
 11
51442.01833132132
 21
-51442.01833132134
 31
41400.0
  0
LINE
  5
4B
330
17
100
AcDbEntity
  8
COLUMNS
100
AcDbLine
 10
72750.0
 20
0.0
 30
41400.0
 11
72000.0
 21
0.0
 31
55200.0
  0
LINE
  5
4C
330
17
100
AcDbEntity
  8
COLUMNS
100
AcDbLine
 10
51442.018331321335
 20
51442.01833132133
 30
41400.0
 11
50911.688245431425
 21
50911.68824543142
 31
55200.0
  0
LINE
  5
4D
330
17
100
AcDbEntity
  8
COLUMNS
100
AcDbLine
 10
4.454652731898497e-12
 20
72750.0
 30
41400.0
 11
4.408728476930472e-12
 21
72000.0
 31
55200.0
  0
LINE
  5
4E
330
17
100
AcDbEntity
  8
COLUMNS
100
AcDbLine
 10
-51442.01833132133
 20
51442.018331321335
 30
41400.0
 11
-50911.68824543142
 21
50911.688245431425
 31
55200.0
  0
LINE
  5
4F
330
17
100
AcDbEntity
  8
COLUMNS
100
AcDbLine
 10
-72750.0
 20
8.909305463796994e-12
 30
41400.0
 11
-72000.0
 21
8.817456953860944e-12
 31
55200.0
  0
LINE
  5
50
330
17
100
AcDbEntity
  8
COLUMNS
100
AcDbLine
 10
-51442.01833132134
 20
-51442.01833132133
 30
41400.0
 11
-50911.68824543143
 21
-50911.68824543142
 31
55200.0
  0
LINE
  5
51
330
17
100
AcDbEntity
  8
COLUMNS
100
AcDbLine
 10
-1.3363958195695491e-11
 20
-72750.0
 30
41400.0
 11
-1.3226185430791413e-11
 21
-72000.0
 31
55200.0
  0
LINE
  5
52
330
17
100
AcDbEntity
  8
COLUMNS
100
AcDbLine
 10
51442.01833132132
 20
-51442.01833132134
 30
41400.0
 11
50911.68824543141
 21
-50911.68824543143
 31
55200.0
  0
LINE
  5
53
330
17
100
AcDbEntity
  8
COLUMNS
100
AcDbLine
 10
72000.0
 20
0.0
 30
55200.0
 11
71250.0
 21
0.0
 31
69000.0
  0
LINE
  5
54
330
17
100
AcDbEntity
  8
COLUMNS
100
AcDbLine
 10
50911.688245431425
 20
50911.68824543142
 30
55200.0
 11
50381.358159541516
 21
50381.35815954151
 31
69000.0
  0
LINE
  5
55
330
17
100
AcDbEntity
  8
COLUMNS
100
AcDbLine
 10
4.408728476930472e-12
 20
72000.0
 30
55200.0
 11
4.362804221962446e-12
 21
71250.0
 31
69000.0
  0
LINE
  5
56
330
17
100
AcDbEntity
  8
COLUMNS
100
AcDbLine
 10
-50911.68824543142
 20
50911.688245431425
 30
55200.0
 11
-50381.35815954151
 21
50381.358159541516
 31
69000.0
  0
LINE
  5
57
330
17
100
AcDbEntity
  8
COLUMNS
100
AcDbLine
 10
-72000.0
 20
8.817456953860944e-12
 30
55200.0
 11
-71250.0
 21
8.725608443924891e-12
 31
69000.0
  0
LINE
  5
58
330
17
100
AcDbEntity
  8
COLUMNS
100
AcDbLine
 10
-50911.68824543143
 20
-50911.68824543142
 30
55200.0
 11
-50381.35815954152
 21
-50381.35815954151
 31
69000.0
  0
LINE
  5
59
330
17
100
AcDbEntity
  8
COLUMNS
100
AcDbLine
 10
-1.3226185430791413e-11
 20
-72000.0
 30
55200.0
 11
-1.3088412665887336e-11
 21
-71250.0
 31
69000.0
  0
LINE
  5
5A
330
17
100
AcDbEntity
  8
COLUMNS
100
AcDbLine
 10
50911.68824543141
 20
-50911.68824543143
 30
55200.0
 11
50381.3581595415
 21
-50381.35815954152
 31
69000.0
  0
LINE
  5
5B
330
17
100
AcDbEntity
  8
COLUMNS
100
AcDbLine
 10
71250.0
 20
0.0
 30
69000.0
 11
70500.0
 21
0.0
 31
82800.0
  0
LINE
  5
5C
330
17
100
AcDbEntity
  8
COLUMNS
100
AcDbLine
 10
50381.358159541516
 20
50381.35815954151
 30
69000.0
 11
49851.02807365161
 21
49851.02807365159
 31
82800.0
  0
LINE
  5
5D
330
17
100
AcDbEntity
  8
COLUMNS
100
AcDbLine
 10
4.362804221962446e-12
 20
71250.0
 30
69000.0
 11
4.31687996699442e-12
 21
70500.0
 31
82800.0
  0
LINE
  5
5E
330
17
100
AcDbEntity
  8
COLUMNS
100
AcDbLine
 10
-50381.35815954151
 20
50381.358159541516
 30
69000.0
 11
-49851.02807365159
 21
49851.02807365161
 31
82800.0
  0
LINE
  5
5F
330
17
100
AcDbEntity
  8
COLUMNS
100
AcDbLine
 10
-71250.0
 20
8.725608443924891e-12
 30
69000.0
 11
-70500.0
 21
8.63375993398884e-12
 31
82800.0
  0
LINE
  5
60
330
17
100
AcDbEntity
  8
COLUMNS
100
AcDbLine
 10
-50381.35815954152
 20
-50381.35815954151
 30
69000.0
 11
-49851.028073651614
 21
-49851.02807365159
 31
82800.0
  0
LINE
  5
61
330
17
100
AcDbEntity
  8
COLUMNS
100
AcDbLine
 10
-1.3088412665887336e-11
 20
-71250.0
 30
69000.0
 11
-1.295063990098326e-11
 21
-70500.0
 31
82800.0
  0
LINE
  5
62
330
17
100
AcDbEntity
  8
COLUMNS
100
AcDbLine
 10
50381.3581595415
 20
-50381.35815954152
 30
69000.0
 11
49851.028073651585
 21
-49851.028073651614
 31
82800.0
  0
LINE
  5
63
330
17
100
AcDbEntity
  8
COLUMNS
100
AcDbLine
 10
70500.0
 20
0.0
 30
82800.0
 11
69750.0
 21
0.0
 31
96600.0
  0
LINE
  5
64
330
17
100
AcDbEntity
  8
COLUMNS
100
AcDbLine
 10
49851.02807365161
 20
49851.02807365159
 30
82800.0
 11
49320.69798776169
 21
49320.69798776168
 31
96600.0
  0
LINE
  5
65
330
17
100
AcDbEntity
  8
COLUMNS
100
AcDbLine
 10
4.31687996699442e-12
 20
70500.0
 30
82800.0
 11
4.2709557120263944e-12
 21
69750.0
 31
96600.0
  0
LINE
  5
66
330
17
100
AcDbEntity
  8
COLUMNS
100
AcDbLine
 10
-49851.02807365159
 20
49851.02807365161
 30
82800.0
 11
-49320.69798776168
 21
49320.69798776169
 31
96600.0
  0
LINE
  5
67
330
17
100
AcDbEntity
  8
COLUMNS
100
AcDbLine
 10
-70500.0
 20
8.63375993398884e-12
 30
82800.0
 11
-69750.0
 21
8.541911424052789e-12
 31
96600.0
  0
LINE
  5
68
330
17
100
AcDbEntity
  8
COLUMNS
100
AcDbLine
 10
-49851.028073651614
 20
-49851.02807365159
 30
82800.0
 11
-49320.6979877617
 21
-49320.69798776168
 31
96600.0
  0
LINE
  5
69
330
17
100
AcDbEntity
  8
COLUMNS
100
AcDbLine
 10
-1.295063990098326e-11
 20
-70500.0
 30
82800.0
 11
-1.2812867136079182e-11
 21
-69750.0
 31
96600.0
  0
LINE
  5
6A
330
17
100
AcDbEntity
  8
COLUMNS
100
AcDbLine
 10
49851.028073651585
 20
-49851.028073651614
 30
82800.0
 11
49320.697987761676
 21
-49320.6979877617
 31
96600.0
  0
LINE
  5
6B
330
17
100
AcDbEntity
  8
COLUMNS
100
AcDbLine
 10
69750.0
 20
0.0
 30
96600.0
 11
69000.0
 21
0.0
 31
110400.0
  0
LINE
  5
6C
330
17
100
AcDbEntity
  8
COLUMNS
100
AcDbLine
 10
49320.69798776169
 20
49320.69798776168
 30
96600.0
 11
48790.36790187178
 21
48790.367901871774
 31
110400.0
  0
LINE
  5
6D
330
17
100
AcDbEntity
  8
COLUMNS
100
AcDbLine
 10
4.2709557120263944e-12
 20
69750.0
 30
96600.0
 11
4.225031457058368e-12
 21
69000.0
 31
110400.0
  0
LINE
  5
6E
330
17
100
AcDbEntity
  8
COLUMNS
100
AcDbLine
 10
-49320.69798776168
 20
49320.69798776169
 30
96600.0
 11
-48790.367901871774
 21
48790.36790187178
 31
110400.0
  0
LINE
  5
6F
330
17
100
AcDbEntity
  8
COLUMNS
100
AcDbLine
 10
-69750.0
 20
8.541911424052789e-12
 30
96600.0
 11
-69000.0
 21
8.450062914116737e-12
 31
110400.0
  0
LINE
  5
70
330
17
100
AcDbEntity
  8
COLUMNS
100
AcDbLine
 10
-49320.6979877617
 20
-49320.69798776168
 30
96600.0
 11
-48790.36790187179
 21
-48790.367901871774
 31
110400.0
  0
LINE
  5
71
330
17
100
AcDbEntity
  8
COLUMNS
100
AcDbLine
 10
-1.2812867136079182e-11
 20
-69750.0
 30
96600.0
 11
-1.2675094371175105e-11
 21
-69000.0
 31
110400.0
  0
LINE
  5
72
330
17
100
AcDbEntity
  8
COLUMNS
100
AcDbLine
 10
49320.697987761676
 20
-49320.6979877617
 30
96600.0
 11
48790.36790187177
 21
-48790.36790187179
 31
110400.0
  0
LINE
  5
73
330
17
100
AcDbEntity
  8
COLUMNS
100
AcDbLine
 10
69000.0
 20
0.0
 30
110400.0
 11
68250.0
 21
0.0
 31
124200.0
  0
LINE
  5
74
330
17
100
AcDbEntity
  8
COLUMNS
100
AcDbLine
 10
48790.36790187178
 20
48790.367901871774
 30
110400.0
 11
48260.03781598187
 21
48260.037815981865
 31
124200.0
  0
LINE
  5
75
330
17
100
AcDbEntity
  8
COLUMNS
100
AcDbLine
 10
4.225031457058368e-12
 20
69000.0
 30
110400.0
 11
4.179107202090343e-12
 21
68250.0
 31
124200.0
  0
LINE
  5
76
330
17
100
AcDbEntity
  8
COLUMNS
100
AcDbLine
 10
-48790.367901871774
 20
48790.36790187178
 30
110400.0
 11
-48260.037815981865
 21
48260.03781598187
 31
124200.0
  0
LINE
  5
77
330
17
100
AcDbEntity
  8
COLUMNS
100
AcDbLine
 10
-69000.0
 20
8.450062914116737e-12
 30
110400.0
 11
-68250.0
 21
8.358214404180686e-12
 31
124200.0
  0
LINE
  5
78
330
17
100
AcDbEntity
  8
COLUMNS
100
AcDbLine
 10
-48790.36790187179
 20
-48790.367901871774
 30
110400.0
 11
-48260.03781598188
 21
-48260.037815981865
 31
124200.0
  0
LINE
  5
79
330
17
100
AcDbEntity
  8
COLUMNS
100
AcDbLine
 10
-1.2675094371175105e-11
 20
-69000.0
 30
110400.0
 11
-1.2537321606271027e-11
 21
-68250.0
 31
124200.0
  0
LINE
  5
7A
330
17
100
AcDbEntity
  8
COLUMNS
100
AcDbLine
 10
48790.36790187177
 20
-48790.36790187179
 30
110400.0
 11
48260.03781598186
 21
-48260.03781598188
 31
124200.0
  0
LINE
  5
7B
330
17
100
AcDbEntity
  8
COLUMNS
100
AcDbLine
 10
68250.0
 20
0.0
 30
124200.0
 11
67500.0
 21
0.0
 31
138000.0
  0
LINE
  5
7C
330
17
100
AcDbEntity
  8
COLUMNS
100
AcDbLine
 10
48260.03781598187
 20
48260.037815981865
 30
124200.0
 11
47729.70773009196
 21
47729.707730091955
 31
138000.0
  0
LINE
  5
7D
330
17
100
AcDbEntity
  8
COLUMNS
100
AcDbLine
 10
4.179107202090343e-12
 20
68250.0
 30
124200.0
 11
4.133182947122317e-12
 21
67500.0
 31
138000.0
  0
LINE
  5
7E
330
17
100
AcDbEntity
  8
COLUMNS
100
AcDbLine
 10
-48260.037815981865
 20
48260.03781598187
 30
124200.0
 11
-47729.707730091955
 21
47729.70773009196
 31
138000.0
  0
LINE
  5
7F
330
17
100
AcDbEntity
  8
COLUMNS
100
AcDbLine
 10
-68250.0
 20
8.358214404180686e-12
 30
124200.0
 11
-67500.0
 21
8.266365894244634e-12
 31
138000.0
  0
LINE
  5
80
330
17
100
AcDbEntity
  8
COLUMNS
100
AcDbLine
 10
-48260.03781598188
 20
-48260.037815981865
 30
124200.0
 11
-47729.70773009197
 21
-47729.707730091955
 31
138000.0
  0
LINE
  5
81
330
17
100
AcDbEntity
  8
COLUMNS
100
AcDbLine
 10
-1.2537321606271027e-11
 20
-68250.0
 30
124200.0
 11
-1.239954884136695e-11
 21
-67500.0
 31
138000.0
  0
LINE
  5
82
330
17
100
AcDbEntity
  8
COLUMNS
100
AcDbLine
 10
48260.03781598186
 20
-48260.03781598188
 30
124200.0
 11
47729.70773009195
 21
-47729.70773009197
 31
138000.0
  0
LINE
  5
83
330
17
100
AcDbEntity
  8
COLUMNS
100
AcDbLine
 10
67500.0
 20
0.0
 30
138000.0
 11
66750.0
 21
0.0
 31
151800.0
  0
LINE
  5
84
330
17
100
AcDbEntity
  8
COLUMNS
100
AcDbLine
 10
47729.70773009196
 20
47729.707730091955
 30
138000.0
 11
47199.37764420205
 21
47199.377644202046
 31
151800.0
  0
LINE
  5
85
330
17
100
AcDbEntity
  8
COLUMNS
100
AcDbLine
 10
4.133182947122317e-12
 20
67500.0
 30
138000.0
 11
4.087258692154291e-12
 21
66750.0
 31
151800.0
  0
LINE
  5
86
330
17
100
AcDbEntity
  8
COLUMNS
100
AcDbLine
 10
-47729.707730091955
 20
47729.70773009196
 30
138000.0
 11
-47199.377644202046
 21
47199.37764420205
 31
151800.0
  0
LINE
  5
87
330
17
100
AcDbEntity
  8
COLUMNS
100
AcDbLine
 10
-67500.0
 20
8.266365894244634e-12
 30
138000.0
 11
-66750.0
 21
8.174517384308582e-12
 31
151800.0
  0
LINE
  5
88
330
17
100
AcDbEntity
  8
COLUMNS
100
AcDbLine
 10
-47729.70773009197
 20
-47729.707730091955
 30
138000.0
 11
-47199.37764420206
 21
-47199.377644202046
 31
151800.0
  0
LINE
  5
89
330
17
100
AcDbEntity
  8
COLUMNS
100
AcDbLine
 10
-1.239954884136695e-11
 20
-67500.0
 30
138000.0
 11
-1.2261776076462874e-11
 21
-66750.0
 31
151800.0
  0
LINE
  5
8A
330
17
100
AcDbEntity
  8
COLUMNS
100
AcDbLine
 10
47729.70773009195
 20
-47729.70773009197
 30
138000.0
 11
47199.37764420204
 21
-47199.37764420206
 31
151800.0
  0
LINE
  5
8B
330
17
100
AcDbEntity
  8
COLUMNS
100
AcDbLine
 10
66750.0
 20
0.0
 30
151800.0
 11
66000.0
 21
0.0
 31
165600.0
  0
LINE
  5
8C
330
17
100
AcDbEntity
  8
COLUMNS
100
AcDbLine
 10
47199.37764420205
 20
47199.377644202046
 30
151800.0
 11
46669.04755831214
 21
46669.04755831213
 31
165600.0
  0
LINE
  5
8D
330
17
100
AcDbEntity
  8
COLUMNS
100
AcDbLine
 10
4.087258692154291e-12
 20
66750.0
 30
151800.0
 11
4.041334437186266e-12
 21
66000.0
 31
165600.0
  0
LINE
  5
8E
330
17
100
AcDbEntity
  8
COLUMNS
100
AcDbLine
 10
-47199.377644202046
 20
47199.37764420205
 30
151800.0
 11
-46669.04755831213
 21
46669.04755831214
 31
165600.0
  0
LINE
  5
8F
330
17
100
AcDbEntity
  8
COLUMNS
100
AcDbLine
 10
-66750.0
 20
8.174517384308582e-12
 30
151800.0
 11
-66000.0
 21
8.082668874372531e-12
 31
165600.0
  0
LINE
  5
90
330
17
100
AcDbEntity
  8
COLUMNS
100
AcDbLine
 10
-47199.37764420206
 20
-47199.377644202046
 30
151800.0
 11
-46669.047558312144
 21
-46669.04755831213
 31
165600.0
  0
LINE
  5
91
330
17
100
AcDbEntity
  8
COLUMNS
100
AcDbLine
 10
-1.2261776076462874e-11
 20
-66750.0
 30
151800.0
 11
-1.2124003311558796e-11
 21
-66000.0
 31
165600.0
  0
LINE
  5
92
330
17
100
AcDbEntity
  8
COLUMNS
100
AcDbLine
 10
47199.37764420204
 20
-47199.37764420206
 30
151800.0
 11
46669.04755831212
 21
-46669.047558312144
 31
165600.0
  0
LINE
  5
93
330
17
100
AcDbEntity
  8
COLUMNS
100
AcDbLine
 10
66000.0
 20
0.0
 30
165600.0
 11
65250.0
 21
0.0
 31
179400.0
  0
LINE
  5
94
330
17
100
AcDbEntity
  8
COLUMNS
100
AcDbLine
 10
46669.04755831214
 20
46669.04755831213
 30
165600.0
 11
46138.71747242223
 21
46138.71747242222
 31
179400.0
  0
LINE
  5
95
330
17
100
AcDbEntity
  8
COLUMNS
100
AcDbLine
 10
4.041334437186266e-12
 20
66000.0
 30
165600.0
 11
3.99541018221824e-12
 21
65250.0
 31
179400.0
  0
LINE
  5
96
330
17
100
AcDbEntity
  8
COLUMNS
100
AcDbLine
 10
-46669.04755831213
 20
46669.04755831214
 30
165600.0
 11
-46138.71747242222
 21
46138.71747242223
 31
179400.0
  0
LINE
  5
97
330
17
100
AcDbEntity
  8
COLUMNS
100
AcDbLine
 10
-66000.0
 20
8.082668874372531e-12
 30
165600.0
 11
-65250.0
 21
7.99082036443648e-12
 31
179400.0
  0
LINE
  5
98
330
17
100
AcDbEntity
  8
COLUMNS
100
AcDbLine
 10
-46669.047558312144
 20
-46669.04755831213
 30
165600.0
 11
-46138.717472422235
 21
-46138.71747242222
 31
179400.0
  0
LINE
  5
99
330
17
100
AcDbEntity
  8
COLUMNS
100
AcDbLine
 10
-1.2124003311558796e-11
 20
-66000.0
 30
165600.0
 11
-1.1986230546654719e-11
 21
-65250.0
 31
179400.0
  0
LINE
  5
9A
330
17
100
AcDbEntity
  8
COLUMNS
100
AcDbLine
 10
46669.04755831212
 20
-46669.047558312144
 30
165600.0
 11
46138.71747242221
 21
-46138.717472422235
 31
179400.0
  0
LINE
  5
9B
330
17
100
AcDbEntity
  8
COLUMNS
100
AcDbLine
 10
65250.0
 20
0.0
 30
179400.0
 11
64500.0
 21
0.0
 31
193200.0
  0
LINE
  5
9C
330
17
100
AcDbEntity
  8
COLUMNS
100
AcDbLine
 10
46138.71747242223
 20
46138.71747242222
 30
179400.0
 11
45608.38738653232
 21
45608.38738653231
 31
193200.0
  0
LINE
  5
9D
330
17
100
AcDbEntity
  8
COLUMNS
100
AcDbLine
 10
3.99541018221824e-12
 20
65250.0
 30
179400.0
 11
3.9494859272502144e-12
 21
64500.0
 31
193200.0
  0
LINE
  5
9E
330
17
100
AcDbEntity
  8
COLUMNS
100
AcDbLine
 10
-46138.71747242222
 20
46138.71747242223
 30
179400.0
 11
-45608.38738653231
 21
45608.38738653232
 31
193200.0
  0
LINE
  5
9F
330
17
100
AcDbEntity
  8
COLUMNS
100
AcDbLine
 10
-65250.0
 20
7.99082036443648e-12
 30
179400.0
 11
-64500.0
 21
7.898971854500429e-12
 31
193200.0
  0
LINE
  5
A0
330
17
100
AcDbEntity
  8
COLUMNS
100
AcDbLine
 10
-46138.717472422235
 20
-46138.71747242222
 30
179400.0
 11
-45608.387386532326
 21
-45608.38738653231
 31
193200.0
  0
LINE
  5
A1
330
17
100
AcDbEntity
  8
COLUMNS
100
AcDbLine
 10
-1.1986230546654719e-11
 20
-65250.0
 30
179400.0
 11
-1.1848457781750641e-11
 21
-64500.0
 31
193200.0
  0
LINE
  5
A2
330
17
100
AcDbEntity
  8
COLUMNS
100
AcDbLine
 10
46138.71747242221
 20
-46138.717472422235
 30
179400.0
 11
45608.387386532304
 21
-45608.387386532326
 31
193200.0
  0
LINE
  5
A3
330
17
100
AcDbEntity
  8
COLUMNS
100
AcDbLine
 10
64500.0
 20
0.0
 30
193200.0
 11
63750.0
 21
0.0
 31
207000.0
  0
LINE
  5
A4
330
17
100
AcDbEntity
  8
COLUMNS
100
AcDbLine
 10
45608.38738653232
 20
45608.38738653231
 30
193200.0
 11
45078.05730064241
 21
45078.0573006424
 31
207000.0
  0
LINE
  5
A5
330
17
100
AcDbEntity
  8
COLUMNS
100
AcDbLine
 10
3.9494859272502144e-12
 20
64500.0
 30
193200.0
 11
3.903561672282188e-12
 21
63750.0
 31
207000.0
  0
LINE
  5
A6
330
17
100
AcDbEntity
  8
COLUMNS
100
AcDbLine
 10
-45608.38738653231
 20
45608.38738653232
 30
193200.0
 11
-45078.0573006424
 21
45078.05730064241
 31
207000.0
  0
LINE
  5
A7
330
17
100
AcDbEntity
  8
COLUMNS
100
AcDbLine
 10
-64500.0
 20
7.898971854500429e-12
 30
193200.0
 11
-63750.0
 21
7.807123344564377e-12
 31
207000.0
  0
LINE
  5
A8
330
17
100
AcDbEntity
  8
COLUMNS
100
AcDbLine
 10
-45608.387386532326
 20
-45608.38738653231
 30
193200.0
 11
-45078.05730064242
 21
-45078.0573006424
 31
207000.0
  0
LINE
  5
A9
330
17
100
AcDbEntity
  8
COLUMNS
100
AcDbLine
 10
-1.1848457781750641e-11
 20
-64500.0
 30
193200.0
 11
-1.1710685016846564e-11
 21
-63750.0
 31
207000.0
  0
LINE
  5
AA
330
17
100
AcDbEntity
  8
COLUMNS
100
AcDbLine
 10
45608.387386532304
 20
-45608.387386532326
 30
193200.0
 11
45078.057300642395
 21
-45078.05730064242
 31
207000.0
  0
LINE
  5
AB
330
17
100
AcDbEntity
  8
COLUMNS
100
AcDbLine
 10
63750.0
 20
0.0
 30
207000.0
 11
63000.0
 21
0.0
 31
220800.0
  0
LINE
  5
AC
330
17
100
AcDbEntity
  8
COLUMNS
100
AcDbLine
 10
45078.05730064241
 20
45078.0573006424
 30
207000.0
 11
44547.7272147525
 21
44547.72721475249
 31
220800.0
  0
LINE
  5
AD
330
17
100
AcDbEntity
  8
COLUMNS
100
AcDbLine
 10
3.903561672282188e-12
 20
63750.0
 30
207000.0
 11
3.857637417314162e-12
 21
63000.0
 31
220800.0
  0
LINE
  5
AE
330
17
100
AcDbEntity
  8
COLUMNS
100
AcDbLine
 10
-45078.0573006424
 20
45078.05730064241
 30
207000.0
 11
-44547.72721475249
 21
44547.7272147525
 31
220800.0
  0
LINE
  5
AF
330
17
100
AcDbEntity
  8
COLUMNS
100
AcDbLine
 10
-63750.0
 20
7.807123344564377e-12
 30
207000.0
 11
-63000.0
 21
7.715274834628325e-12
 31
220800.0
  0
LINE
  5
B0
330
17
100
AcDbEntity
  8
COLUMNS
100
AcDbLine
 10
-45078.05730064242
 20
-45078.0573006424
 30
207000.0
 11
-44547.72721475251
 21
-44547.72721475249
 31
220800.0
  0
LINE
  5
B1
330
17
100
AcDbEntity
  8
COLUMNS
100
AcDbLine
 10
-1.1710685016846564e-11
 20
-63750.0
 30
207000.0
 11
-1.1572912251942488e-11
 21
-63000.0
 31
220800.0
  0
LINE
  5
B2
330
17
100
AcDbEntity
  8
COLUMNS
100
AcDbLine
 10
45078.057300642395
 20
-45078.05730064242
 30
207000.0
 11
44547.727214752485
 21
-44547.72721475251
 31
220800.0
  0
LINE
  5
B3
330
17
100
AcDbEntity
  8
COLUMNS
100
AcDbLine
 10
63000.0
 20
0.0
 30
220800.0
 11
62250.00000000001
 21
0.0
 31
234600.0
  0
LINE
  5
B4
330
17
100
AcDbEntity
  8
COLUMNS
100
AcDbLine
 10
44547.7272147525
 20
44547.72721475249
 30
220800.0
 11
44017.39712886259
 21
44017.39712886258
 31
234600.0
  0
LINE
  5
B5
330
17
100
AcDbEntity
  8
COLUMNS
100
AcDbLine
 10
3.857637417314162e-12
 20
63000.0
 30
220800.0
 11
3.811713162346137e-12
 21
62250.00000000001
 31
234600.0
  0
LINE
  5
B6
330
17
100
AcDbEntity
  8
COLUMNS
100
AcDbLine
 10
-44547.72721475249
 20
44547.7272147525
 30
220800.0
 11
-44017.39712886258
 21
44017.39712886259
 31
234600.0
  0
LINE
  5
B7
330
17
100
AcDbEntity
  8
COLUMNS
100
AcDbLine
 10
-63000.0
 20
7.715274834628325e-12
 30
220800.0
 11
-62250.00000000001
 21
7.623426324692274e-12
 31
234600.0
  0
LINE
  5
B8
330
17
100
AcDbEntity
  8
COLUMNS
100
AcDbLine
 10
-44547.72721475251
 20
-44547.72721475249
 30
220800.0
 11
-44017.3971288626
 21
-44017.39712886258
 31
234600.0
  0
LINE
  5
B9
330
17
100
AcDbEntity
  8
COLUMNS
100
AcDbLine
 10
-1.1572912251942488e-11
 20
-63000.0
 30
220800.0
 11
-1.1435139487038411e-11
 21
-62250.00000000001
 31
234600.0
  0
LINE
  5
BA
330
17
100
AcDbEntity
  8
COLUMNS
100
AcDbLine
 10
44547.727214752485
 20
-44547.72721475251
 30
220800.0
 11
44017.397128862576
 21
-44017.3971288626
 31
234600.0
  0
LINE
  5
BB
330
17
100
AcDbEntity
  8
COLUMNS
100
AcDbLine
 10
62250.00000000001
 20
0.0
 30
234600.0
 11
61500.00000000001
 21
0.0
 31
248400.0
  0
LINE
  5
BC
330
17
100
AcDbEntity
  8
COLUMNS
100
AcDbLine
 10
44017.39712886259
 20
44017.39712886258
 30
234600.0
 11
43487.06704297268
 21
43487.067042972674
 31
248400.0
  0
LINE
  5
BD
330
17
100
AcDbEntity
  8
COLUMNS
100
AcDbLine
 10
3.811713162346137e-12
 20
62250.00000000001
 30
234600.0
 11
3.765788907378112e-12
 21
61500.00000000001
 31
248400.0
  0
LINE
  5
BE
330
17
100
AcDbEntity
  8
COLUMNS
100
AcDbLine
 10
-44017.39712886258
 20
44017.39712886259
 30
234600.0
 11
-43487.067042972674
 21
43487.06704297268
 31
248400.0
  0
LINE
  5
BF
330
17
100
AcDbEntity
  8
COLUMNS
100
AcDbLine
 10
-62250.00000000001
 20
7.623426324692274e-12
 30
234600.0
 11
-61500.00000000001
 21
7.531577814756224e-12
 31
248400.0
  0
LINE
  5
C0
330
17
100
AcDbEntity
  8
COLUMNS
100
AcDbLine
 10
-44017.3971288626
 20
-44017.39712886258
 30
234600.0
 11
-43487.06704297269
 21
-43487.067042972674
 31
248400.0
  0
LINE
  5
C1
330
17
100
AcDbEntity
  8
COLUMNS
100
AcDbLine
 10
-1.1435139487038411e-11
 20
-62250.00000000001
 30
234600.0
 11
-1.1297366722134335e-11
 21
-61500.00000000001
 31
248400.0
  0
LINE
  5
C2
330
17
100
AcDbEntity
  8
COLUMNS
100
AcDbLine
 10
44017.397128862576
 20
-44017.3971288626
 30
234600.0
 11
43487.06704297267
 21
-43487.06704297269
 31
248400.0
  0
LINE
  5
C3
330
17
100
AcDbEntity
  8
COLUMNS
100
AcDbLine
 10
61500.00000000001
 20
0.0
 30
248400.0
 11
60750.00000000001
 21
0.0
 31
262200.0
  0
LINE
  5
C4
330
17
100
AcDbEntity
  8
COLUMNS
100
AcDbLine
 10
43487.06704297268
 20
43487.067042972674
 30
248400.0
 11
42956.73695708277
 21
42956.736957082765
 31
262200.0
  0
LINE
  5
C5
330
17
100
AcDbEntity
  8
COLUMNS
100
AcDbLine
 10
3.765788907378112e-12
 20
61500.00000000001
 30
248400.0
 11
3.719864652410086e-12
 21
60750.00000000001
 31
262200.0
  0
LINE
  5
C6
330
17
100
AcDbEntity
  8
COLUMNS
100
AcDbLine
 10
-43487.067042972674
 20
43487.06704297268
 30
248400.0
 11
-42956.736957082765
 21
42956.73695708277
 31
262200.0
  0
LINE
  5
C7
330
17
100
AcDbEntity
  8
COLUMNS
100
AcDbLine
 10
-61500.00000000001
 20
7.531577814756224e-12
 30
248400.0
 11
-60750.00000000001
 21
7.439729304820172e-12
 31
262200.0
  0
LINE
  5
C8
330
17
100
AcDbEntity
  8
COLUMNS
100
AcDbLine
 10
-43487.06704297269
 20
-43487.067042972674
 30
248400.0
 11
-42956.73695708278
 21
-42956.736957082765
 31
262200.0
  0
LINE
  5
C9
330
17
100
AcDbEntity
  8
COLUMNS
100
AcDbLine
 10
-1.1297366722134335e-11
 20
-61500.00000000001
 30
248400.0
 11
-1.1159593957230256e-11
 21
-60750.00000000001
 31
262200.0
  0
LINE
  5
CA
330
17
100
AcDbEntity
  8
COLUMNS
100
AcDbLine
 10
43487.06704297267
 20
-43487.06704297269
 30
248400.0
 11
42956.73695708276
 21
-42956.73695708278
 31
262200.0
  0
LINE
  5
CB
330
17
100
AcDbEntity
  8
COLUMNS
100
AcDbLine
 10
60750.00000000001
 20
0.0
 30
262200.0
 11
60000.0
 21
0.0
 31
276000.0
  0
LINE
  5
CC
330
17
100
AcDbEntity
  8
COLUMNS
100
AcDbLine
 10
42956.73695708277
 20
42956.736957082765
 30
262200.0
 11
42426.406871192856
 21
42426.40687119285
 31
276000.0
  0
LINE
  5
CD
330
17
100
AcDbEntity
  8
COLUMNS
100
AcDbLine
 10
3.719864652410086e-12
 20
60750.00000000001
 30
262200.0
 11
3.67394039744206e-12
 21
60000.0
 31
276000.0
  0
LINE
  5
CE
330
17
100
AcDbEntity
  8
COLUMNS
100
AcDbLine
 10
-42956.736957082765
 20
42956.73695708277
 30
262200.0
 11
-42426.40687119285
 21
42426.406871192856
 31
276000.0
  0
LINE
  5
CF
330
17
100
AcDbEntity
  8
COLUMNS
100
AcDbLine
 10
-60750.00000000001
 20
7.439729304820172e-12
 30
262200.0
 11
-60000.0
 21
7.34788079488412e-12
 31
276000.0
  0
LINE
  5
D0
330
17
100
AcDbEntity
  8
COLUMNS
100
AcDbLine
 10
-42956.73695708278
 20
-42956.736957082765
 30
262200.0
 11
-42426.40687119286
 21
-42426.40687119285
 31
276000.0
  0
LINE
  5
D1
330
17
100
AcDbEntity
  8
COLUMNS
100
AcDbLine
 10
-1.1159593957230256e-11
 20
-60750.00000000001
 30
262200.0
 11
-1.1021821192326178e-11
 21
-60000.0
 31
276000.0
  0
LINE
  5
D2
330
17
100
AcDbEntity
  8
COLUMNS
100
AcDbLine
 10
42956.73695708276
 20
-42956.73695708278
 30
262200.0
 11
42426.40687119284
 21
-42426.40687119286
 31
276000.0
  0
LINE
  5
D3
330
17
100
AcDbEntity
  8
COLUMNS
100
AcDbLine
 10
60000.0
 20
0.0
 30
276000.0
 11
59250.0
 21
0.0
 31
289800.0
  0
LINE
  5
D4
330
17
100
AcDbEntity
  8
COLUMNS
100
AcDbLine
 10
42426.406871192856
 20
42426.40687119285
 30
276000.0
 11
41896.07678530295
 21
41896.07678530294
 31
289800.0
  0
LINE
  5
D5
330
17
100
AcDbEntity
  8
COLUMNS
100
AcDbLine
 10
3.67394039744206e-12
 20
60000.0
 30
276000.0
 11
3.628016142474034e-12
 21
59250.0
 31
289800.0
  0
LINE
  5
D6
330
17
100
AcDbEntity
  8
COLUMNS
100
AcDbLine
 10
-42426.40687119285
 20
42426.406871192856
 30
276000.0
 11
-41896.07678530294
 21
41896.07678530295
 31
289800.0
  0
LINE
  5
D7
330
17
100
AcDbEntity
  8
COLUMNS
100
AcDbLine
 10
-60000.0
 20
7.34788079488412e-12
 30
276000.0
 11
-59250.0
 21
7.256032284948068e-12
 31
289800.0
  0
LINE
  5
D8
330
17
100
AcDbEntity
  8
COLUMNS
100
AcDbLine
 10
-42426.40687119286
 20
-42426.40687119285
 30
276000.0
 11
-41896.076785302954
 21
-41896.07678530294
 31
289800.0
  0
LINE
  5
D9
330
17
100
AcDbEntity
  8
COLUMNS
100
AcDbLine
 10
-1.1021821192326178e-11
 20
-60000.0
 30
276000.0
 11
-1.08840484274221e-11
 21
-59250.0
 31
289800.0
  0
LINE
  5
DA
330
17
100
AcDbEntity
  8
COLUMNS
100
AcDbLine
 10
42426.40687119284
 20
-42426.40687119286
 30
276000.0
 11
41896.07678530293
 21
-41896.076785302954
 31
289800.0
  0
LINE
  5
DB
330
17
100
AcDbEntity
  8
COLUMNS
100
AcDbLine
 10
59250.0
 20
0.0
 30
289800.0
 11
58500.0
 21
0.0
 31
303600.0
  0
LINE
  5
DC
330
17
100
AcDbEntity
  8
COLUMNS
100
AcDbLine
 10
41896.07678530295
 20
41896.07678530294
 30
289800.0
 11
41365.74669941303
 21
41365.74669941303
 31
303600.0
  0
LINE
  5
DD
330
17
100
AcDbEntity
  8
COLUMNS
100
AcDbLine
 10
3.628016142474034e-12
 20
59250.0
 30
289800.0
 11
3.582091887506008e-12
 21
58500.0
 31
303600.0
  0
LINE
  5
DE
330
17
100
AcDbEntity
  8
COLUMNS
100
AcDbLine
 10
-41896.07678530294
 20
41896.07678530295
 30
289800.0
 11
-41365.74669941303
 21
41365.74669941303
 31
303600.0
  0
LINE
  5
DF
330
17
100
AcDbEntity
  8
COLUMNS
100
AcDbLine
 10
-59250.0
 20
7.256032284948068e-12
 30
289800.0
 11
-58500.0
 21
7.164183775012016e-12
 31
303600.0
  0
LINE
  5
E0
330
17
100
AcDbEntity
  8
COLUMNS
100
AcDbLine
 10
-41896.076785302954
 20
-41896.07678530294
 30
289800.0
 11
-41365.74669941304
 21
-41365.74669941303
 31
303600.0
  0
LINE
  5
E1
330
17
100
AcDbEntity
  8
COLUMNS
100
AcDbLine
 10
-1.08840484274221e-11
 20
-59250.0
 30
289800.0
 11
-1.0746275662518024e-11
 21
-58500.0
 31
303600.0
  0
LINE
  5
E2
330
17
100
AcDbEntity
  8
COLUMNS
100
AcDbLine
 10
41896.07678530293
 20
-41896.076785302954
 30
289800.0
 11
41365.74669941302
 21
-41365.74669941304
 31
303600.0
  0
LINE
  5
E3
330
17
100
AcDbEntity
  8
COLUMNS
100
AcDbLine
 10
58500.0
 20
0.0
 30
303600.0
 11
57750.0
 21
0.0
 31
317400.0
  0
LINE
  5
E4
330
17
100
AcDbEntity
  8
COLUMNS
100
AcDbLine
 10
41365.74669941303
 20
41365.74669941303
 30
303600.0
 11
40835.41661352312
 21
40835.41661352311
 31
317400.0
  0
LINE
  5
E5
330
17
100
AcDbEntity
  8
COLUMNS
100
AcDbLine
 10
3.582091887506008e-12
 20
58500.0
 30
303600.0
 11
3.5361676325379823e-12
 21
57750.0
 31
317400.0
  0
LINE
  5
E6
330
17
100
AcDbEntity
  8
COLUMNS
100
AcDbLine
 10
-41365.74669941303
 20
41365.74669941303
 30
303600.0
 11
-40835.41661352311
 21
40835.41661352312
 31
317400.0
  0
LINE
  5
E7
330
17
100
AcDbEntity
  8
COLUMNS
100
AcDbLine
 10
-58500.0
 20
7.164183775012016e-12
 30
303600.0
 11
-57750.0
 21
7.072335265075965e-12
 31
317400.0
  0
LINE
  5
E8
330
17
100
AcDbEntity
  8
COLUMNS
100
AcDbLine
 10
-41365.74669941304
 20
-41365.74669941303
 30
303600.0
 11
-40835.41661352313
 21
-40835.41661352311
 31
317400.0
  0
LINE
  5
E9
330
17
100
AcDbEntity
  8
COLUMNS
100
AcDbLine
 10
-1.0746275662518024e-11
 20
-58500.0
 30
303600.0
 11
-1.0608502897613947e-11
 21
-57750.0
 31
317400.0
  0
LINE
  5
EA
330
17
100
AcDbEntity
  8
COLUMNS
100
AcDbLine
 10
41365.74669941302
 20
-41365.74669941304
 30
303600.0
 11
40835.416613523106
 21
-40835.41661352313
 31
317400.0
  0
LINE
  5
EB
330
17
100
AcDbEntity
  8
COLUMNS
100
AcDbLine
 10
57750.0
 20
0.0
 30
317400.0
 11
57000.0
 21
0.0
 31
331200.0
  0
LINE
  5
EC
330
17
100
AcDbEntity
  8
COLUMNS
100
AcDbLine
 10
40835.41661352312
 20
40835.41661352311
 30
317400.0
 11
40305.08652763321
 21
40305.086527633204
 31
331200.0
  0
LINE
  5
ED
330
17
100
AcDbEntity
  8
COLUMNS
100
AcDbLine
 10
3.5361676325379823e-12
 20
57750.0
 30
317400.0
 11
3.4902433775699567e-12
 21
57000.0
 31
331200.0
  0
LINE
  5
EE
330
17
100
AcDbEntity
  8
COLUMNS
100
AcDbLine
 10
-40835.41661352311
 20
40835.41661352312
 30
317400.0
 11
-40305.086527633204
 21
40305.08652763321
 31
331200.0
  0
LINE
  5
EF
330
17
100
AcDbEntity
  8
COLUMNS
100
AcDbLine
 10
-57750.0
 20
7.072335265075965e-12
 30
317400.0
 11
-57000.0
 21
6.980486755139913e-12
 31
331200.0
  0
LINE
  5
F0
330
17
100
AcDbEntity
  8
COLUMNS
100
AcDbLine
 10
-40835.41661352313
 20
-40835.41661352311
 30
317400.0
 11
-40305.08652763322
 21
-40305.086527633204
 31
331200.0
  0
LINE
  5
F1
330
17
100
AcDbEntity
  8
COLUMNS
100
AcDbLine
 10
-1.0608502897613947e-11
 20
-57750.0
 30
317400.0
 11
-1.0470730132709869e-11
 21
-57000.0
 31
331200.0
  0
LINE
  5
F2
330
17
100
AcDbEntity
  8
COLUMNS
100
AcDbLine
 10
40835.416613523106
 20
-40835.41661352313
 30
317400.0
 11
40305.0865276332
 21
-40305.08652763322
 31
331200.0
  0
LINE
  5
F3
330
17
100
AcDbEntity
  8
COLUMNS
100
AcDbLine
 10
57000.0
 20
0.0
 30
331200.0
 11
56250.0
 21
0.0
 31
345000.0
  0
LINE
  5
F4
330
17
100
AcDbEntity
  8
COLUMNS
100
AcDbLine
 10
40305.08652763321
 20
40305.086527633204
 30
331200.0
 11
39774.7564417433
 21
39774.756441743295
 31
345000.0
  0
LINE
  5
F5
330
17
100
AcDbEntity
  8
COLUMNS
100
AcDbLine
 10
3.4902433775699567e-12
 20
57000.0
 30
331200.0
 11
3.444319122601931e-12
 21
56250.0
 31
345000.0
  0
LINE
  5
F6
330
17
100
AcDbEntity
  8
COLUMNS
100
AcDbLine
 10
-40305.086527633204
 20
40305.08652763321
 30
331200.0
 11
-39774.756441743295
 21
39774.7564417433
 31
345000.0
  0
LINE
  5
F7
330
17
100
AcDbEntity
  8
COLUMNS
100
AcDbLine
 10
-57000.0
 20
6.980486755139913e-12
 30
331200.0
 11
-56250.0
 21
6.888638245203862e-12
 31
345000.0
  0
LINE
  5
F8
330
17
100
AcDbEntity
  8
COLUMNS
100
AcDbLine
 10
-40305.08652763322
 20
-40305.086527633204
 30
331200.0
 11
-39774.75644174331
 21
-39774.756441743295
 31
345000.0
  0
LINE
  5
F9
330
17
100
AcDbEntity
  8
COLUMNS
100
AcDbLine
 10
-1.0470730132709869e-11
 20
-57000.0
 30
331200.0
 11
-1.0332957367805792e-11
 21
-56250.0
 31
345000.0
  0
LINE
  5
FA
330
17
100
AcDbEntity
  8
COLUMNS
100
AcDbLine
 10
40305.0865276332
 20
-40305.08652763322
 30
331200.0
 11
39774.75644174329
 21
-39774.75644174331
 31
345000.0
  0
LINE
  5
FB
330
17
100
AcDbEntity
  8
COLUMNS
100
AcDbLine
 10
56250.0
 20
0.0
 30
345000.0
 11
55500.0
 21
0.0
 31
358800.0
  0
LINE
  5
FC
330
17
100
AcDbEntity
  8
COLUMNS
100
AcDbLine
 10
39774.7564417433
 20
39774.756441743295
 30
345000.0
 11
39244.42635585339
 21
39244.426355853386
 31
358800.0
  0
LINE
  5
FD
330
17
100
AcDbEntity
  8
COLUMNS
100
AcDbLine
 10
3.444319122601931e-12
 20
56250.0
 30
345000.0
 11
3.398394867633905e-12
 21
55500.0
 31
358800.0
  0
LINE
  5
FE
330
17
100
AcDbEntity
  8
COLUMNS
100
AcDbLine
 10
-39774.756441743295
 20
39774.7564417433
 30
345000.0
 11
-39244.426355853386
 21
39244.42635585339
 31
358800.0
  0
LINE
  5
FF
330
17
100
AcDbEntity
  8
COLUMNS
100
AcDbLine
 10
-56250.0
 20
6.888638245203862e-12
 30
345000.0
 11
-55500.0
 21
6.79678973526781e-12
 31
358800.0
  0
LINE
  5
100
330
17
100
AcDbEntity
  8
COLUMNS
100
AcDbLine
 10
-39774.75644174331
 20
-39774.756441743295
 30
345000.0
 11
-39244.42635585339
 21
-39244.426355853386
 31
358800.0
  0
LINE
  5
101
330
17
100
AcDbEntity
  8
COLUMNS
100
AcDbLine
 10
-1.0332957367805792e-11
 20
-56250.0
 30
345000.0
 11
-1.0195184602901714e-11
 21
-55500.0
 31
358800.0
  0
LINE
  5
102
330
17
100
AcDbEntity
  8
COLUMNS
100
AcDbLine
 10
39774.75644174329
 20
-39774.75644174331
 30
345000.0
 11
39244.42635585338
 21
-39244.42635585339
 31
358800.0
  0
LINE
  5
103
330
17
100
AcDbEntity
  8
COLUMNS
100
AcDbLine
 10
55500.0
 20
0.0
 30
358800.0
 11
54750.0
 21
0.0
 31
372600.0
  0
LINE
  5
104
330
17
100
AcDbEntity
  8
COLUMNS
100
AcDbLine
 10
39244.42635585339
 20
39244.426355853386
 30
358800.0
 11
38714.09626996348
 21
38714.09626996348
 31
372600.0
  0
LINE
  5
105
330
17
100
AcDbEntity
  8
COLUMNS
100
AcDbLine
 10
3.398394867633905e-12
 20
55500.0
 30
358800.0
 11
3.3524706126658793e-12
 21
54750.0
 31
372600.0
  0
LINE
  5
106
330
17
100
AcDbEntity
  8
COLUMNS
100
AcDbLine
 10
-39244.426355853386
 20
39244.42635585339
 30
358800.0
 11
-38714.09626996348
 21
38714.09626996348
 31
372600.0
  0
LINE
  5
107
330
17
100
AcDbEntity
  8
COLUMNS
100
AcDbLine
 10
-55500.0
 20
6.79678973526781e-12
 30
358800.0
 11
-54750.0
 21
6.704941225331759e-12
 31
372600.0
  0
LINE
  5
108
330
17
100
AcDbEntity
  8
COLUMNS
100
AcDbLine
 10
-39244.42635585339
 20
-39244.426355853386
 30
358800.0
 11
-38714.096269963484
 21
-38714.09626996348
 31
372600.0
  0
LINE
  5
109
330
17
100
AcDbEntity
  8
COLUMNS
100
AcDbLine
 10
-1.0195184602901714e-11
 20
-55500.0
 30
358800.0
 11
-1.0057411837997637e-11
 21
-54750.0
 31
372600.0
  0
LINE
  5
10A
330
17
100
AcDbEntity
  8
COLUMNS
100
AcDbLine
 10
39244.42635585338
 20
-39244.42635585339
 30
358800.0
 11
38714.09626996347
 21
-38714.096269963484
 31
372600.0
  0
LINE
  5
10B
330
17
100
AcDbEntity
  8
COLUMNS
100
AcDbLine
 10
54750.0
 20
0.0
 30
372600.0
 11
54000.0
 21
0.0
 31
386400.0
  0
LINE
  5
10C
330
17
100
AcDbEntity
  8
COLUMNS
100
AcDbLine
 10
38714.09626996348
 20
38714.09626996348
 30
372600.0
 11
38183.76618407357
 21
38183.76618407356
 31
386400.0
  0
LINE
  5
10D
330
17
100
AcDbEntity
  8
COLUMNS
100
AcDbLine
 10
3.3524706126658793e-12
 20
54750.0
 30
372600.0
 11
3.3065463576978536e-12
 21
54000.0
 31
386400.0
  0
LINE
  5
10E
330
17
100
AcDbEntity
  8
COLUMNS
100
AcDbLine
 10
-38714.09626996348
 20
38714.09626996348
 30
372600.0
 11
-38183.76618407356
 21
38183.76618407357
 31
386400.0
  0
LINE
  5
10F
330
17
100
AcDbEntity
  8
COLUMNS
100
AcDbLine
 10
-54750.0
 20
6.704941225331759e-12
 30
372600.0
 11
-54000.0
 21
6.613092715395707e-12
 31
386400.0
  0
LINE
  5
110
330
17
100
AcDbEntity
  8
COLUMNS
100
AcDbLine
 10
-38714.096269963484
 20
-38714.09626996348
 30
372600.0
 11
-38183.766184073575
 21
-38183.76618407356
 31
386400.0
  0
LINE
  5
111
330
17
100
AcDbEntity
  8
COLUMNS
100
AcDbLine
 10
-1.0057411837997637e-11
 20
-54750.0
 30
372600.0
 11
-9.919639073093561e-12
 21
-54000.0
 31
386400.0
  0
LINE
  5
112
330
17
100
AcDbEntity
  8
COLUMNS
100
AcDbLine
 10
38714.09626996347
 20
-38714.096269963484
 30
372600.0
 11
38183.76618407356
 21
-38183.766184073575
 31
386400.0
  0
LINE
  5
113
330
17
100
AcDbEntity
  8
COLUMNS
100
AcDbLine
 10
54000.0
 20
0.0
 30
386400.0
 11
53250.0
 21
0.0
 31
400200.0
  0
LINE
  5
114
330
17
100
AcDbEntity
  8
COLUMNS
100
AcDbLine
 10
38183.76618407357
 20
38183.76618407356
 30
386400.0
 11
37653.43609818366
 21
37653.43609818365
 31
400200.0
  0
LINE
  5
115
330
17
100
AcDbEntity
  8
COLUMNS
100
AcDbLine
 10
3.3065463576978536e-12
 20
54000.0
 30
386400.0
 11
3.260622102729828e-12
 21
53250.0
 31
400200.0
  0
LINE
  5
116
330
17
100
AcDbEntity
  8
COLUMNS
100
AcDbLine
 10
-38183.76618407356
 20
38183.76618407357
 30
386400.0
 11
-37653.43609818365
 21
37653.43609818366
 31
400200.0
  0
LINE
  5
117
330
17
100
AcDbEntity
  8
COLUMNS
100
AcDbLine
 10
-54000.0
 20
6.613092715395707e-12
 30
386400.0
 11
-53250.0
 21
6.521244205459656e-12
 31
400200.0
  0
LINE
  5
118
330
17
100
AcDbEntity
  8
COLUMNS
100
AcDbLine
 10
-38183.766184073575
 20
-38183.76618407356
 30
386400.0
 11
-37653.436098183665
 21
-37653.43609818365
 31
400200.0
  0
LINE
  5
119
330
17
100
AcDbEntity
  8
COLUMNS
100
AcDbLine
 10
-9.919639073093561e-12
 20
-54000.0
 30
386400.0
 11
-9.781866308189483e-12
 21
-53250.0
 31
400200.0
  0
LINE
  5
11A
330
17
100
AcDbEntity
  8
COLUMNS
100
AcDbLine
 10
38183.76618407356
 20
-38183.766184073575
 30
386400.0
 11
37653.43609818364
 21
-37653.436098183665
 31
400200.0
  0
LINE
  5
11B
330
17
100
AcDbEntity
  8
COLUMNS
100
AcDbLine
 10
53250.0
 20
0.0
 30
400200.0
 11
52500.0
 21
0.0
 31
414000.0
  0
LINE
  5
11C
330
17
100
AcDbEntity
  8
COLUMNS
100
AcDbLine
 10
37653.43609818366
 20
37653.43609818365
 30
400200.0
 11
37123.10601229375
 21
37123.10601229374
 31
414000.0
  0
LINE
  5
11D
330
17
100
AcDbEntity
  8
COLUMNS
100
AcDbLine
 10
3.260622102729828e-12
 20
53250.0
 30
400200.0
 11
3.2146978477618023e-12
 21
52500.0
 31
414000.0
  0
LINE
  5
11E
330
17
100
AcDbEntity
  8
COLUMNS
100
AcDbLine
 10
-37653.43609818365
 20
37653.43609818366
 30
400200.0
 11
-37123.10601229374
 21
37123.10601229375
 31
414000.0
  0
LINE
  5
11F
330
17
100
AcDbEntity
  8
COLUMNS
100
AcDbLine
 10
-53250.0
 20
6.521244205459656e-12
 30
400200.0
 11
-52500.0
 21
6.429395695523605e-12
 31
414000.0
  0
LINE
  5
120
330
17
100
AcDbEntity
  8
COLUMNS
100
AcDbLine
 10
-37653.436098183665
 20
-37653.43609818365
 30
400200.0
 11
-37123.106012293756
 21
-37123.10601229374
 31
414000.0
  0
LINE
  5
121
330
17
100
AcDbEntity
  8
COLUMNS
100
AcDbLine
 10
-9.781866308189483e-12
 20
-53250.0
 30
400200.0
 11
-9.644093543285406e-12
 21
-52500.0
 31
414000.0
  0
LINE
  5
122
330
17
100
AcDbEntity
  8
COLUMNS
100
AcDbLine
 10
37653.43609818364
 20
-37653.436098183665
 30
400200.0
 11
37123.106012293734
 21
-37123.106012293756
 31
414000.0
  0
LINE
  5
123
330
17
100
AcDbEntity
  8
COLUMNS
100
AcDbLine
 10
52500.0
 20
0.0
 30
414000.0
 11
51749.99999999999
 21
0.0
 31
427800.0
  0
LINE
  5
124
330
17
100
AcDbEntity
  8
COLUMNS
100
AcDbLine
 10
37123.10601229375
 20
37123.10601229374
 30
414000.0
 11
36592.77592640383
 21
36592.775926403825
 31
427800.0
  0
LINE
  5
125
330
17
100
AcDbEntity
  8
COLUMNS
100
AcDbLine
 10
3.2146978477618023e-12
 20
52500.0
 30
414000.0
 11
3.168773592793776e-12
 21
51749.99999999999
 31
427800.0
  0
LINE
  5
126
330
17
100
AcDbEntity
  8
COLUMNS
100
AcDbLine
 10
-37123.10601229374
 20
37123.10601229375
 30
414000.0
 11
-36592.775926403825
 21
36592.77592640383
 31
427800.0
  0
LINE
  5
127
330
17
100
AcDbEntity
  8
COLUMNS
100
AcDbLine
 10
-52500.0
 20
6.429395695523605e-12
 30
414000.0
 11
-51749.99999999999
 21
6.337547185587552e-12
 31
427800.0
  0
LINE
  5
128
330
17
100
AcDbEntity
  8
COLUMNS
100
AcDbLine
 10
-37123.106012293756
 20
-37123.10601229374
 30
414000.0
 11
-36592.77592640384
 21
-36592.775926403825
 31
427800.0
  0
LINE
  5
129
330
17
100
AcDbEntity
  8
COLUMNS
100
AcDbLine
 10
-9.644093543285406e-12
 20
-52500.0
 30
414000.0
 11
-9.506320778381328e-12
 21
-51749.99999999999
 31
427800.0
  0
LINE
  5
12A
330
17
100
AcDbEntity
  8
COLUMNS
100
AcDbLine
 10
37123.106012293734
 20
-37123.106012293756
 30
414000.0
 11
36592.77592640382
 21
-36592.77592640384
 31
427800.0
  0
LINE
  5
12B
330
17
100
AcDbEntity
  8
COLUMNS
100
AcDbLine
 10
51749.99999999999
 20
0.0
 30
427800.0
 11
50999.99999999999
 21
0.0
 31
441600.0
  0
LINE
  5
12C
330
17
100
AcDbEntity
  8
COLUMNS
100
AcDbLine
 10
36592.77592640383
 20
36592.775926403825
 30
427800.0
 11
36062.44584051392
 21
36062.445840513916
 31
441600.0
  0
LINE
  5
12D
330
17
100
AcDbEntity
  8
COLUMNS
100
AcDbLine
 10
3.168773592793776e-12
 20
51749.99999999999
 30
427800.0
 11
3.1228493378257502e-12
 21
50999.99999999999
 31
441600.0
  0
LINE
  5
12E
330
17
100
AcDbEntity
  8
COLUMNS
100
AcDbLine
 10
-36592.775926403825
 20
36592.77592640383
 30
427800.0
 11
-36062.445840513916
 21
36062.44584051392
 31
441600.0
  0
LINE
  5
12F
330
17
100
AcDbEntity
  8
COLUMNS
100
AcDbLine
 10
-51749.99999999999
 20
6.337547185587552e-12
 30
427800.0
 11
-50999.99999999999
 21
6.2456986756515004e-12
 31
441600.0
  0
LINE
  5
130
330
17
100
AcDbEntity
  8
COLUMNS
100
AcDbLine
 10
-36592.77592640384
 20
-36592.775926403825
 30
427800.0
 11
-36062.44584051393
 21
-36062.445840513916
 31
441600.0
  0
LINE
  5
131
330
17
100
AcDbEntity
  8
COLUMNS
100
AcDbLine
 10
-9.506320778381328e-12
 20
-51749.99999999999
 30
427800.0
 11
-9.36854801347725e-12
 21
-50999.99999999999
 31
441600.0
  0
LINE
  5
132
330
17
100
AcDbEntity
  8
COLUMNS
100
AcDbLine
 10
36592.77592640382
 20
-36592.77592640384
 30
427800.0
 11
36062.44584051391
 21
-36062.44584051393
 31
441600.0
  0
LINE
  5
133
330
17
100
AcDbEntity
  8
COLUMNS
100
AcDbLine
 10
50999.99999999999
 20
0.0
 30
441600.0
 11
50249.99999999999
 21
0.0
 31
455400.0
  0
LINE
  5
134
330
17
100
AcDbEntity
  8
COLUMNS
100
AcDbLine
 10
36062.44584051392
 20
36062.445840513916
 30
441600.0
 11
35532.115754624014
 21
35532.11575462401
 31
455400.0
  0
LINE
  5
135
330
17
100
AcDbEntity
  8
COLUMNS
100
AcDbLine
 10
3.1228493378257502e-12
 20
50999.99999999999
 30
441600.0
 11
3.0769250828577246e-12
 21
50249.99999999999
 31
455400.0
  0
LINE
  5
136
330
17
100
AcDbEntity
  8
COLUMNS
100
AcDbLine
 10
-36062.445840513916
 20
36062.44584051392
 30
441600.0
 11
-35532.11575462401
 21
35532.115754624014
 31
455400.0
  0
LINE
  5
137
330
17
100
AcDbEntity
  8
COLUMNS
100
AcDbLine
 10
-50999.99999999999
 20
6.2456986756515004e-12
 30
441600.0
 11
-50249.99999999999
 21
6.153850165715449e-12
 31
455400.0
  0
LINE
  5
138
330
17
100
AcDbEntity
  8
COLUMNS
100
AcDbLine
 10
-36062.44584051393
 20
-36062.445840513916
 30
441600.0
 11
-35532.115754624014
 21
-35532.11575462401
 31
455400.0
  0
LINE
  5
139
330
17
100
AcDbEntity
  8
COLUMNS
100
AcDbLine
 10
-9.36854801347725e-12
 20
-50999.99999999999
 30
441600.0
 11
-9.230775248573173e-12
 21
-50249.99999999999
 31
455400.0
  0
LINE
  5
13A
330
17
100
AcDbEntity
  8
COLUMNS
100
AcDbLine
 10
36062.44584051391
 20
-36062.44584051393
 30
441600.0
 11
35532.115754624
 21
-35532.115754624014
 31
455400.0
  0
LINE
  5
13B
330
17
100
AcDbEntity
  8
COLUMNS
100
AcDbLine
 10
50249.99999999999
 20
0.0
 30
455400.0
 11
49500.0
 21
0.0
 31
469200.0
  0
LINE
  5
13C
330
17
100
AcDbEntity
  8
COLUMNS
100
AcDbLine
 10
35532.115754624014
 20
35532.11575462401
 30
455400.0
 11
35001.785668734105
 21
35001.7856687341
 31
469200.0
  0
LINE
  5
13D
330
17
100
AcDbEntity
  8
COLUMNS
100
AcDbLine
 10
3.0769250828577246e-12
 20
50249.99999999999
 30
455400.0
 11
3.0310008278896993e-12
 21
49500.0
 31
469200.0
  0
LINE
  5
13E
330
17
100
AcDbEntity
  8
COLUMNS
100
AcDbLine
 10
-35532.11575462401
 20
35532.115754624014
 30
455400.0
 11
-35001.7856687341
 21
35001.785668734105
 31
469200.0
  0
LINE
  5
13F
330
17
100
AcDbEntity
  8
COLUMNS
100
AcDbLine
 10
-50249.99999999999
 20
6.153850165715449e-12
 30
455400.0
 11
-49500.0
 21
6.062001655779399e-12
 31
469200.0
  0
LINE
  5
140
330
17
100
AcDbEntity
  8
COLUMNS
100
AcDbLine
 10
-35532.115754624014
 20
-35532.11575462401
 30
455400.0
 11
-35001.78566873411
 21
-35001.7856687341
 31
469200.0
  0
LINE
  5
141
330
17
100
AcDbEntity
  8
COLUMNS
100
AcDbLine
 10
-9.230775248573173e-12
 20
-50249.99999999999
 30
455400.0
 11
-9.093002483669097e-12
 21
-49500.0
 31
469200.0
  0
LINE
  5
142
330
17
100
AcDbEntity
  8
COLUMNS
100
AcDbLine
 10
35532.115754624
 20
-35532.115754624014
 30
455400.0
 11
35001.7856687341
 21
-35001.78566873411
 31
469200.0
  0
LINE
  5
143
330
17
100
AcDbEntity
  8
COLUMNS
100
AcDbLine
 10
49500.0
 20
0.0
 30
469200.0
 11
48749.99999999999
 21
0.0
 31
483000.0
  0
LINE
  5
144
330
17
100
AcDbEntity
  8
COLUMNS
100
AcDbLine
 10
35001.785668734105
 20
35001.7856687341
 30
469200.0
 11
34471.45558284419
 21
34471.45558284418
 31
483000.0
  0
LINE
  5
145
330
17
100
AcDbEntity
  8
COLUMNS
100
AcDbLine
 10
3.0310008278896993e-12
 20
49500.0
 30
469200.0
 11
2.985076572921673e-12
 21
48749.99999999999
 31
483000.0
  0
LINE
  5
146
330
17
100
AcDbEntity
  8
COLUMNS
100
AcDbLine
 10
-35001.7856687341
 20
35001.785668734105
 30
469200.0
 11
-34471.45558284418
 21
34471.45558284419
 31
483000.0
  0
LINE
  5
147
330
17
100
AcDbEntity
  8
COLUMNS
100
AcDbLine
 10
-49500.0
 20
6.062001655779399e-12
 30
469200.0
 11
-48749.99999999999
 21
5.970153145843346e-12
 31
483000.0
  0
LINE
  5
148
330
17
100
AcDbEntity
  8
COLUMNS
100
AcDbLine
 10
-35001.78566873411
 20
-35001.7856687341
 30
469200.0
 11
-34471.455582844195
 21
-34471.45558284418
 31
483000.0
  0
LINE
  5
149
330
17
100
AcDbEntity
  8
COLUMNS
100
AcDbLine
 10
-9.093002483669097e-12
 20
-49500.0
 30
469200.0
 11
-8.955229718765019e-12
 21
-48749.99999999999
 31
483000.0
  0
LINE
  5
14A
330
17
100
AcDbEntity
  8
COLUMNS
100
AcDbLine
 10
35001.7856687341
 20
-35001.78566873411
 30
469200.0
 11
34471.45558284418
 21
-34471.455582844195
 31
483000.0
  0
LINE
  5
14B
330
17
100
AcDbEntity
  8
COLUMNS
100
AcDbLine
 10
48749.99999999999
 20
0.0
 30
483000.0
 11
48000.0
 21
0.0
 31
496800.0
  0
LINE
  5
14C
330
17
100
AcDbEntity
  8
COLUMNS
100
AcDbLine
 10
34471.45558284419
 20
34471.45558284418
 30
483000.0
 11
33941.125496954286
 21
33941.12549695428
 31
496800.0
  0
LINE
  5
14D
330
17
100
AcDbEntity
  8
COLUMNS
100
AcDbLine
 10
2.985076572921673e-12
 20
48749.99999999999
 30
483000.0
 11
2.9391523179536476e-12
 21
48000.0
 31
496800.0
  0
LINE
  5
14E
330
17
100
AcDbEntity
  8
COLUMNS
100
AcDbLine
 10
-34471.45558284418
 20
34471.45558284419
 30
483000.0
 11
-33941.12549695428
 21
33941.125496954286
 31
496800.0
  0
LINE
  5
14F
330
17
100
AcDbEntity
  8
COLUMNS
100
AcDbLine
 10
-48749.99999999999
 20
5.970153145843346e-12
 30
483000.0
 11
-48000.0
 21
5.878304635907295e-12
 31
496800.0
  0
LINE
  5
150
330
17
100
AcDbEntity
  8
COLUMNS
100
AcDbLine
 10
-34471.455582844195
 20
-34471.45558284418
 30
483000.0
 11
-33941.125496954286
 21
-33941.12549695428
 31
496800.0
  0
LINE
  5
151
330
17
100
AcDbEntity
  8
COLUMNS
100
AcDbLine
 10
-8.955229718765019e-12
 20
-48749.99999999999
 30
483000.0
 11
-8.817456953860942e-12
 21
-48000.0
 31
496800.0
  0
LINE
  5
152
330
17
100
AcDbEntity
  8
COLUMNS
100
AcDbLine
 10
34471.45558284418
 20
-34471.455582844195
 30
483000.0
 11
33941.12549695427
 21
-33941.125496954286
 31
496800.0
  0
LINE
  5
153
330
17
100
AcDbEntity
  8
COLUMNS
100
AcDbLine
 10
48000.0
 20
0.0
 30
496800.0
 11
47250.0
 21
0.0
 31
510600.0
  0
LINE
  5
154
330
17
100
AcDbEntity
  8
COLUMNS
100
AcDbLine
 10
33941.125496954286
 20
33941.12549695428
 30
496800.0
 11
33410.79541106437
 21
33410.79541106437
 31
510600.0
  0
LINE
  5
155
330
17
100
AcDbEntity
  8
COLUMNS
100
AcDbLine
 10
2.9391523179536476e-12
 20
48000.0
 30
496800.0
 11
2.893228062985622e-12
 21
47250.0
 31
510600.0
  0
LINE
  5
156
330
17
100
AcDbEntity
  8
COLUMNS
100
AcDbLine
 10
-33941.12549695428
 20
33941.125496954286
 30
496800.0
 11
-33410.79541106437
 21
33410.79541106437
 31
510600.0
  0
LINE
  5
157
330
17
100
AcDbEntity
  8
COLUMNS
100
AcDbLine
 10
-48000.0
 20
5.878304635907295e-12
 30
496800.0
 11
-47250.0
 21
5.786456125971244e-12
 31
510600.0
  0
LINE
  5
158
330
17
100
AcDbEntity
  8
COLUMNS
100
AcDbLine
 10
-33941.125496954286
 20
-33941.12549695428
 30
496800.0
 11
-33410.79541106438
 21
-33410.79541106437
 31
510600.0
  0
LINE
  5
159
330
17
100
AcDbEntity
  8
COLUMNS
100
AcDbLine
 10
-8.817456953860942e-12
 20
-48000.0
 30
496800.0
 11
-8.679684188956865e-12
 21
-47250.0
 31
510600.0
  0
LINE
  5
15A
330
17
100
AcDbEntity
  8
COLUMNS
100
AcDbLine
 10
33941.12549695427
 20
-33941.125496954286
 30
496800.0
 11
33410.79541106436
 21
-33410.79541106438
 31
510600.0
  0
LINE
  5
15B
330
17
100
AcDbEntity
  8
COLUMNS
100
AcDbLine
 10
47250.0
 20
0.0
 30
510600.0
 11
46500.00000000001
 21
0.0
 31
524400.0
  0
LINE
  5
15C
330
17
100
AcDbEntity
  8
COLUMNS
100
AcDbLine
 10
33410.79541106437
 20
33410.79541106437
 30
510600.0
 11
32880.46532517447
 21
32880.46532517446
 31
524400.0
  0
LINE
  5
15D
330
17
100
AcDbEntity
  8
COLUMNS
100
AcDbLine
 10
2.893228062985622e-12
 20
47250.0
 30
510600.0
 11
2.8473038080175967e-12
 21
46500.00000000001
 31
524400.0
  0
LINE
  5
15E
330
17
100
AcDbEntity
  8
COLUMNS
100
AcDbLine
 10
-33410.79541106437
 20
33410.79541106437
 30
510600.0
 11
-32880.46532517446
 21
32880.46532517447
 31
524400.0
  0
LINE
  5
15F
330
17
100
AcDbEntity
  8
COLUMNS
100
AcDbLine
 10
-47250.0
 20
5.786456125971244e-12
 30
510600.0
 11
-46500.00000000001
 21
5.694607616035193e-12
 31
524400.0
  0
LINE
  5
160
330
17
100
AcDbEntity
  8
COLUMNS
100
AcDbLine
 10
-33410.79541106438
 20
-33410.79541106437
 30
510600.0
 11
-32880.465325174475
 21
-32880.46532517446
 31
524400.0
  0
LINE
  5
161
330
17
100
AcDbEntity
  8
COLUMNS
100
AcDbLine
 10
-8.679684188956865e-12
 20
-47250.0
 30
510600.0
 11
-8.541911424052789e-12
 21
-46500.00000000001
 31
524400.0
  0
LINE
  5
162
330
17
100
AcDbEntity
  8
COLUMNS
100
AcDbLine
 10
33410.79541106436
 20
-33410.79541106438
 30
510600.0
 11
32880.46532517446
 21
-32880.465325174475
 31
524400.0
  0
LINE
  5
163
330
17
100
AcDbEntity
  8
COLUMNS
100
AcDbLine
 10
46500.00000000001
 20
0.0
 30
524400.0
 11
45750.0
 21
0.0
 31
538200.0
  0
LINE
  5
164
330
17
100
AcDbEntity
  8
COLUMNS
100
AcDbLine
 10
32880.46532517447
 20
32880.46532517446
 30
524400.0
 11
32350.13523928455
 21
32350.135239284547
 31
538200.0
  0
LINE
  5
165
330
17
100
AcDbEntity
  8
COLUMNS
100
AcDbLine
 10
2.8473038080175967e-12
 20
46500.00000000001
 30
524400.0
 11
2.8013795530495706e-12
 21
45750.0
 31
538200.0
  0
LINE
  5
166
330
17
100
AcDbEntity
  8
COLUMNS
100
AcDbLine
 10
-32880.46532517446
 20
32880.46532517447
 30
524400.0
 11
-32350.135239284547
 21
32350.13523928455
 31
538200.0
  0
LINE
  5
167
330
17
100
AcDbEntity
  8
COLUMNS
100
AcDbLine
 10
-46500.00000000001
 20
5.694607616035193e-12
 30
524400.0
 11
-45750.0
 21
5.602759106099141e-12
 31
538200.0
  0
LINE
  5
168
330
17
100
AcDbEntity
  8
COLUMNS
100
AcDbLine
 10
-32880.465325174475
 20
-32880.46532517446
 30
524400.0
 11
-32350.13523928456
 21
-32350.135239284547
 31
538200.0
  0
LINE
  5
169
330
17
100
AcDbEntity
  8
COLUMNS
100
AcDbLine
 10
-8.541911424052789e-12
 20
-46500.00000000001
 30
524400.0
 11
-8.40413865914871e-12
 21
-45750.0
 31
538200.0
  0
LINE
  5
16A
330
17
100
AcDbEntity
  8
COLUMNS
100
AcDbLine
 10
32880.46532517446
 20
-32880.465325174475
 30
524400.0
 11
32350.13523928454
 21
-32350.13523928456
 31
538200.0
  0
LINE
  5
16B
330
17
100
AcDbEntity
  8
COLUMNS
100
AcDbLine
 10
45750.0
 20
0.0
 30
538200.0
 11
45000.00000000001
 21
0.0
 31
552000.0
  0
LINE
  5
16C
330
17
100
AcDbEntity
  8
COLUMNS
100
AcDbLine
 10
32350.13523928455
 20
32350.135239284547
 30
538200.0
 11
31819.805153394645
 21
31819.805153394642
 31
552000.0
  0
LINE
  5
16D
330
17
100
AcDbEntity
  8
COLUMNS
100
AcDbLine
 10
2.8013795530495706e-12
 20
45750.0
 30
538200.0
 11
2.755455298081545e-12
 21
45000.00000000001
 31
552000.0
  0
LINE
  5
16E
330
17
100
AcDbEntity
  8
COLUMNS
100
AcDbLine
 10
-32350.135239284547
 20
32350.13523928455
 30
538200.0
 11
-31819.805153394642
 21
31819.805153394645
 31
552000.0
  0
LINE
  5
16F
330
17
100
AcDbEntity
  8
COLUMNS
100
AcDbLine
 10
-45750.0
 20
5.602759106099141e-12
 30
538200.0
 11
-45000.00000000001
 21
5.51091059616309e-12
 31
552000.0
  0
LINE
  5
170
330
17
100
AcDbEntity
  8
COLUMNS
100
AcDbLine
 10
-32350.13523928456
 20
-32350.135239284547
 30
538200.0
 11
-31819.80515339465
 21
-31819.805153394642
 31
552000.0
  0
LINE
  5
171
330
17
100
AcDbEntity
  8
COLUMNS
100
AcDbLine
 10
-8.40413865914871e-12
 20
-45750.0
 30
538200.0
 11
-8.266365894244636e-12
 21
-45000.00000000001
 31
552000.0
  0
LINE
  5
172
330
17
100
AcDbEntity
  8
COLUMNS
100
AcDbLine
 10
32350.13523928454
 20
-32350.13523928456
 30
538200.0
 11
31819.805153394635
 21
-31819.80515339465
 31
552000.0
  0
LINE
  5
173
330
17
100
AcDbEntity
  8
COLUMNS
100
AcDbLine
 10
45000.00000000001
 20
0.0
 30
552000.0
 11
44250.00000000001
 21
0.0
 31
565800.0
  0
LINE
  5
174
330
17
100
AcDbEntity
  8
COLUMNS
100
AcDbLine
 10
31819.805153394645
 20
31819.805153394642
 30
552000.0
 11
31289.475067504736
 21
31289.47506750473
 31
565800.0
  0
LINE
  5
175
330
17
100
AcDbEntity
  8
COLUMNS
100
AcDbLine
 10
2.755455298081545e-12
 20
45000.00000000001
 30
552000.0
 11
2.7095310431135193e-12
 21
44250.00000000001
 31
565800.0
  0
LINE
  5
176
330
17
100
AcDbEntity
  8
COLUMNS
100
AcDbLine
 10
-31819.805153394642
 20
31819.805153394645
 30
552000.0
 11
-31289.47506750473
 21
31289.475067504736
 31
565800.0
  0
LINE
  5
177
330
17
100
AcDbEntity
  8
COLUMNS
100
AcDbLine
 10
-45000.00000000001
 20
5.51091059616309e-12
 30
552000.0
 11
-44250.00000000001
 21
5.419062086227039e-12
 31
565800.0
  0
LINE
  5
178
330
17
100
AcDbEntity
  8
COLUMNS
100
AcDbLine
 10
-31819.80515339465
 20
-31819.805153394642
 30
552000.0
 11
-31289.47506750474
 21
-31289.47506750473
 31
565800.0
  0
LINE
  5
179
330
17
100
AcDbEntity
  8
COLUMNS
100
AcDbLine
 10
-8.266365894244636e-12
 20
-45000.00000000001
 30
552000.0
 11
-8.128593129340558e-12
 21
-44250.00000000001
 31
565800.0
  0
LINE
  5
17A
330
17
100
AcDbEntity
  8
COLUMNS
100
AcDbLine
 10
31819.805153394635
 20
-31819.80515339465
 30
552000.0
 11
31289.475067504725
 21
-31289.47506750474
 31
565800.0
  0
LINE
  5
17B
330
17
100
AcDbEntity
  8
COLUMNS
100
AcDbLine
 10
44250.00000000001
 20
0.0
 30
565800.0
 11
43500.00000000001
 21
0.0
 31
579600.0
  0
LINE
  5
17C
330
17
100
AcDbEntity
  8
COLUMNS
100
AcDbLine
 10
31289.475067504736
 20
31289.47506750473
 30
565800.0
 11
30759.144981614823
 21
30759.14498161482
 31
579600.0
  0
LINE
  5
17D
330
17
100
AcDbEntity
  8
COLUMNS
100
AcDbLine
 10
2.7095310431135193e-12
 20
44250.00000000001
 30
565800.0
 11
2.6636067881454937e-12
 21
43500.00000000001
 31
579600.0
  0
LINE
  5
17E
330
17
100
AcDbEntity
  8
COLUMNS
100
AcDbLine
 10
-31289.47506750473
 20
31289.475067504736
 30
565800.0
 11
-30759.14498161482
 21
30759.144981614823
 31
579600.0
  0
LINE
  5
17F
330
17
100
AcDbEntity
  8
COLUMNS
100
AcDbLine
 10
-44250.00000000001
 20
5.419062086227039e-12
 30
565800.0
 11
-43500.00000000001
 21
5.327213576290987e-12
 31
579600.0
  0
LINE
  5
180
330
17
100
AcDbEntity
  8
COLUMNS
100
AcDbLine
 10
-31289.47506750474
 20
-31289.47506750473
 30
565800.0
 11
-30759.14498161483
 21
-30759.14498161482
 31
579600.0
  0
LINE
  5
181
330
17
100
AcDbEntity
  8
COLUMNS
100
AcDbLine
 10
-8.128593129340558e-12
 20
-44250.00000000001
 30
565800.0
 11
-7.990820364436481e-12
 21
-43500.00000000001
 31
579600.0
  0
LINE
  5
182
330
17
100
AcDbEntity
  8
COLUMNS
100
AcDbLine
 10
31289.475067504725
 20
-31289.47506750474
 30
565800.0
 11
30759.144981614816
 21
-30759.14498161483
 31
579600.0
  0
LINE
  5
183
330
17
100
AcDbEntity
  8
COLUMNS
100
AcDbLine
 10
43500.00000000001
 20
0.0
 30
579600.0
 11
42750.00000000001
 21
0.0
 31
593400.0
  0
LINE
  5
184
330
17
100
AcDbEntity
  8
COLUMNS
100
AcDbLine
 10
30759.144981614823
 20
30759.14498161482
 30
579600.0
 11
30228.814895724914
 21
30228.81489572491
 31
593400.0
  0
LINE
  5
185
330
17
100
AcDbEntity
  8
COLUMNS
100
AcDbLine
 10
2.6636067881454937e-12
 20
43500.00000000001
 30
579600.0
 11
2.617682533177468e-12
 21
42750.00000000001
 31
593400.0
  0
LINE
  5
186
330
17
100
AcDbEntity
  8
COLUMNS
100
AcDbLine
 10
-30759.14498161482
 20
30759.144981614823
 30
579600.0
 11
-30228.81489572491
 21
30228.814895724914
 31
593400.0
  0
LINE
  5
187
330
17
100
AcDbEntity
  8
COLUMNS
100
AcDbLine
 10
-43500.00000000001
 20
5.327213576290987e-12
 30
579600.0
 11
-42750.00000000001
 21
5.235365066354936e-12
 31
593400.0
  0
LINE
  5
188
330
17
100
AcDbEntity
  8
COLUMNS
100
AcDbLine
 10
-30759.14498161483
 20
-30759.14498161482
 30
579600.0
 11
-30228.814895724918
 21
-30228.81489572491
 31
593400.0
  0
LINE
  5
189
330
17
100
AcDbEntity
  8
COLUMNS
100
AcDbLine
 10
-7.990820364436481e-12
 20
-43500.00000000001
 30
579600.0
 11
-7.853047599532403e-12
 21
-42750.00000000001
 31
593400.0
  0
LINE
  5
18A
330
17
100
AcDbEntity
  8
COLUMNS
100
AcDbLine
 10
30759.144981614816
 20
-30759.14498161483
 30
579600.0
 11
30228.814895724903
 21
-30228.814895724918
 31
593400.0
  0
LINE
  5
18B
330
17
100
AcDbEntity
  8
COLUMNS
100
AcDbLine
 10
42750.00000000001
 20
0.0
 30
593400.0
 11
42000.00000000001
 21
0.0
 31
607200.0
  0
LINE
  5
18C
330
17
100
AcDbEntity
  8
COLUMNS
100
AcDbLine
 10
30228.814895724914
 20
30228.81489572491
 30
593400.0
 11
29698.484809835005
 21
29698.484809834998
 31
607200.0
  0
LINE
  5
18D
330
17
100
AcDbEntity
  8
COLUMNS
100
AcDbLine
 10
2.617682533177468e-12
 20
42750.00000000001
 30
593400.0
 11
2.5717582782094424e-12
 21
42000.00000000001
 31
607200.0
  0
LINE
  5
18E
330
17
100
AcDbEntity
  8
COLUMNS
100
AcDbLine
 10
-30228.81489572491
 20
30228.814895724914
 30
593400.0
 11
-29698.484809834998
 21
29698.484809835005
 31
607200.0
  0
LINE
  5
18F
330
17
100
AcDbEntity
  8
COLUMNS
100
AcDbLine
 10
-42750.00000000001
 20
5.235365066354936e-12
 30
593400.0
 11
-42000.00000000001
 21
5.143516556418885e-12
 31
607200.0
  0
LINE
  5
190
330
17
100
AcDbEntity
  8
COLUMNS
100
AcDbLine
 10
-30228.814895724918
 20
-30228.81489572491
 30
593400.0
 11
-29698.48480983501
 21
-29698.484809834998
 31
607200.0
  0
LINE
  5
191
330
17
100
AcDbEntity
  8
COLUMNS
100
AcDbLine
 10
-7.853047599532403e-12
 20
-42750.00000000001
 30
593400.0
 11
-7.715274834628326e-12
 21
-42000.00000000001
 31
607200.0
  0
LINE
  5
192
330
17
100
AcDbEntity
  8
COLUMNS
100
AcDbLine
 10
30228.814895724903
 20
-30228.814895724918
 30
593400.0
 11
29698.484809834994
 21
-29698.48480983501
 31
607200.0
  0
LINE
  5
193
330
17
100
AcDbEntity
  8
COLUMNS
100
AcDbLine
 10
42000.00000000001
 20
0.0
 30
607200.0
 11
41250.0
 21
0.0
 31
621000.0
  0
LINE
  5
194
330
17
100
AcDbEntity
  8
COLUMNS
100
AcDbLine
 10
29698.484809835005
 20
29698.484809834998
 30
607200.0
 11
29168.15472394509
 21
29168.15472394508
 31
621000.0
  0
LINE
  5
195
330
17
100
AcDbEntity
  8
COLUMNS
100
AcDbLine
 10
2.5717582782094424e-12
 20
42000.00000000001
 30
607200.0
 11
2.525834023241416e-12
 21
41250.0
 31
621000.0
  0
LINE
  5
196
330
17
100
AcDbEntity
  8
COLUMNS
100
AcDbLine
 10
-29698.484809834998
 20
29698.484809835005
 30
607200.0
 11
-29168.15472394508
 21
29168.15472394509
 31
621000.0
  0
LINE
  5
197
330
17
100
AcDbEntity
  8
COLUMNS
100
AcDbLine
 10
-42000.00000000001
 20
5.143516556418885e-12
 30
607200.0
 11
-41250.0
 21
5.051668046482832e-12
 31
621000.0
  0
LINE
  5
198
330
17
100
AcDbEntity
  8
COLUMNS
100
AcDbLine
 10
-29698.48480983501
 20
-29698.484809834998
 30
607200.0
 11
-29168.154723945092
 21
-29168.15472394508
 31
621000.0
  0
LINE
  5
199
330
17
100
AcDbEntity
  8
COLUMNS
100
AcDbLine
 10
-7.715274834628326e-12
 20
-42000.00000000001
 30
607200.0
 11
-7.577502069724248e-12
 21
-41250.0
 31
621000.0
  0
LINE
  5
19A
330
17
100
AcDbEntity
  8
COLUMNS
100
AcDbLine
 10
29698.484809834994
 20
-29698.48480983501
 30
607200.0
 11
29168.154723945077
 21
-29168.154723945092
 31
621000.0
  0
LINE
  5
19B
330
17
100
AcDbEntity
  8
COLUMNS
100
AcDbLine
 10
41250.0
 20
0.0
 30
621000.0
 11
40500.0
 21
0.0
 31
634800.0
  0
LINE
  5
19C
330
17
100
AcDbEntity
  8
COLUMNS
100
AcDbLine
 10
29168.15472394509
 20
29168.15472394508
 30
621000.0
 11
28637.824638055175
 21
28637.82463805517
 31
634800.0
  0
LINE
  5
19D
330
17
100
AcDbEntity
  8
COLUMNS
100
AcDbLine
 10
2.525834023241416e-12
 20
41250.0
 30
621000.0
 11
2.4799097682733902e-12
 21
40500.0
 31
634800.0
  0
LINE
  5
19E
330
17
100
AcDbEntity
  8
COLUMNS
100
AcDbLine
 10
-29168.15472394508
 20
29168.15472394509
 30
621000.0
 11
-28637.82463805517
 21
28637.824638055175
 31
634800.0
  0
LINE
  5
19F
330
17
100
AcDbEntity
  8
COLUMNS
100
AcDbLine
 10
-41250.0
 20
5.051668046482832e-12
 30
621000.0
 11
-40500.0
 21
4.9598195365467805e-12
 31
634800.0
  0
LINE
  5
1A0
330
17
100
AcDbEntity
  8
COLUMNS
100
AcDbLine
 10
-29168.154723945092
 20
-29168.15472394508
 30
621000.0
 11
-28637.824638055183
 21
-28637.82463805517
 31
634800.0
  0
LINE
  5
1A1
330
17
100
AcDbEntity
  8
COLUMNS
100
AcDbLine
 10
-7.577502069724248e-12
 20
-41250.0
 30
621000.0
 11
-7.43972930482017e-12
 21
-40500.0
 31
634800.0
  0
LINE
  5
1A2
330
17
100
AcDbEntity
  8
COLUMNS
100
AcDbLine
 10
29168.154723945077
 20
-29168.154723945092
 30
621000.0
 11
28637.824638055168
 21
-28637.824638055183
 31
634800.0
  0
LINE
  5
1A3
330
17
100
AcDbEntity
  8
COLUMNS
100
AcDbLine
 10
40500.0
 20
0.0
 30
634800.0
 11
39750.0
 21
0.0
 31
648600.0
  0
LINE
  5
1A4
330
17
100
AcDbEntity
  8
COLUMNS
100
AcDbLine
 10
28637.824638055175
 20
28637.82463805517
 30
634800.0
 11
28107.494552165266
 21
28107.494552165263
 31
648600.0
  0
LINE
  5
1A5
330
17
100
AcDbEntity
  8
COLUMNS
100
AcDbLine
 10
2.4799097682733902e-12
 20
40500.0
 30
634800.0
 11
2.4339855133053646e-12
 21
39750.0
 31
648600.0
  0
LINE
  5
1A6
330
17
100
AcDbEntity
  8
COLUMNS
100
AcDbLine
 10
-28637.82463805517
 20
28637.824638055175
 30
634800.0
 11
-28107.494552165263
 21
28107.494552165266
 31
648600.0
  0
LINE
  5
1A7
330
17
100
AcDbEntity
  8
COLUMNS
100
AcDbLine
 10
-40500.0
 20
4.9598195365467805e-12
 30
634800.0
 11
-39750.0
 21
4.867971026610729e-12
 31
648600.0
  0
LINE
  5
1A8
330
17
100
AcDbEntity
  8
COLUMNS
100
AcDbLine
 10
-28637.824638055183
 20
-28637.82463805517
 30
634800.0
 11
-28107.49455216527
 21
-28107.494552165263
 31
648600.0
  0
LINE
  5
1A9
330
17
100
AcDbEntity
  8
COLUMNS
100
AcDbLine
 10
-7.43972930482017e-12
 20
-40500.0
 30
634800.0
 11
-7.301956539916093e-12
 21
-39750.0
 31
648600.0
  0
LINE
  5
1AA
330
17
100
AcDbEntity
  8
COLUMNS
100
AcDbLine
 10
28637.824638055168
 20
-28637.824638055183
 30
634800.0
 11
28107.49455216526
 21
-28107.49455216527
 31
648600.0
  0
LINE
  5
1AB
330
17
100
AcDbEntity
  8
COLUMNS
100
AcDbLine
 10
39750.0
 20
0.0
 30
648600.0
 11
39000.0
 21
0.0
 31
662400.0
  0
LINE
  5
1AC
330
17
100
AcDbEntity
  8
COLUMNS
100
AcDbLine
 10
28107.494552165266
 20
28107.494552165263
 30
648600.0
 11
27577.164466275357
 21
27577.16446627535
 31
662400.0
  0
LINE
  5
1AD
330
17
100
AcDbEntity
  8
COLUMNS
100
AcDbLine
 10
2.4339855133053646e-12
 20
39750.0
 30
648600.0
 11
2.388061258337339e-12
 21
39000.0
 31
662400.0
  0
LINE
  5
1AE
330
17
100
AcDbEntity
  8
COLUMNS
100
AcDbLine
 10
-28107.494552165263
 20
28107.494552165266
 30
648600.0
 11
-27577.16446627535
 21
27577.164466275357
 31
662400.0
  0
LINE
  5
1AF
330
17
100
AcDbEntity
  8
COLUMNS
100
AcDbLine
 10
-39750.0
 20
4.867971026610729e-12
 30
648600.0
 11
-39000.0
 21
4.776122516674678e-12
 31
662400.0
  0
LINE
  5
1B0
330
17
100
AcDbEntity
  8
COLUMNS
100
AcDbLine
 10
-28107.49455216527
 20
-28107.494552165263
 30
648600.0
 11
-27577.16446627536
 21
-27577.16446627535
 31
662400.0
  0
LINE
  5
1B1
330
17
100
AcDbEntity
  8
COLUMNS
100
AcDbLine
 10
-7.301956539916093e-12
 20
-39750.0
 30
648600.0
 11
-7.164183775012016e-12
 21
-39000.0
 31
662400.0
  0
LINE
  5
1B2
330
17
100
AcDbEntity
  8
COLUMNS
100
AcDbLine
 10
28107.49455216526
 20
-28107.49455216527
 30
648600.0
 11
27577.164466275346
 21
-27577.16446627536
 31
662400.0
  0
LINE
  5
1B3
330
17
100
AcDbEntity
  8
COLUMNS
100
AcDbLine
 10
39000.0
 20
0.0
 30
662400.0
 11
38250.0
 21
0.0
 31
676200.0
  0
LINE
  5
1B4
330
17
100
AcDbEntity
  8
COLUMNS
100
AcDbLine
 10
27577.164466275357
 20
27577.16446627535
 30
662400.0
 11
27046.834380385444
 21
27046.83438038544
 31
676200.0
  0
LINE
  5
1B5
330
17
100
AcDbEntity
  8
COLUMNS
100
AcDbLine
 10
2.388061258337339e-12
 20
39000.0
 30
662400.0
 11
2.342137003369313e-12
 21
38250.0
 31
676200.0
  0
LINE
  5
1B6
330
17
100
AcDbEntity
  8
COLUMNS
100
AcDbLine
 10
-27577.16446627535
 20
27577.164466275357
 30
662400.0
 11
-27046.83438038544
 21
27046.834380385444
 31
676200.0
  0
LINE
  5
1B7
330
17
100
AcDbEntity
  8
COLUMNS
100
AcDbLine
 10
-39000.0
 20
4.776122516674678e-12
 30
662400.0
 11
-38250.0
 21
4.684274006738626e-12
 31
676200.0
  0
LINE
  5
1B8
330
17
100
AcDbEntity
  8
COLUMNS
100
AcDbLine
 10
-27577.16446627536
 20
-27577.16446627535
 30
662400.0
 11
-27046.834380385448
 21
-27046.83438038544
 31
676200.0
  0
LINE
  5
1B9
330
17
100
AcDbEntity
  8
COLUMNS
100
AcDbLine
 10
-7.164183775012016e-12
 20
-39000.0
 30
662400.0
 11
-7.0264110101079386e-12
 21
-38250.0
 31
676200.0
  0
LINE
  5
1BA
330
17
100
AcDbEntity
  8
COLUMNS
100
AcDbLine
 10
27577.164466275346
 20
-27577.16446627536
 30
662400.0
 11
27046.834380385437
 21
-27046.834380385448
 31
676200.0
  0
LINE
  5
1BB
330
17
100
AcDbEntity
  8
COLUMNS
100
AcDbLine
 10
38250.0
 20
0.0
 30
676200.0
 11
37500.0
 21
0.0
 31
690000.0
  0
LINE
  5
1BC
330
17
100
AcDbEntity
  8
COLUMNS
100
AcDbLine
 10
27046.834380385444
 20
27046.83438038544
 30
676200.0
 11
26516.504294495535
 21
26516.50429449553
 31
690000.0
  0
LINE
  5
1BD
330
17
100
AcDbEntity
  8
COLUMNS
100
AcDbLine
 10
2.342137003369313e-12
 20
38250.0
 30
676200.0
 11
2.2962127484012872e-12
 21
37500.0
 31
690000.0
  0
LINE
  5
1BE
330
17
100
AcDbEntity
  8
COLUMNS
100
AcDbLine
 10
-27046.83438038544
 20
27046.834380385444
 30
676200.0
 11
-26516.50429449553
 21
26516.504294495535
 31
690000.0
  0
LINE
  5
1BF
330
17
100
AcDbEntity
  8
COLUMNS
100
AcDbLine
 10
-38250.0
 20
4.684274006738626e-12
 30
676200.0
 11
-37500.0
 21
4.5924254968025744e-12
 31
690000.0
  0
LINE
  5
1C0
330
17
100
AcDbEntity
  8
COLUMNS
100
AcDbLine
 10
-27046.834380385448
 20
-27046.83438038544
 30
676200.0
 11
-26516.50429449554
 21
-26516.50429449553
 31
690000.0
  0
LINE
  5
1C1
330
17
100
AcDbEntity
  8
COLUMNS
100
AcDbLine
 10
-7.0264110101079386e-12
 20
-38250.0
 30
676200.0
 11
-6.888638245203861e-12
 21
-37500.0
 31
690000.0
  0
LINE
  5
1C2
330
17
100
AcDbEntity
  8
COLUMNS
100
AcDbLine
 10
27046.834380385437
 20
-27046.834380385448
 30
676200.0
 11
26516.504294495524
 21
-26516.50429449554
 31
690000.0
  0
LINE
  5
1C3
330
17
100
AcDbEntity
  8
COLUMNS
100
AcDbLine
 10
37500.0
 20
0.0
 30
690000.0
 11
36750.0
 21
0.0
 31
703800.0
  0
LINE
  5
1C4
330
17
100
AcDbEntity
  8
COLUMNS
100
AcDbLine
 10
26516.504294495535
 20
26516.50429449553
 30
690000.0
 11
25986.174208605622
 21
25986.17420860562
 31
703800.0
  0
LINE
  5
1C5
330
17
100
AcDbEntity
  8
COLUMNS
100
AcDbLine
 10
2.2962127484012872e-12
 20
37500.0
 30
690000.0
 11
2.2502884934332616e-12
 21
36750.0
 31
703800.0
  0
LINE
  5
1C6
330
17
100
AcDbEntity
  8
COLUMNS
100
AcDbLine
 10
-26516.50429449553
 20
26516.504294495535
 30
690000.0
 11
-25986.17420860562
 21
25986.174208605622
 31
703800.0
  0
LINE
  5
1C7
330
17
100
AcDbEntity
  8
COLUMNS
100
AcDbLine
 10
-37500.0
 20
4.5924254968025744e-12
 30
690000.0
 11
-36750.0
 21
4.500576986866523e-12
 31
703800.0
  0
LINE
  5
1C8
330
17
100
AcDbEntity
  8
COLUMNS
100
AcDbLine
 10
-26516.50429449554
 20
-26516.50429449553
 30
690000.0
 11
-25986.174208605626
 21
-25986.17420860562
 31
703800.0
  0
LINE
  5
1C9
330
17
100
AcDbEntity
  8
COLUMNS
100
AcDbLine
 10
-6.888638245203861e-12
 20
-37500.0
 30
690000.0
 11
-6.750865480299784e-12
 21
-36750.0
 31
703800.0
  0
LINE
  5
1CA
330
17
100
AcDbEntity
  8
COLUMNS
100
AcDbLine
 10
26516.504294495524
 20
-26516.50429449554
 30
690000.0
 11
25986.174208605615
 21
-25986.174208605626
 31
703800.0
  0
LINE
  5
1CB
330
17
100
AcDbEntity
  8
COLUMNS
100
AcDbLine
 10
36750.0
 20
0.0
 30
703800.0
 11
36000.0
 21
0.0
 31
717600.0
  0
LINE
  5
1CC
330
17
100
AcDbEntity
  8
COLUMNS
100
AcDbLine
 10
25986.174208605622
 20
25986.17420860562
 30
703800.0
 11
25455.844122715713
 21
25455.84412271571
 31
717600.0
  0
LINE
  5
1CD
330
17
100
AcDbEntity
  8
COLUMNS
100
AcDbLine
 10
2.2502884934332616e-12
 20
36750.0
 30
703800.0
 11
2.204364238465236e-12
 21
36000.0
 31
717600.0
  0
LINE
  5
1CE
330
17
100
AcDbEntity
  8
COLUMNS
100
AcDbLine
 10
-25986.17420860562
 20
25986.174208605622
 30
703800.0
 11
-25455.84412271571
 21
25455.844122715713
 31
717600.0
  0
LINE
  5
1CF
330
17
100
AcDbEntity
  8
COLUMNS
100
AcDbLine
 10
-36750.0
 20
4.500576986866523e-12
 30
703800.0
 11
-36000.0
 21
4.408728476930472e-12
 31
717600.0
  0
LINE
  5
1D0
330
17
100
AcDbEntity
  8
COLUMNS
100
AcDbLine
 10
-25986.174208605626
 20
-25986.17420860562
 30
703800.0
 11
-25455.844122715716
 21
-25455.84412271571
 31
717600.0
  0
LINE
  5
1D1
330
17
100
AcDbEntity
  8
COLUMNS
100
AcDbLine
 10
-6.750865480299784e-12
 20
-36750.0
 30
703800.0
 11
-6.6130927153957065e-12
 21
-36000.0
 31
717600.0
  0
LINE
  5
1D2
330
17
100
AcDbEntity
  8
COLUMNS
100
AcDbLine
 10
25986.174208605615
 20
-25986.174208605626
 30
703800.0
 11
25455.844122715705
 21
-25455.844122715716
 31
717600.0
  0
LINE
  5
1D3
330
17
100
AcDbEntity
  8
COLUMNS
100
AcDbLine
 10
36000.0
 20
0.0
 30
717600.0
 11
35250.00000000001
 21
0.0
 31
731400.0
  0
LINE
  5
1D4
330
17
100
AcDbEntity
  8
COLUMNS
100
AcDbLine
 10
25455.844122715713
 20
25455.84412271571
 30
717600.0
 11
24925.514036825807
 21
24925.514036825803
 31
731400.0
  0
LINE
  5
1D5
330
17
100
AcDbEntity
  8
COLUMNS
100
AcDbLine
 10
2.204364238465236e-12
 20
36000.0
 30
717600.0
 11
2.1584399834972106e-12
 21
35250.00000000001
 31
731400.0
  0
LINE
  5
1D6
330
17
100
AcDbEntity
  8
COLUMNS
100
AcDbLine
 10
-25455.84412271571
 20
25455.844122715713
 30
717600.0
 11
-24925.514036825803
 21
24925.514036825807
 31
731400.0
  0
LINE
  5
1D7
330
17
100
AcDbEntity
  8
COLUMNS
100
AcDbLine
 10
-36000.0
 20
4.408728476930472e-12
 30
717600.0
 11
-35250.00000000001
 21
4.316879966994421e-12
 31
731400.0
  0
LINE
  5
1D8
330
17
100
AcDbEntity
  8
COLUMNS
100
AcDbLine
 10
-25455.844122715716
 20
-25455.84412271571
 30
717600.0
 11
-24925.51403682581
 21
-24925.514036825803
 31
731400.0
  0
LINE
  5
1D9
330
17
100
AcDbEntity
  8
COLUMNS
100
AcDbLine
 10
-6.6130927153957065e-12
 20
-36000.0
 30
717600.0
 11
-6.475319950491631e-12
 21
-35250.00000000001
 31
731400.0
  0
LINE
  5
1DA
330
17
100
AcDbEntity
  8
COLUMNS
100
AcDbLine
 10
25455.844122715705
 20
-25455.844122715716
 30
717600.0
 11
24925.5140368258
 21
-24925.51403682581
 31
731400.0
  0
LINE
  5
1DB
330
17
100
AcDbEntity
  8
COLUMNS
100
AcDbLine
 10
35250.00000000001
 20
0.0
 30
731400.0
 11
34500.0
 21
0.0
 31
745200.0
  0
LINE
  5
1DC
330
17
100
AcDbEntity
  8
COLUMNS
100
AcDbLine
 10
24925.514036825807
 20
24925.514036825803
 30
731400.0
 11
24395.18395093589
 21
24395.183950935887
 31
745200.0
  0
LINE
  5
1DD
330
17
100
AcDbEntity
  8
COLUMNS
100
AcDbLine
 10
2.1584399834972106e-12
 20
35250.00000000001
 30
731400.0
 11
2.112515728529184e-12
 21
34500.0
 31
745200.0
  0
LINE
  5
1DE
330
17
100
AcDbEntity
  8
COLUMNS
100
AcDbLine
 10
-24925.514036825803
 20
24925.514036825807
 30
731400.0
 11
-24395.183950935887
 21
24395.18395093589
 31
745200.0
  0
LINE
  5
1DF
330
17
100
AcDbEntity
  8
COLUMNS
100
AcDbLine
 10
-35250.00000000001
 20
4.316879966994421e-12
 30
731400.0
 11
-34500.0
 21
4.225031457058368e-12
 31
745200.0
  0
LINE
  5
1E0
330
17
100
AcDbEntity
  8
COLUMNS
100
AcDbLine
 10
-24925.51403682581
 20
-24925.514036825803
 30
731400.0
 11
-24395.183950935894
 21
-24395.183950935887
 31
745200.0
  0
LINE
  5
1E1
330
17
100
AcDbEntity
  8
COLUMNS
100
AcDbLine
 10
-6.475319950491631e-12
 20
-35250.00000000001
 30
731400.0
 11
-6.3375471855875526e-12
 21
-34500.0
 31
745200.0
  0
LINE
  5
1E2
330
17
100
AcDbEntity
  8
COLUMNS
100
AcDbLine
 10
24925.5140368258
 20
-24925.51403682581
 30
731400.0
 11
24395.183950935883
 21
-24395.183950935894
 31
745200.0
  0
LINE
  5
1E3
330
17
100
AcDbEntity
  8
COLUMNS
100
AcDbLine
 10
34500.0
 20
0.0
 30
745200.0
 11
33750.00000000001
 21
0.0
 31
759000.0
  0
LINE
  5
1E4
330
17
100
AcDbEntity
  8
COLUMNS
100
AcDbLine
 10
24395.18395093589
 20
24395.183950935887
 30
745200.0
 11
23864.853865045985
 21
23864.85386504598
 31
759000.0
  0
LINE
  5
1E5
330
17
100
AcDbEntity
  8
COLUMNS
100
AcDbLine
 10
2.112515728529184e-12
 20
34500.0
 30
745200.0
 11
2.066591473561159e-12
 21
33750.00000000001
 31
759000.0
  0
LINE
  5
1E6
330
17
100
AcDbEntity
  8
COLUMNS
100
AcDbLine
 10
-24395.183950935887
 20
24395.18395093589
 30
745200.0
 11
-23864.85386504598
 21
23864.853865045985
 31
759000.0
  0
LINE
  5
1E7
330
17
100
AcDbEntity
  8
COLUMNS
100
AcDbLine
 10
-34500.0
 20
4.225031457058368e-12
 30
745200.0
 11
-33750.00000000001
 21
4.133182947122318e-12
 31
759000.0
  0
LINE
  5
1E8
330
17
100
AcDbEntity
  8
COLUMNS
100
AcDbLine
 10
-24395.183950935894
 20
-24395.183950935887
 30
745200.0
 11
-23864.85386504599
 21
-23864.85386504598
 31
759000.0
  0
LINE
  5
1E9
330
17
100
AcDbEntity
  8
COLUMNS
100
AcDbLine
 10
-6.3375471855875526e-12
 20
-34500.0
 30
745200.0
 11
-6.199774420683477e-12
 21
-33750.00000000001
 31
759000.0
  0
LINE
  5
1EA
330
17
100
AcDbEntity
  8
COLUMNS
100
AcDbLine
 10
24395.183950935883
 20
-24395.183950935894
 30
745200.0
 11
23864.853865045978
 21
-23864.85386504599
 31
759000.0
  0
LINE
  5
1EB
330
17
100
AcDbEntity
  8
COLUMNS
100
AcDbLine
 10
33750.00000000001
 20
0.0
 30
759000.0
 11
33000.00000000001
 21
0.0
 31
772800.0
  0
LINE
  5
1EC
330
17
100
AcDbEntity
  8
COLUMNS
100
AcDbLine
 10
23864.853865045985
 20
23864.85386504598
 30
759000.0
 11
23334.523779156076
 21
23334.523779156072
 31
772800.0
  0
LINE
  5
1ED
330
17
100
AcDbEntity
  8
COLUMNS
100
AcDbLine
 10
2.066591473561159e-12
 20
33750.00000000001
 30
759000.0
 11
2.0206672185931333e-12
 21
33000.00000000001
 31
772800.0
  0
LINE
  5
1EE
330
17
100
AcDbEntity
  8
COLUMNS
100
AcDbLine
 10
-23864.85386504598
 20
23864.853865045985
 30
759000.0
 11
-23334.523779156072
 21
23334.523779156076
 31
772800.0
  0
LINE
  5
1EF
330
17
100
AcDbEntity
  8
COLUMNS
100
AcDbLine
 10
-33750.00000000001
 20
4.133182947122318e-12
 30
759000.0
 11
-33000.00000000001
 21
4.0413344371862666e-12
 31
772800.0
  0
LINE
  5
1F0
330
17
100
AcDbEntity
  8
COLUMNS
100
AcDbLine
 10
-23864.85386504599
 20
-23864.85386504598
 30
759000.0
 11
-23334.52377915608
 21
-23334.523779156072
 31
772800.0
  0
LINE
  5
1F1
330
17
100
AcDbEntity
  8
COLUMNS
100
AcDbLine
 10
-6.199774420683477e-12
 20
-33750.00000000001
 30
759000.0
 11
-6.0620016557793994e-12
 21
-33000.00000000001
 31
772800.0
  0
LINE
  5
1F2
330
17
100
AcDbEntity
  8
COLUMNS
100
AcDbLine
 10
23864.853865045978
 20
-23864.85386504599
 30
759000.0
 11
23334.52377915607
 21
-23334.52377915608
 31
772800.0
  0
LINE
  5
1F3
330
17
100
AcDbEntity
  8
COLUMNS
100
AcDbLine
 10
33000.00000000001
 20
0.0
 30
772800.0
 11
32250.000000000004
 21
0.0
 31
786600.0
  0
LINE
  5
1F4
330
17
100
AcDbEntity
  8
COLUMNS
100
AcDbLine
 10
23334.523779156076
 20
23334.523779156072
 30
772800.0
 11
22804.193693266163
 21
22804.19369326616
 31
786600.0
  0
LINE
  5
1F5
330
17
100
AcDbEntity
  8
COLUMNS
100
AcDbLine
 10
2.0206672185931333e-12
 20
33000.00000000001
 30
772800.0
 11
1.9747429636251072e-12
 21
32250.000000000004
 31
786600.0
  0
LINE
  5
1F6
330
17
100
AcDbEntity
  8
COLUMNS
100
AcDbLine
 10
-23334.523779156072
 20
23334.523779156076
 30
772800.0
 11
-22804.19369326616
 21
22804.193693266163
 31
786600.0
  0
LINE
  5
1F7
330
17
100
AcDbEntity
  8
COLUMNS
100
AcDbLine
 10
-33000.00000000001
 20
4.0413344371862666e-12
 30
772800.0
 11
-32250.000000000004
 21
3.9494859272502144e-12
 31
786600.0
  0
LINE
  5
1F8
330
17
100
AcDbEntity
  8
COLUMNS
100
AcDbLine
 10
-23334.52377915608
 20
-23334.523779156072
 30
772800.0
 11
-22804.193693266167
 21
-22804.19369326616
 31
786600.0
  0
LINE
  5
1F9
330
17
100
AcDbEntity
  8
COLUMNS
100
AcDbLine
 10
-6.0620016557793994e-12
 20
-33000.00000000001
 30
772800.0
 11
-5.924228890875321e-12
 21
-32250.000000000004
 31
786600.0
  0
LINE
  5
1FA
330
17
100
AcDbEntity
  8
COLUMNS
100
AcDbLine
 10
23334.52377915607
 20
-23334.52377915608
 30
772800.0
 11
22804.193693266156
 21
-22804.193693266167
 31
786600.0
  0
LINE
  5
1FB
330
17
100
AcDbEntity
  8
COLUMNS
100
AcDbLine
 10
32250.000000000004
 20
0.0
 30
786600.0
 11
31500.000000000004
 21
0.0
 31
800400.0
  0
LINE
  5
1FC
330
17
100
AcDbEntity
  8
COLUMNS
100
AcDbLine
 10
22804.193693266163
 20
22804.19369326616
 30
786600.0
 11
22273.86360737625
 21
22273.863607376246
 31
800400.0
  0
LINE
  5
1FD
330
17
100
AcDbEntity
  8
COLUMNS
100
AcDbLine
 10
1.9747429636251072e-12
 20
32250.000000000004
 30
786600.0
 11
1.9288187086570816e-12
 21
31500.000000000004
 31
800400.0
  0
LINE
  5
1FE
330
17
100
AcDbEntity
  8
COLUMNS
100
AcDbLine
 10
-22804.19369326616
 20
22804.193693266163
 30
786600.0
 11
-22273.863607376246
 21
22273.86360737625
 31
800400.0
  0
LINE
  5
1FF
330
17
100
AcDbEntity
  8
COLUMNS
100
AcDbLine
 10
-32250.000000000004
 20
3.9494859272502144e-12
 30
786600.0
 11
-31500.000000000004
 21
3.857637417314163e-12
 31
800400.0
  0
LINE
  5
200
330
17
100
AcDbEntity
  8
COLUMNS
100
AcDbLine
 10
-22804.193693266167
 20
-22804.19369326616
 30
786600.0
 11
-22273.863607376254
 21
-22273.863607376246
 31
800400.0
  0
LINE
  5
201
330
17
100
AcDbEntity
  8
COLUMNS
100
AcDbLine
 10
-5.924228890875321e-12
 20
-32250.000000000004
 30
786600.0
 11
-5.786456125971244e-12
 21
-31500.000000000004
 31
800400.0
  0
LINE
  5
202
330
17
100
AcDbEntity
  8
COLUMNS
100
AcDbLine
 10
22804.193693266156
 20
-22804.193693266167
 30
786600.0
 11
22273.863607376243
 21
-22273.863607376254
 31
800400.0
  0
LINE
  5
203
330
17
100
AcDbEntity
  8
COLUMNS
100
AcDbLine
 10
31500.000000000004
 20
0.0
 30
800400.0
 11
30750.000000000004
 21
0.0
 31
814200.0
  0
LINE
  5
204
330
17
100
AcDbEntity
  8
COLUMNS
100
AcDbLine
 10
22273.86360737625
 20
22273.863607376246
 30
800400.0
 11
21743.53352148634
 21
21743.533521486337
 31
814200.0
  0
LINE
  5
205
330
17
100
AcDbEntity
  8
COLUMNS
100
AcDbLine
 10
1.9288187086570816e-12
 20
31500.000000000004
 30
800400.0
 11
1.882894453689056e-12
 21
30750.000000000004
 31
814200.0
  0
LINE
  5
206
330
17
100
AcDbEntity
  8
COLUMNS
100
AcDbLine
 10
-22273.863607376246
 20
22273.86360737625
 30
800400.0
 11
-21743.533521486337
 21
21743.53352148634
 31
814200.0
  0
LINE
  5
207
330
17
100
AcDbEntity
  8
COLUMNS
100
AcDbLine
 10
-31500.000000000004
 20
3.857637417314163e-12
 30
800400.0
 11
-30750.000000000004
 21
3.765788907378112e-12
 31
814200.0
  0
LINE
  5
208
330
17
100
AcDbEntity
  8
COLUMNS
100
AcDbLine
 10
-22273.863607376254
 20
-22273.863607376246
 30
800400.0
 11
-21743.533521486344
 21
-21743.533521486337
 31
814200.0
  0
LINE
  5
209
330
17
100
AcDbEntity
  8
COLUMNS
100
AcDbLine
 10
-5.786456125971244e-12
 20
-31500.000000000004
 30
800400.0
 11
-5.648683361067167e-12
 21
-30750.000000000004
 31
814200.0
  0
LINE
  5
20A
330
17
100
AcDbEntity
  8
COLUMNS
100
AcDbLine
 10
22273.863607376243
 20
-22273.863607376254
 30
800400.0
 11
21743.533521486333
 21
-21743.533521486344
 31
814200.0
  0
LINE
  5
20B
330
17
100
AcDbEntity
  8
COLUMNS
100
AcDbLine
 10
75000.0
 20
75000.0
 30
0.0
 11
75000.0
 21
75000.0
 31
20700.0
  0
LINE
  5
20C
330
17
100
AcDbEntity
  8
COLUMNS
100
AcDbLine
 10
-75000.0
 20
75000.0
 30
0.0
 11
-75000.0
 21
75000.0
 31
20700.0
  0
LINE
  5
20D
330
17
100
AcDbEntity
  8
COLUMNS
100
AcDbLine
 10
-75000.0
 20
-75000.0
 30
0.0
 11
-75000.0
 21
-75000.0
 31
20700.0
  0
LINE
  5
20E
330
17
100
AcDbEntity
  8
COLUMNS
100
AcDbLine
 10
75000.0
 20
-75000.0
 30
0.0
 11
75000.0
 21
-75000.0
 31
20700.0
  0
LINE
  5
20F
330
17
100
AcDbEntity
  8
COLUMNS
100
AcDbLine
 10
75000.0
 20
0.0
 30
0.0
 11
75000.0
 21
0.0
 31
20700.0
  0
LINE
  5
210
330
17
100
AcDbEntity
  8
COLUMNS
100
AcDbLine
 10
-75000.0
 20
0.0
 30
0.0
 11
-75000.0
 21
0.0
 31
20700.0
  0
LINE
  5
211
330
17
100
AcDbEntity
  8
COLUMNS
100
AcDbLine
 10
0.0
 20
75000.0
 30
0.0
 11
0.0
 21
75000.0
 31
20700.0
  0
LINE
  5
212
330
17
100
AcDbEntity
  8
COLUMNS
100
AcDbLine
 10
0.0
 20
-75000.0
 30
0.0
 11
0.0
 21
-75000.0
 31
20700.0
  0
LINE
  5
213
330
17
100
AcDbEntity
  8
COLUMNS
100
AcDbLine
 10
75000.0
 20
75000.0
 30
20700.0
 11
75000.0
 21
75000.0
 31
41400.0
  0
LINE
  5
214
330
17
100
AcDbEntity
  8
COLUMNS
100
AcDbLine
 10
-75000.0
 20
75000.0
 30
20700.0
 11
-75000.0
 21
75000.0
 31
41400.0
  0
LINE
  5
215
330
17
100
AcDbEntity
  8
COLUMNS
100
AcDbLine
 10
-75000.0
 20
-75000.0
 30
20700.0
 11
-75000.0
 21
-75000.0
 31
41400.0
  0
LINE
  5
216
330
17
100
AcDbEntity
  8
COLUMNS
100
AcDbLine
 10
75000.0
 20
-75000.0
 30
20700.0
 11
75000.0
 21
-75000.0
 31
41400.0
  0
LINE
  5
217
330
17
100
AcDbEntity
  8
COLUMNS
100
AcDbLine
 10
75000.0
 20
0.0
 30
20700.0
 11
75000.0
 21
0.0
 31
41400.0
  0
LINE
  5
218
330
17
100
AcDbEntity
  8
COLUMNS
100
AcDbLine
 10
-75000.0
 20
0.0
 30
20700.0
 11
-75000.0
 21
0.0
 31
41400.0
  0
LINE
  5
219
330
17
100
AcDbEntity
  8
COLUMNS
100
AcDbLine
 10
0.0
 20
75000.0
 30
20700.0
 11
0.0
 21
75000.0
 31
41400.0
  0
LINE
  5
21A
330
17
100
AcDbEntity
  8
COLUMNS
100
AcDbLine
 10
0.0
 20
-75000.0
 30
20700.0
 11
0.0
 21
-75000.0
 31
41400.0
  0
LINE
  5
21B
330
17
100
AcDbEntity
  8
COLUMNS
100
AcDbLine
 10
75000.0
 20
75000.0
 30
41400.0
 11
75000.0
 21
75000.0
 31
62100.0
  0
LINE
  5
21C
330
17
100
AcDbEntity
  8
COLUMNS
100
AcDbLine
 10
-75000.0
 20
75000.0
 30
41400.0
 11
-75000.0
 21
75000.0
 31
62100.0
  0
LINE
  5
21D
330
17
100
AcDbEntity
  8
COLUMNS
100
AcDbLine
 10
-75000.0
 20
-75000.0
 30
41400.0
 11
-75000.0
 21
-75000.0
 31
62100.0
  0
LINE
  5
21E
330
17
100
AcDbEntity
  8
COLUMNS
100
AcDbLine
 10
75000.0
 20
-75000.0
 30
41400.0
 11
75000.0
 21
-75000.0
 31
62100.0
  0
LINE
  5
21F
330
17
100
AcDbEntity
  8
COLUMNS
100
AcDbLine
 10
75000.0
 20
0.0
 30
41400.0
 11
75000.0
 21
0.0
 31
62100.0
  0
LINE
  5
220
330
17
100
AcDbEntity
  8
COLUMNS
100
AcDbLine
 10
-75000.0
 20
0.0
 30
41400.0
 11
-75000.0
 21
0.0
 31
62100.0
  0
LINE
  5
221
330
17
100
AcDbEntity
  8
COLUMNS
100
AcDbLine
 10
0.0
 20
75000.0
 30
41400.0
 11
0.0
 21
75000.0
 31
62100.0
  0
LINE
  5
222
330
17
100
AcDbEntity
  8
COLUMNS
100
AcDbLine
 10
0.0
 20
-75000.0
 30
41400.0
 11
0.0
 21
-75000.0
 31
62100.0
  0
LINE
  5
223
330
17
100
AcDbEntity
  8
COLUMNS
100
AcDbLine
 10
75000.0
 20
75000.0
 30
62100.0
 11
75000.0
 21
75000.0
 31
82800.0
  0
LINE
  5
224
330
17
100
AcDbEntity
  8
COLUMNS
100
AcDbLine
 10
-75000.0
 20
75000.0
 30
62100.0
 11
-75000.0
 21
75000.0
 31
82800.0
  0
LINE
  5
225
330
17
100
AcDbEntity
  8
COLUMNS
100
AcDbLine
 10
-75000.0
 20
-75000.0
 30
62100.0
 11
-75000.0
 21
-75000.0
 31
82800.0
  0
LINE
  5
226
330
17
100
AcDbEntity
  8
COLUMNS
100
AcDbLine
 10
75000.0
 20
-75000.0
 30
62100.0
 11
75000.0
 21
-75000.0
 31
82800.0
  0
LINE
  5
227
330
17
100
AcDbEntity
  8
COLUMNS
100
AcDbLine
 10
75000.0
 20
0.0
 30
62100.0
 11
75000.0
 21
0.0
 31
82800.0
  0
LINE
  5
228
330
17
100
AcDbEntity
  8
COLUMNS
100
AcDbLine
 10
-75000.0
 20
0.0
 30
62100.0
 11
-75000.0
 21
0.0
 31
82800.0
  0
LINE
  5
229
330
17
100
AcDbEntity
  8
COLUMNS
100
AcDbLine
 10
0.0
 20
75000.0
 30
62100.0
 11
0.0
 21
75000.0
 31
82800.0
  0
LINE
  5
22A
330
17
100
AcDbEntity
  8
COLUMNS
100
AcDbLine
 10
0.0
 20
-75000.0
 30
62100.0
 11
0.0
 21
-75000.0
 31
82800.0
  0
LINE
  5
22B
330
17
100
AcDbEntity
  8
COLUMNS
100
AcDbLine
 10
75000.0
 20
75000.0
 30
82800.0
 11
75000.0
 21
75000.0
 31
103500.0
  0
LINE
  5
22C
330
17
100
AcDbEntity
  8
COLUMNS
100
AcDbLine
 10
-75000.0
 20
75000.0
 30
82800.0
 11
-75000.0
 21
75000.0
 31
103500.0
  0
LINE
  5
22D
330
17
100
AcDbEntity
  8
COLUMNS
100
AcDbLine
 10
-75000.0
 20
-75000.0
 30
82800.0
 11
-75000.0
 21
-75000.0
 31
103500.0
  0
LINE
  5
22E
330
17
100
AcDbEntity
  8
COLUMNS
100
AcDbLine
 10
75000.0
 20
-75000.0
 30
82800.0
 11
75000.0
 21
-75000.0
 31
103500.0
  0
LINE
  5
22F
330
17
100
AcDbEntity
  8
COLUMNS
100
AcDbLine
 10
75000.0
 20
0.0
 30
82800.0
 11
75000.0
 21
0.0
 31
103500.0
  0
LINE
  5
230
330
17
100
AcDbEntity
  8
COLUMNS
100
AcDbLine
 10
-75000.0
 20
0.0
 30
82800.0
 11
-75000.0
 21
0.0
 31
103500.0
  0
LINE
  5
231
330
17
100
AcDbEntity
  8
COLUMNS
100
AcDbLine
 10
0.0
 20
75000.0
 30
82800.0
 11
0.0
 21
75000.0
 31
103500.0
  0
LINE
  5
232
330
17
100
AcDbEntity
  8
COLUMNS
100
AcDbLine
 10
0.0
 20
-75000.0
 30
82800.0
 11
0.0
 21
-75000.0
 31
103500.0
  0
LINE
  5
233
330
17
100
AcDbEntity
  8
COLUMNS
100
AcDbLine
 10
75000.0
 20
75000.0
 30
103500.0
 11
75000.0
 21
75000.0
 31
124200.0
  0
LINE
  5
234
330
17
100
AcDbEntity
  8
COLUMNS
100
AcDbLine
 10
-75000.0
 20
75000.0
 30
103500.0
 11
-75000.0
 21
75000.0
 31
124200.0
  0
LINE
  5
235
330
17
100
AcDbEntity
  8
COLUMNS
100
AcDbLine
 10
-75000.0
 20
-75000.0
 30
103500.0
 11
-75000.0
 21
-75000.0
 31
124200.0
  0
LINE
  5
236
330
17
100
AcDbEntity
  8
COLUMNS
100
AcDbLine
 10
75000.0
 20
-75000.0
 30
103500.0
 11
75000.0
 21
-75000.0
 31
124200.0
  0
LINE
  5
237
330
17
100
AcDbEntity
  8
COLUMNS
100
AcDbLine
 10
75000.0
 20
0.0
 30
103500.0
 11
75000.0
 21
0.0
 31
124200.0
  0
LINE
  5
238
330
17
100
AcDbEntity
  8
COLUMNS
100
AcDbLine
 10
-75000.0
 20
0.0
 30
103500.0
 11
-75000.0
 21
0.0
 31
124200.0
  0
LINE
  5
239
330
17
100
AcDbEntity
  8
COLUMNS
100
AcDbLine
 10
0.0
 20
75000.0
 30
103500.0
 11
0.0
 21
75000.0
 31
124200.0
  0
LINE
  5
23A
330
17
100
AcDbEntity
  8
COLUMNS
100
AcDbLine
 10
0.0
 20
-75000.0
 30
103500.0
 11
0.0
 21
-75000.0
 31
124200.0
  0
LINE
  5
23B
330
17
100
AcDbEntity
  8
COLUMNS
100
AcDbLine
 10
75000.0
 20
75000.0
 30
124200.0
 11
75000.0
 21
75000.0
 31
144900.0
  0
LINE
  5
23C
330
17
100
AcDbEntity
  8
COLUMNS
100
AcDbLine
 10
-75000.0
 20
75000.0
 30
124200.0
 11
-75000.0
 21
75000.0
 31
144900.0
  0
LINE
  5
23D
330
17
100
AcDbEntity
  8
COLUMNS
100
AcDbLine
 10
-75000.0
 20
-75000.0
 30
124200.0
 11
-75000.0
 21
-75000.0
 31
144900.0
  0
LINE
  5
23E
330
17
100
AcDbEntity
  8
COLUMNS
100
AcDbLine
 10
75000.0
 20
-75000.0
 30
124200.0
 11
75000.0
 21
-75000.0
 31
144900.0
  0
LINE
  5
23F
330
17
100
AcDbEntity
  8
COLUMNS
100
AcDbLine
 10
75000.0
 20
0.0
 30
124200.0
 11
75000.0
 21
0.0
 31
144900.0
  0
LINE
  5
240
330
17
100
AcDbEntity
  8
COLUMNS
100
AcDbLine
 10
-75000.0
 20
0.0
 30
124200.0
 11
-75000.0
 21
0.0
 31
144900.0
  0
LINE
  5
241
330
17
100
AcDbEntity
  8
COLUMNS
100
AcDbLine
 10
0.0
 20
75000.0
 30
124200.0
 11
0.0
 21
75000.0
 31
144900.0
  0
LINE
  5
242
330
17
100
AcDbEntity
  8
COLUMNS
100
AcDbLine
 10
0.0
 20
-75000.0
 30
124200.0
 11
0.0
 21
-75000.0
 31
144900.0
  0
LINE
  5
243
330
17
100
AcDbEntity
  8
COLUMNS
100
AcDbLine
 10
75000.0
 20
75000.0
 30
144900.0
 11
75000.0
 21
75000.0
 31
165600.0
  0
LINE
  5
244
330
17
100
AcDbEntity
  8
COLUMNS
100
AcDbLine
 10
-75000.0
 20
75000.0
 30
144900.0
 11
-75000.0
 21
75000.0
 31
165600.0
  0
LINE
  5
245
330
17
100
AcDbEntity
  8
COLUMNS
100
AcDbLine
 10
-75000.0
 20
-75000.0
 30
144900.0
 11
-75000.0
 21
-75000.0
 31
165600.0
  0
LINE
  5
246
330
17
100
AcDbEntity
  8
COLUMNS
100
AcDbLine
 10
75000.0
 20
-75000.0
 30
144900.0
 11
75000.0
 21
-75000.0
 31
165600.0
  0
LINE
  5
247
330
17
100
AcDbEntity
  8
COLUMNS
100
AcDbLine
 10
75000.0
 20
0.0
 30
144900.0
 11
75000.0
 21
0.0
 31
165600.0
  0
LINE
  5
248
330
17
100
AcDbEntity
  8
COLUMNS
100
AcDbLine
 10
-75000.0
 20
0.0
 30
144900.0
 11
-75000.0
 21
0.0
 31
165600.0
  0
LINE
  5
249
330
17
100
AcDbEntity
  8
COLUMNS
100
AcDbLine
 10
0.0
 20
75000.0
 30
144900.0
 11
0.0
 21
75000.0
 31
165600.0
  0
LINE
  5
24A
330
17
100
AcDbEntity
  8
COLUMNS
100
AcDbLine
 10
0.0
 20
-75000.0
 30
144900.0
 11
0.0
 21
-75000.0
 31
165600.0
  0
LINE
  5
24B
330
17
100
AcDbEntity
  8
COLUMNS
100
AcDbLine
 10
63750.0
 20
63750.0
 30
172500.0
 11
63750.0
 21
63750.0
 31
193200.0
  0
LINE
  5
24C
330
17
100
AcDbEntity
  8
COLUMNS
100
AcDbLine
 10
-63750.0
 20
63750.0
 30
172500.0
 11
-63750.0
 21
63750.0
 31
193200.0
  0
LINE
  5
24D
330
17
100
AcDbEntity
  8
COLUMNS
100
AcDbLine
 10
-63750.0
 20
-63750.0
 30
172500.0
 11
-63750.0
 21
-63750.0
 31
193200.0
  0
LINE
  5
24E
330
17
100
AcDbEntity
  8
COLUMNS
100
AcDbLine
 10
63750.0
 20
-63750.0
 30
172500.0
 11
63750.0
 21
-63750.0
 31
193200.0
  0
LINE
  5
24F
330
17
100
AcDbEntity
  8
COLUMNS
100
AcDbLine
 10
63750.0
 20
0.0
 30
172500.0
 11
63750.0
 21
0.0
 31
193200.0
  0
LINE
  5
250
330
17
100
AcDbEntity
  8
COLUMNS
100
AcDbLine
 10
-63750.0
 20
0.0
 30
172500.0
 11
-63750.0
 21
0.0
 31
193200.0
  0
LINE
  5
251
330
17
100
AcDbEntity
  8
COLUMNS
100
AcDbLine
 10
0.0
 20
63750.0
 30
172500.0
 11
0.0
 21
63750.0
 31
193200.0
  0
LINE
  5
252
330
17
100
AcDbEntity
  8
COLUMNS
100
AcDbLine
 10
0.0
 20
-63750.0
 30
172500.0
 11
0.0
 21
-63750.0
 31
193200.0
  0
LINE
  5
253
330
17
100
AcDbEntity
  8
COLUMNS
100
AcDbLine
 10
63750.0
 20
63750.0
 30
193200.0
 11
63750.0
 21
63750.0
 31
213900.0
  0
LINE
  5
254
330
17
100
AcDbEntity
  8
COLUMNS
100
AcDbLine
 10
-63750.0
 20
63750.0
 30
193200.0
 11
-63750.0
 21
63750.0
 31
213900.0
  0
LINE
  5
255
330
17
100
AcDbEntity
  8
COLUMNS
100
AcDbLine
 10
-63750.0
 20
-63750.0
 30
193200.0
 11
-63750.0
 21
-63750.0
 31
213900.0
  0
LINE
  5
256
330
17
100
AcDbEntity
  8
COLUMNS
100
AcDbLine
 10
63750.0
 20
-63750.0
 30
193200.0
 11
63750.0
 21
-63750.0
 31
213900.0
  0
LINE
  5
257
330
17
100
AcDbEntity
  8
COLUMNS
100
AcDbLine
 10
63750.0
 20
0.0
 30
193200.0
 11
63750.0
 21
0.0
 31
213900.0
  0
LINE
  5
258
330
17
100
AcDbEntity
  8
COLUMNS
100
AcDbLine
 10
-63750.0
 20
0.0
 30
193200.0
 11
-63750.0
 21
0.0
 31
213900.0
  0
LINE
  5
259
330
17
100
AcDbEntity
  8
COLUMNS
100
AcDbLine
 10
0.0
 20
63750.0
 30
193200.0
 11
0.0
 21
63750.0
 31
213900.0
  0
LINE
  5
25A
330
17
100
AcDbEntity
  8
COLUMNS
100
AcDbLine
 10
0.0
 20
-63750.0
 30
193200.0
 11
0.0
 21
-63750.0
 31
213900.0
  0
LINE
  5
25B
330
17
100
AcDbEntity
  8
COLUMNS
100
AcDbLine
 10
63750.0
 20
63750.0
 30
213900.0
 11
63750.0
 21
63750.0
 31
234600.0
  0
LINE
  5
25C
330
17
100
AcDbEntity
  8
COLUMNS
100
AcDbLine
 10
-63750.0
 20
63750.0
 30
213900.0
 11
-63750.0
 21
63750.0
 31
234600.0
  0
LINE
  5
25D
330
17
100
AcDbEntity
  8
COLUMNS
100
AcDbLine
 10
-63750.0
 20
-63750.0
 30
213900.0
 11
-63750.0
 21
-63750.0
 31
234600.0
  0
LINE
  5
25E
330
17
100
AcDbEntity
  8
COLUMNS
100
AcDbLine
 10
63750.0
 20
-63750.0
 30
213900.0
 11
63750.0
 21
-63750.0
 31
234600.0
  0
LINE
  5
25F
330
17
100
AcDbEntity
  8
COLUMNS
100
AcDbLine
 10
63750.0
 20
0.0
 30
213900.0
 11
63750.0
 21
0.0
 31
234600.0
  0
LINE
  5
260
330
17
100
AcDbEntity
  8
COLUMNS
100
AcDbLine
 10
-63750.0
 20
0.0
 30
213900.0
 11
-63750.0
 21
0.0
 31
234600.0
  0
LINE
  5
261
330
17
100
AcDbEntity
  8
COLUMNS
100
AcDbLine
 10
0.0
 20
63750.0
 30
213900.0
 11
0.0
 21
63750.0
 31
234600.0
  0
LINE
  5
262
330
17
100
AcDbEntity
  8
COLUMNS
100
AcDbLine
 10
0.0
 20
-63750.0
 30
213900.0
 11
0.0
 21
-63750.0
 31
234600.0
  0
LINE
  5
263
330
17
100
AcDbEntity
  8
COLUMNS
100
AcDbLine
 10
63750.0
 20
63750.0
 30
234600.0
 11
63750.0
 21
63750.0
 31
255300.0
  0
LINE
  5
264
330
17
100
AcDbEntity
  8
COLUMNS
100
AcDbLine
 10
-63750.0
 20
63750.0
 30
234600.0
 11
-63750.0
 21
63750.0
 31
255300.0
  0
LINE
  5
265
330
17
100
AcDbEntity
  8
COLUMNS
100
AcDbLine
 10
-63750.0
 20
-63750.0
 30
234600.0
 11
-63750.0
 21
-63750.0
 31
255300.0
  0
LINE
  5
266
330
17
100
AcDbEntity
  8
COLUMNS
100
AcDbLine
 10
63750.0
 20
-63750.0
 30
234600.0
 11
63750.0
 21
-63750.0
 31
255300.0
  0
LINE
  5
267
330
17
100
AcDbEntity
  8
COLUMNS
100
AcDbLine
 10
63750.0
 20
0.0
 30
234600.0
 11
63750.0
 21
0.0
 31
255300.0
  0
LINE
  5
268
330
17
100
AcDbEntity
  8
COLUMNS
100
AcDbLine
 10
-63750.0
 20
0.0
 30
234600.0
 11
-63750.0
 21
0.0
 31
255300.0
  0
LINE
  5
269
330
17
100
AcDbEntity
  8
COLUMNS
100
AcDbLine
 10
0.0
 20
63750.0
 30
234600.0
 11
0.0
 21
63750.0
 31
255300.0
  0
LINE
  5
26A
330
17
100
AcDbEntity
  8
COLUMNS
100
AcDbLine
 10
0.0
 20
-63750.0
 30
234600.0
 11
0.0
 21
-63750.0
 31
255300.0
  0
LINE
  5
26B
330
17
100
AcDbEntity
  8
COLUMNS
100
AcDbLine
 10
63750.0
 20
63750.0
 30
255300.0
 11
63750.0
 21
63750.0
 31
276000.0
  0
LINE
  5
26C
330
17
100
AcDbEntity
  8
COLUMNS
100
AcDbLine
 10
-63750.0
 20
63750.0
 30
255300.0
 11
-63750.0
 21
63750.0
 31
276000.0
  0
LINE
  5
26D
330
17
100
AcDbEntity
  8
COLUMNS
100
AcDbLine
 10
-63750.0
 20
-63750.0
 30
255300.0
 11
-63750.0
 21
-63750.0
 31
276000.0
  0
LINE
  5
26E
330
17
100
AcDbEntity
  8
COLUMNS
100
AcDbLine
 10
63750.0
 20
-63750.0
 30
255300.0
 11
63750.0
 21
-63750.0
 31
276000.0
  0
LINE
  5
26F
330
17
100
AcDbEntity
  8
COLUMNS
100
AcDbLine
 10
63750.0
 20
0.0
 30
255300.0
 11
63750.0
 21
0.0
 31
276000.0
  0
LINE
  5
270
330
17
100
AcDbEntity
  8
COLUMNS
100
AcDbLine
 10
-63750.0
 20
0.0
 30
255300.0
 11
-63750.0
 21
0.0
 31
276000.0
  0
LINE
  5
271
330
17
100
AcDbEntity
  8
COLUMNS
100
AcDbLine
 10
0.0
 20
63750.0
 30
255300.0
 11
0.0
 21
63750.0
 31
276000.0
  0
LINE
  5
272
330
17
100
AcDbEntity
  8
COLUMNS
100
AcDbLine
 10
0.0
 20
-63750.0
 30
255300.0
 11
0.0
 21
-63750.0
 31
276000.0
  0
LINE
  5
273
330
17
100
AcDbEntity
  8
COLUMNS
100
AcDbLine
 10
63750.0
 20
63750.0
 30
276000.0
 11
63750.0
 21
63750.0
 31
296700.0
  0
LINE
  5
274
330
17
100
AcDbEntity
  8
COLUMNS
100
AcDbLine
 10
-63750.0
 20
63750.0
 30
276000.0
 11
-63750.0
 21
63750.0
 31
296700.0
  0
LINE
  5
275
330
17
100
AcDbEntity
  8
COLUMNS
100
AcDbLine
 10
-63750.0
 20
-63750.0
 30
276000.0
 11
-63750.0
 21
-63750.0
 31
296700.0
  0
LINE
  5
276
330
17
100
AcDbEntity
  8
COLUMNS
100
AcDbLine
 10
63750.0
 20
-63750.0
 30
276000.0
 11
63750.0
 21
-63750.0
 31
296700.0
  0
LINE
  5
277
330
17
100
AcDbEntity
  8
COLUMNS
100
AcDbLine
 10
63750.0
 20
0.0
 30
276000.0
 11
63750.0
 21
0.0
 31
296700.0
  0
LINE
  5
278
330
17
100
AcDbEntity
  8
COLUMNS
100
AcDbLine
 10
-63750.0
 20
0.0
 30
276000.0
 11
-63750.0
 21
0.0
 31
296700.0
  0
LINE
  5
279
330
17
100
AcDbEntity
  8
COLUMNS
100
AcDbLine
 10
0.0
 20
63750.0
 30
276000.0
 11
0.0
 21
63750.0
 31
296700.0
  0
LINE
  5
27A
330
17
100
AcDbEntity
  8
COLUMNS
100
AcDbLine
 10
0.0
 20
-63750.0
 30
276000.0
 11
0.0
 21
-63750.0
 31
296700.0
  0
LINE
  5
27B
330
17
100
AcDbEntity
  8
COLUMNS
100
AcDbLine
 10
63750.0
 20
63750.0
 30
296700.0
 11
63750.0
 21
63750.0
 31
317400.0
  0
LINE
  5
27C
330
17
100
AcDbEntity
  8
COLUMNS
100
AcDbLine
 10
-63750.0
 20
63750.0
 30
296700.0
 11
-63750.0
 21
63750.0
 31
317400.0
  0
LINE
  5
27D
330
17
100
AcDbEntity
  8
COLUMNS
100
AcDbLine
 10
-63750.0
 20
-63750.0
 30
296700.0
 11
-63750.0
 21
-63750.0
 31
317400.0
  0
LINE
  5
27E
330
17
100
AcDbEntity
  8
COLUMNS
100
AcDbLine
 10
63750.0
 20
-63750.0
 30
296700.0
 11
63750.0
 21
-63750.0
 31
317400.0
  0
LINE
  5
27F
330
17
100
AcDbEntity
  8
COLUMNS
100
AcDbLine
 10
63750.0
 20
0.0
 30
296700.0
 11
63750.0
 21
0.0
 31
317400.0
  0
LINE
  5
280
330
17
100
AcDbEntity
  8
COLUMNS
100
AcDbLine
 10
-63750.0
 20
0.0
 30
296700.0
 11
-63750.0
 21
0.0
 31
317400.0
  0
LINE
  5
281
330
17
100
AcDbEntity
  8
COLUMNS
100
AcDbLine
 10
0.0
 20
63750.0
 30
296700.0
 11
0.0
 21
63750.0
 31
317400.0
  0
LINE
  5
282
330
17
100
AcDbEntity
  8
COLUMNS
100
AcDbLine
 10
0.0
 20
-63750.0
 30
296700.0
 11
0.0
 21
-63750.0
 31
317400.0
  0
LINE
  5
283
330
17
100
AcDbEntity
  8
COLUMNS
100
AcDbLine
 10
63750.0
 20
63750.0
 30
317400.0
 11
63750.0
 21
63750.0
 31
338100.0
  0
LINE
  5
284
330
17
100
AcDbEntity
  8
COLUMNS
100
AcDbLine
 10
-63750.0
 20
63750.0
 30
317400.0
 11
-63750.0
 21
63750.0
 31
338100.0
  0
LINE
  5
285
330
17
100
AcDbEntity
  8
COLUMNS
100
AcDbLine
 10
-63750.0
 20
-63750.0
 30
317400.0
 11
-63750.0
 21
-63750.0
 31
338100.0
  0
LINE
  5
286
330
17
100
AcDbEntity
  8
COLUMNS
100
AcDbLine
 10
63750.0
 20
-63750.0
 30
317400.0
 11
63750.0
 21
-63750.0
 31
338100.0
  0
LINE
  5
287
330
17
100
AcDbEntity
  8
COLUMNS
100
AcDbLine
 10
63750.0
 20
0.0
 30
317400.0
 11
63750.0
 21
0.0
 31
338100.0
  0
LINE
  5
288
330
17
100
AcDbEntity
  8
COLUMNS
100
AcDbLine
 10
-63750.0
 20
0.0
 30
317400.0
 11
-63750.0
 21
0.0
 31
338100.0
  0
LINE
  5
289
330
17
100
AcDbEntity
  8
COLUMNS
100
AcDbLine
 10
0.0
 20
63750.0
 30
317400.0
 11
0.0
 21
63750.0
 31
338100.0
  0
LINE
  5
28A
330
17
100
AcDbEntity
  8
COLUMNS
100
AcDbLine
 10
0.0
 20
-63750.0
 30
317400.0
 11
0.0
 21
-63750.0
 31
338100.0
  0
LINE
  5
28B
330
17
100
AcDbEntity
  8
COLUMNS
100
AcDbLine
 10
52500.0
 20
52500.0
 30
345000.0
 11
52500.0
 21
52500.0
 31
365700.0
  0
LINE
  5
28C
330
17
100
AcDbEntity
  8
COLUMNS
100
AcDbLine
 10
-52500.0
 20
52500.0
 30
345000.0
 11
-52500.0
 21
52500.0
 31
365700.0
  0
LINE
  5
28D
330
17
100
AcDbEntity
  8
COLUMNS
100
AcDbLine
 10
-52500.0
 20
-52500.0
 30
345000.0
 11
-52500.0
 21
-52500.0
 31
365700.0
  0
LINE
  5
28E
330
17
100
AcDbEntity
  8
COLUMNS
100
AcDbLine
 10
52500.0
 20
-52500.0
 30
345000.0
 11
52500.0
 21
-52500.0
 31
365700.0
  0
LINE
  5
28F
330
17
100
AcDbEntity
  8
COLUMNS
100
AcDbLine
 10
52500.0
 20
0.0
 30
345000.0
 11
52500.0
 21
0.0
 31
365700.0
  0
LINE
  5
290
330
17
100
AcDbEntity
  8
COLUMNS
100
AcDbLine
 10
-52500.0
 20
0.0
 30
345000.0
 11
-52500.0
 21
0.0
 31
365700.0
  0
LINE
  5
291
330
17
100
AcDbEntity
  8
COLUMNS
100
AcDbLine
 10
0.0
 20
52500.0
 30
345000.0
 11
0.0
 21
52500.0
 31
365700.0
  0
LINE
  5
292
330
17
100
AcDbEntity
  8
COLUMNS
100
AcDbLine
 10
0.0
 20
-52500.0
 30
345000.0
 11
0.0
 21
-52500.0
 31
365700.0
  0
LINE
  5
293
330
17
100
AcDbEntity
  8
COLUMNS
100
AcDbLine
 10
52500.0
 20
52500.0
 30
365700.0
 11
52500.0
 21
52500.0
 31
386400.0
  0
LINE
  5
294
330
17
100
AcDbEntity
  8
COLUMNS
100
AcDbLine
 10
-52500.0
 20
52500.0
 30
365700.0
 11
-52500.0
 21
52500.0
 31
386400.0
  0
LINE
  5
295
330
17
100
AcDbEntity
  8
COLUMNS
100
AcDbLine
 10
-52500.0
 20
-52500.0
 30
365700.0
 11
-52500.0
 21
-52500.0
 31
386400.0
  0
LINE
  5
296
330
17
100
AcDbEntity
  8
COLUMNS
100
AcDbLine
 10
52500.0
 20
-52500.0
 30
365700.0
 11
52500.0
 21
-52500.0
 31
386400.0
  0
LINE
  5
297
330
17
100
AcDbEntity
  8
COLUMNS
100
AcDbLine
 10
52500.0
 20
0.0
 30
365700.0
 11
52500.0
 21
0.0
 31
386400.0
  0
LINE
  5
298
330
17
100
AcDbEntity
  8
COLUMNS
100
AcDbLine
 10
-52500.0
 20
0.0
 30
365700.0
 11
-52500.0
 21
0.0
 31
386400.0
  0
LINE
  5
299
330
17
100
AcDbEntity
  8
COLUMNS
100
AcDbLine
 10
0.0
 20
52500.0
 30
365700.0
 11
0.0
 21
52500.0
 31
386400.0
  0
LINE
  5
29A
330
17
100
AcDbEntity
  8
COLUMNS
100
AcDbLine
 10
0.0
 20
-52500.0
 30
365700.0
 11
0.0
 21
-52500.0
 31
386400.0
  0
LINE
  5
29B
330
17
100
AcDbEntity
  8
COLUMNS
100
AcDbLine
 10
52500.0
 20
52500.0
 30
386400.0
 11
52500.0
 21
52500.0
 31
407100.0
  0
LINE
  5
29C
330
17
100
AcDbEntity
  8
COLUMNS
100
AcDbLine
 10
-52500.0
 20
52500.0
 30
386400.0
 11
-52500.0
 21
52500.0
 31
407100.0
  0
LINE
  5
29D
330
17
100
AcDbEntity
  8
COLUMNS
100
AcDbLine
 10
-52500.0
 20
-52500.0
 30
386400.0
 11
-52500.0
 21
-52500.0
 31
407100.0
  0
LINE
  5
29E
330
17
100
AcDbEntity
  8
COLUMNS
100
AcDbLine
 10
52500.0
 20
-52500.0
 30
386400.0
 11
52500.0
 21
-52500.0
 31
407100.0
  0
LINE
  5
29F
330
17
100
AcDbEntity
  8
COLUMNS
100
AcDbLine
 10
52500.0
 20
0.0
 30
386400.0
 11
52500.0
 21
0.0
 31
407100.0
  0
LINE
  5
2A0
330
17
100
AcDbEntity
  8
COLUMNS
100
AcDbLine
 10
-52500.0
 20
0.0
 30
386400.0
 11
-52500.0
 21
0.0
 31
407100.0
  0
LINE
  5
2A1
330
17
100
AcDbEntity
  8
COLUMNS
100
AcDbLine
 10
0.0
 20
52500.0
 30
386400.0
 11
0.0
 21
52500.0
 31
407100.0
  0
LINE
  5
2A2
330
17
100
AcDbEntity
  8
COLUMNS
100
AcDbLine
 10
0.0
 20
-52500.0
 30
386400.0
 11
0.0
 21
-52500.0
 31
407100.0
  0
LINE
  5
2A3
330
17
100
AcDbEntity
  8
COLUMNS
100
AcDbLine
 10
52500.0
 20
52500.0
 30
407100.0
 11
52500.0
 21
52500.0
 31
427800.0
  0
LINE
  5
2A4
330
17
100
AcDbEntity
  8
COLUMNS
100
AcDbLine
 10
-52500.0
 20
52500.0
 30
407100.0
 11
-52500.0
 21
52500.0
 31
427800.0
  0
LINE
  5
2A5
330
17
100
AcDbEntity
  8
COLUMNS
100
AcDbLine
 10
-52500.0
 20
-52500.0
 30
407100.0
 11
-52500.0
 21
-52500.0
 31
427800.0
  0
LINE
  5
2A6
330
17
100
AcDbEntity
  8
COLUMNS
100
AcDbLine
 10
52500.0
 20
-52500.0
 30
407100.0
 11
52500.0
 21
-52500.0
 31
427800.0
  0
LINE
  5
2A7
330
17
100
AcDbEntity
  8
COLUMNS
100
AcDbLine
 10
52500.0
 20
0.0
 30
407100.0
 11
52500.0
 21
0.0
 31
427800.0
  0
LINE
  5
2A8
330
17
100
AcDbEntity
  8
COLUMNS
100
AcDbLine
 10
-52500.0
 20
0.0
 30
407100.0
 11
-52500.0
 21
0.0
 31
427800.0
  0
LINE
  5
2A9
330
17
100
AcDbEntity
  8
COLUMNS
100
AcDbLine
 10
0.0
 20
52500.0
 30
407100.0
 11
0.0
 21
52500.0
 31
427800.0
  0
LINE
  5
2AA
330
17
100
AcDbEntity
  8
COLUMNS
100
AcDbLine
 10
0.0
 20
-52500.0
 30
407100.0
 11
0.0
 21
-52500.0
 31
427800.0
  0
LINE
  5
2AB
330
17
100
AcDbEntity
  8
COLUMNS
100
AcDbLine
 10
52500.0
 20
52500.0
 30
427800.0
 11
52500.0
 21
52500.0
 31
448500.0
  0
LINE
  5
2AC
330
17
100
AcDbEntity
  8
COLUMNS
100
AcDbLine
 10
-52500.0
 20
52500.0
 30
427800.0
 11
-52500.0
 21
52500.0
 31
448500.0
  0
LINE
  5
2AD
330
17
100
AcDbEntity
  8
COLUMNS
100
AcDbLine
 10
-52500.0
 20
-52500.0
 30
427800.0
 11
-52500.0
 21
-52500.0
 31
448500.0
  0
LINE
  5
2AE
330
17
100
AcDbEntity
  8
COLUMNS
100
AcDbLine
 10
52500.0
 20
-52500.0
 30
427800.0
 11
52500.0
 21
-52500.0
 31
448500.0
  0
LINE
  5
2AF
330
17
100
AcDbEntity
  8
COLUMNS
100
AcDbLine
 10
52500.0
 20
0.0
 30
427800.0
 11
52500.0
 21
0.0
 31
448500.0
  0
LINE
  5
2B0
330
17
100
AcDbEntity
  8
COLUMNS
100
AcDbLine
 10
-52500.0
 20
0.0
 30
427800.0
 11
-52500.0
 21
0.0
 31
448500.0
  0
LINE
  5
2B1
330
17
100
AcDbEntity
  8
COLUMNS
100
AcDbLine
 10
0.0
 20
52500.0
 30
427800.0
 11
0.0
 21
52500.0
 31
448500.0
  0
LINE
  5
2B2
330
17
100
AcDbEntity
  8
COLUMNS
100
AcDbLine
 10
0.0
 20
-52500.0
 30
427800.0
 11
0.0
 21
-52500.0
 31
448500.0
  0
LINE
  5
2B3
330
17
100
AcDbEntity
  8
COLUMNS
100
AcDbLine
 10
52500.0
 20
52500.0
 30
448500.0
 11
52500.0
 21
52500.0
 31
469200.0
  0
LINE
  5
2B4
330
17
100
AcDbEntity
  8
COLUMNS
100
AcDbLine
 10
-52500.0
 20
52500.0
 30
448500.0
 11
-52500.0
 21
52500.0
 31
469200.0
  0
LINE
  5
2B5
330
17
100
AcDbEntity
  8
COLUMNS
100
AcDbLine
 10
-52500.0
 20
-52500.0
 30
448500.0
 11
-52500.0
 21
-52500.0
 31
469200.0
  0
LINE
  5
2B6
330
17
100
AcDbEntity
  8
COLUMNS
100
AcDbLine
 10
52500.0
 20
-52500.0
 30
448500.0
 11
52500.0
 21
-52500.0
 31
469200.0
  0
LINE
  5
2B7
330
17
100
AcDbEntity
  8
COLUMNS
100
AcDbLine
 10
52500.0
 20
0.0
 30
448500.0
 11
52500.0
 21
0.0
 31
469200.0
  0
LINE
  5
2B8
330
17
100
AcDbEntity
  8
COLUMNS
100
AcDbLine
 10
-52500.0
 20
0.0
 30
448500.0
 11
-52500.0
 21
0.0
 31
469200.0
  0
LINE
  5
2B9
330
17
100
AcDbEntity
  8
COLUMNS
100
AcDbLine
 10
0.0
 20
52500.0
 30
448500.0
 11
0.0
 21
52500.0
 31
469200.0
  0
LINE
  5
2BA
330
17
100
AcDbEntity
  8
COLUMNS
100
AcDbLine
 10
0.0
 20
-52500.0
 30
448500.0
 11
0.0
 21
-52500.0
 31
469200.0
  0
LINE
  5
2BB
330
17
100
AcDbEntity
  8
COLUMNS
100
AcDbLine
 10
52500.0
 20
52500.0
 30
469200.0
 11
52500.0
 21
52500.0
 31
489900.0
  0
LINE
  5
2BC
330
17
100
AcDbEntity
  8
COLUMNS
100
AcDbLine
 10
-52500.0
 20
52500.0
 30
469200.0
 11
-52500.0
 21
52500.0
 31
489900.0
  0
LINE
  5
2BD
330
17
100
AcDbEntity
  8
COLUMNS
100
AcDbLine
 10
-52500.0
 20
-52500.0
 30
469200.0
 11
-52500.0
 21
-52500.0
 31
489900.0
  0
LINE
  5
2BE
330
17
100
AcDbEntity
  8
COLUMNS
100
AcDbLine
 10
52500.0
 20
-52500.0
 30
469200.0
 11
52500.0
 21
-52500.0
 31
489900.0
  0
LINE
  5
2BF
330
17
100
AcDbEntity
  8
COLUMNS
100
AcDbLine
 10
52500.0
 20
0.0
 30
469200.0
 11
52500.0
 21
0.0
 31
489900.0
  0
LINE
  5
2C0
330
17
100
AcDbEntity
  8
COLUMNS
100
AcDbLine
 10
-52500.0
 20
0.0
 30
469200.0
 11
-52500.0
 21
0.0
 31
489900.0
  0
LINE
  5
2C1
330
17
100
AcDbEntity
  8
COLUMNS
100
AcDbLine
 10
0.0
 20
52500.0
 30
469200.0
 11
0.0
 21
52500.0
 31
489900.0
  0
LINE
  5
2C2
330
17
100
AcDbEntity
  8
COLUMNS
100
AcDbLine
 10
0.0
 20
-52500.0
 30
469200.0
 11
0.0
 21
-52500.0
 31
489900.0
  0
LINE
  5
2C3
330
17
100
AcDbEntity
  8
COLUMNS
100
AcDbLine
 10
52500.0
 20
52500.0
 30
489900.0
 11
52500.0
 21
52500.0
 31
510600.0
  0
LINE
  5
2C4
330
17
100
AcDbEntity
  8
COLUMNS
100
AcDbLine
 10
-52500.0
 20
52500.0
 30
489900.0
 11
-52500.0
 21
52500.0
 31
510600.0
  0
LINE
  5
2C5
330
17
100
AcDbEntity
  8
COLUMNS
100
AcDbLine
 10
-52500.0
 20
-52500.0
 30
489900.0
 11
-52500.0
 21
-52500.0
 31
510600.0
  0
LINE
  5
2C6
330
17
100
AcDbEntity
  8
COLUMNS
100
AcDbLine
 10
52500.0
 20
-52500.0
 30
489900.0
 11
52500.0
 21
-52500.0
 31
510600.0
  0
LINE
  5
2C7
330
17
100
AcDbEntity
  8
COLUMNS
100
AcDbLine
 10
52500.0
 20
0.0
 30
489900.0
 11
52500.0
 21
0.0
 31
510600.0
  0
LINE
  5
2C8
330
17
100
AcDbEntity
  8
COLUMNS
100
AcDbLine
 10
-52500.0
 20
0.0
 30
489900.0
 11
-52500.0
 21
0.0
 31
510600.0
  0
LINE
  5
2C9
330
17
100
AcDbEntity
  8
COLUMNS
100
AcDbLine
 10
0.0
 20
52500.0
 30
489900.0
 11
0.0
 21
52500.0
 31
510600.0
  0
LINE
  5
2CA
330
17
100
AcDbEntity
  8
COLUMNS
100
AcDbLine
 10
0.0
 20
-52500.0
 30
489900.0
 11
0.0
 21
-52500.0
 31
510600.0
  0
LINE
  5
2CB
330
17
100
AcDbEntity
  8
COLUMNS
100
AcDbLine
 10
41250.0
 20
41250.0
 30
517500.0
 11
41250.0
 21
41250.0
 31
538200.0
  0
LINE
  5
2CC
330
17
100
AcDbEntity
  8
COLUMNS
100
AcDbLine
 10
-41250.0
 20
41250.0
 30
517500.0
 11
-41250.0
 21
41250.0
 31
538200.0
  0
LINE
  5
2CD
330
17
100
AcDbEntity
  8
COLUMNS
100
AcDbLine
 10
-41250.0
 20
-41250.0
 30
517500.0
 11
-41250.0
 21
-41250.0
 31
538200.0
  0
LINE
  5
2CE
330
17
100
AcDbEntity
  8
COLUMNS
100
AcDbLine
 10
41250.0
 20
-41250.0
 30
517500.0
 11
41250.0
 21
-41250.0
 31
538200.0
  0
LINE
  5
2CF
330
17
100
AcDbEntity
  8
COLUMNS
100
AcDbLine
 10
41250.0
 20
0.0
 30
517500.0
 11
41250.0
 21
0.0
 31
538200.0
  0
LINE
  5
2D0
330
17
100
AcDbEntity
  8
COLUMNS
100
AcDbLine
 10
-41250.0
 20
0.0
 30
517500.0
 11
-41250.0
 21
0.0
 31
538200.0
  0
LINE
  5
2D1
330
17
100
AcDbEntity
  8
COLUMNS
100
AcDbLine
 10
0.0
 20
41250.0
 30
517500.0
 11
0.0
 21
41250.0
 31
538200.0
  0
LINE
  5
2D2
330
17
100
AcDbEntity
  8
COLUMNS
100
AcDbLine
 10
0.0
 20
-41250.0
 30
517500.0
 11
0.0
 21
-41250.0
 31
538200.0
  0
LINE
  5
2D3
330
17
100
AcDbEntity
  8
COLUMNS
100
AcDbLine
 10
41250.0
 20
41250.0
 30
538200.0
 11
41250.0
 21
41250.0
 31
558900.0
  0
LINE
  5
2D4
330
17
100
AcDbEntity
  8
COLUMNS
100
AcDbLine
 10
-41250.0
 20
41250.0
 30
538200.0
 11
-41250.0
 21
41250.0
 31
558900.0
  0
LINE
  5
2D5
330
17
100
AcDbEntity
  8
COLUMNS
100
AcDbLine
 10
-41250.0
 20
-41250.0
 30
538200.0
 11
-41250.0
 21
-41250.0
 31
558900.0
  0
LINE
  5
2D6
330
17
100
AcDbEntity
  8
COLUMNS
100
AcDbLine
 10
41250.0
 20
-41250.0
 30
538200.0
 11
41250.0
 21
-41250.0
 31
558900.0
  0
LINE
  5
2D7
330
17
100
AcDbEntity
  8
COLUMNS
100
AcDbLine
 10
41250.0
 20
0.0
 30
538200.0
 11
41250.0
 21
0.0
 31
558900.0
  0
LINE
  5
2D8
330
17
100
AcDbEntity
  8
COLUMNS
100
AcDbLine
 10
-41250.0
 20
0.0
 30
538200.0
 11
-41250.0
 21
0.0
 31
558900.0
  0
LINE
  5
2D9
330
17
100
AcDbEntity
  8
COLUMNS
100
AcDbLine
 10
0.0
 20
41250.0
 30
538200.0
 11
0.0
 21
41250.0
 31
558900.0
  0
LINE
  5
2DA
330
17
100
AcDbEntity
  8
COLUMNS
100
AcDbLine
 10
0.0
 20
-41250.0
 30
538200.0
 11
0.0
 21
-41250.0
 31
558900.0
  0
LINE
  5
2DB
330
17
100
AcDbEntity
  8
COLUMNS
100
AcDbLine
 10
41250.0
 20
41250.0
 30
558900.0
 11
41250.0
 21
41250.0
 31
579600.0
  0
LINE
  5
2DC
330
17
100
AcDbEntity
  8
COLUMNS
100
AcDbLine
 10
-41250.0
 20
41250.0
 30
558900.0
 11
-41250.0
 21
41250.0
 31
579600.0
  0
LINE
  5
2DD
330
17
100
AcDbEntity
  8
COLUMNS
100
AcDbLine
 10
-41250.0
 20
-41250.0
 30
558900.0
 11
-41250.0
 21
-41250.0
 31
579600.0
  0
LINE
  5
2DE
330
17
100
AcDbEntity
  8
COLUMNS
100
AcDbLine
 10
41250.0
 20
-41250.0
 30
558900.0
 11
41250.0
 21
-41250.0
 31
579600.0
  0
LINE
  5
2DF
330
17
100
AcDbEntity
  8
COLUMNS
100
AcDbLine
 10
41250.0
 20
0.0
 30
558900.0
 11
41250.0
 21
0.0
 31
579600.0
  0
LINE
  5
2E0
330
17
100
AcDbEntity
  8
COLUMNS
100
AcDbLine
 10
-41250.0
 20
0.0
 30
558900.0
 11
-41250.0
 21
0.0
 31
579600.0
  0
LINE
  5
2E1
330
17
100
AcDbEntity
  8
COLUMNS
100
AcDbLine
 10
0.0
 20
41250.0
 30
558900.0
 11
0.0
 21
41250.0
 31
579600.0
  0
LINE
  5
2E2
330
17
100
AcDbEntity
  8
COLUMNS
100
AcDbLine
 10
0.0
 20
-41250.0
 30
558900.0
 11
0.0
 21
-41250.0
 31
579600.0
  0
LINE
  5
2E3
330
17
100
AcDbEntity
  8
COLUMNS
100
AcDbLine
 10
41250.0
 20
41250.0
 30
579600.0
 11
41250.0
 21
41250.0
 31
600300.0
  0
LINE
  5
2E4
330
17
100
AcDbEntity
  8
COLUMNS
100
AcDbLine
 10
-41250.0
 20
41250.0
 30
579600.0
 11
-41250.0
 21
41250.0
 31
600300.0
  0
LINE
  5
2E5
330
17
100
AcDbEntity
  8
COLUMNS
100
AcDbLine
 10
-41250.0
 20
-41250.0
 30
579600.0
 11
-41250.0
 21
-41250.0
 31
600300.0
  0
LINE
  5
2E6
330
17
100
AcDbEntity
  8
COLUMNS
100
AcDbLine
 10
41250.0
 20
-41250.0
 30
579600.0
 11
41250.0
 21
-41250.0
 31
600300.0
  0
LINE
  5
2E7
330
17
100
AcDbEntity
  8
COLUMNS
100
AcDbLine
 10
41250.0
 20
0.0
 30
579600.0
 11
41250.0
 21
0.0
 31
600300.0
  0
LINE
  5
2E8
330
17
100
AcDbEntity
  8
COLUMNS
100
AcDbLine
 10
-41250.0
 20
0.0
 30
579600.0
 11
-41250.0
 21
0.0
 31
600300.0
  0
LINE
  5
2E9
330
17
100
AcDbEntity
  8
COLUMNS
100
AcDbLine
 10
0.0
 20
41250.0
 30
579600.0
 11
0.0
 21
41250.0
 31
600300.0
  0
LINE
  5
2EA
330
17
100
AcDbEntity
  8
COLUMNS
100
AcDbLine
 10
0.0
 20
-41250.0
 30
579600.0
 11
0.0
 21
-41250.0
 31
600300.0
  0
LINE
  5
2EB
330
17
100
AcDbEntity
  8
COLUMNS
100
AcDbLine
 10
41250.0
 20
41250.0
 30
600300.0
 11
41250.0
 21
41250.0
 31
621000.0
  0
LINE
  5
2EC
330
17
100
AcDbEntity
  8
COLUMNS
100
AcDbLine
 10
-41250.0
 20
41250.0
 30
600300.0
 11
-41250.0
 21
41250.0
 31
621000.0
  0
LINE
  5
2ED
330
17
100
AcDbEntity
  8
COLUMNS
100
AcDbLine
 10
-41250.0
 20
-41250.0
 30
600300.0
 11
-41250.0
 21
-41250.0
 31
621000.0
  0
LINE
  5
2EE
330
17
100
AcDbEntity
  8
COLUMNS
100
AcDbLine
 10
41250.0
 20
-41250.0
 30
600300.0
 11
41250.0
 21
-41250.0
 31
621000.0
  0
LINE
  5
2EF
330
17
100
AcDbEntity
  8
COLUMNS
100
AcDbLine
 10
41250.0
 20
0.0
 30
600300.0
 11
41250.0
 21
0.0
 31
621000.0
  0
LINE
  5
2F0
330
17
100
AcDbEntity
  8
COLUMNS
100
AcDbLine
 10
-41250.0
 20
0.0
 30
600300.0
 11
-41250.0
 21
0.0
 31
621000.0
  0
LINE
  5
2F1
330
17
100
AcDbEntity
  8
COLUMNS
100
AcDbLine
 10
0.0
 20
41250.0
 30
600300.0
 11
0.0
 21
41250.0
 31
621000.0
  0
LINE
  5
2F2
330
17
100
AcDbEntity
  8
COLUMNS
100
AcDbLine
 10
0.0
 20
-41250.0
 30
600300.0
 11
0.0
 21
-41250.0
 31
621000.0
  0
LINE
  5
2F3
330
17
100
AcDbEntity
  8
COLUMNS
100
AcDbLine
 10
41250.0
 20
41250.0
 30
621000.0
 11
41250.0
 21
41250.0
 31
641700.0
  0
LINE
  5
2F4
330
17
100
AcDbEntity
  8
COLUMNS
100
AcDbLine
 10
-41250.0
 20
41250.0
 30
621000.0
 11
-41250.0
 21
41250.0
 31
641700.0
  0
LINE
  5
2F5
330
17
100
AcDbEntity
  8
COLUMNS
100
AcDbLine
 10
-41250.0
 20
-41250.0
 30
621000.0
 11
-41250.0
 21
-41250.0
 31
641700.0
  0
LINE
  5
2F6
330
17
100
AcDbEntity
  8
COLUMNS
100
AcDbLine
 10
41250.0
 20
-41250.0
 30
621000.0
 11
41250.0
 21
-41250.0
 31
641700.0
  0
LINE
  5
2F7
330
17
100
AcDbEntity
  8
COLUMNS
100
AcDbLine
 10
41250.0
 20
0.0
 30
621000.0
 11
41250.0
 21
0.0
 31
641700.0
  0
LINE
  5
2F8
330
17
100
AcDbEntity
  8
COLUMNS
100
AcDbLine
 10
-41250.0
 20
0.0
 30
621000.0
 11
-41250.0
 21
0.0
 31
641700.0
  0
LINE
  5
2F9
330
17
100
AcDbEntity
  8
COLUMNS
100
AcDbLine
 10
0.0
 20
41250.0
 30
621000.0
 11
0.0
 21
41250.0
 31
641700.0
  0
LINE
  5
2FA
330
17
100
AcDbEntity
  8
COLUMNS
100
AcDbLine
 10
0.0
 20
-41250.0
 30
621000.0
 11
0.0
 21
-41250.0
 31
641700.0
  0
LINE
  5
2FB
330
17
100
AcDbEntity
  8
COLUMNS
100
AcDbLine
 10
41250.0
 20
41250.0
 30
641700.0
 11
41250.0
 21
41250.0
 31
662400.0
  0
LINE
  5
2FC
330
17
100
AcDbEntity
  8
COLUMNS
100
AcDbLine
 10
-41250.0
 20
41250.0
 30
641700.0
 11
-41250.0
 21
41250.0
 31
662400.0
  0
LINE
  5
2FD
330
17
100
AcDbEntity
  8
COLUMNS
100
AcDbLine
 10
-41250.0
 20
-41250.0
 30
641700.0
 11
-41250.0
 21
-41250.0
 31
662400.0
  0
LINE
  5
2FE
330
17
100
AcDbEntity
  8
COLUMNS
100
AcDbLine
 10
41250.0
 20
-41250.0
 30
641700.0
 11
41250.0
 21
-41250.0
 31
662400.0
  0
LINE
  5
2FF
330
17
100
AcDbEntity
  8
COLUMNS
100
AcDbLine
 10
41250.0
 20
0.0
 30
641700.0
 11
41250.0
 21
0.0
 31
662400.0
  0
LINE
  5
300
330
17
100
AcDbEntity
  8
COLUMNS
100
AcDbLine
 10
-41250.0
 20
0.0
 30
641700.0
 11
-41250.0
 21
0.0
 31
662400.0
  0
LINE
  5
301
330
17
100
AcDbEntity
  8
COLUMNS
100
AcDbLine
 10
0.0
 20
41250.0
 30
641700.0
 11
0.0
 21
41250.0
 31
662400.0
  0
LINE
  5
302
330
17
100
AcDbEntity
  8
COLUMNS
100
AcDbLine
 10
0.0
 20
-41250.0
 30
641700.0
 11
0.0
 21
-41250.0
 31
662400.0
  0
LINE
  5
303
330
17
100
AcDbEntity
  8
COLUMNS
100
AcDbLine
 10
41250.0
 20
41250.0
 30
662400.0
 11
41250.0
 21
41250.0
 31
683100.0
  0
LINE
  5
304
330
17
100
AcDbEntity
  8
COLUMNS
100
AcDbLine
 10
-41250.0
 20
41250.0
 30
662400.0
 11
-41250.0
 21
41250.0
 31
683100.0
  0
LINE
  5
305
330
17
100
AcDbEntity
  8
COLUMNS
100
AcDbLine
 10
-41250.0
 20
-41250.0
 30
662400.0
 11
-41250.0
 21
-41250.0
 31
683100.0
  0
LINE
  5
306
330
17
100
AcDbEntity
  8
COLUMNS
100
AcDbLine
 10
41250.0
 20
-41250.0
 30
662400.0
 11
41250.0
 21
-41250.0
 31
683100.0
  0
LINE
  5
307
330
17
100
AcDbEntity
  8
COLUMNS
100
AcDbLine
 10
41250.0
 20
0.0
 30
662400.0
 11
41250.0
 21
0.0
 31
683100.0
  0
LINE
  5
308
330
17
100
AcDbEntity
  8
COLUMNS
100
AcDbLine
 10
-41250.0
 20
0.0
 30
662400.0
 11
-41250.0
 21
0.0
 31
683100.0
  0
LINE
  5
309
330
17
100
AcDbEntity
  8
COLUMNS
100
AcDbLine
 10
0.0
 20
41250.0
 30
662400.0
 11
0.0
 21
41250.0
 31
683100.0
  0
LINE
  5
30A
330
17
100
AcDbEntity
  8
COLUMNS
100
AcDbLine
 10
0.0
 20
-41250.0
 30
662400.0
 11
0.0
 21
-41250.0
 31
683100.0
  0
LINE
  5
30B
330
17
100
AcDbEntity
  8
COLUMNS
100
AcDbLine
 10
30000.0
 20
30000.0
 30
690000.0
 11
30000.0
 21
30000.0
 31
710700.0
  0
LINE
  5
30C
330
17
100
AcDbEntity
  8
COLUMNS
100
AcDbLine
 10
-30000.0
 20
30000.0
 30
690000.0
 11
-30000.0
 21
30000.0
 31
710700.0
  0
LINE
  5
30D
330
17
100
AcDbEntity
  8
COLUMNS
100
AcDbLine
 10
-30000.0
 20
-30000.0
 30
690000.0
 11
-30000.0
 21
-30000.0
 31
710700.0
  0
LINE
  5
30E
330
17
100
AcDbEntity
  8
COLUMNS
100
AcDbLine
 10
30000.0
 20
-30000.0
 30
690000.0
 11
30000.0
 21
-30000.0
 31
710700.0
  0
LINE
  5
30F
330
17
100
AcDbEntity
  8
COLUMNS
100
AcDbLine
 10
30000.0
 20
0.0
 30
690000.0
 11
30000.0
 21
0.0
 31
710700.0
  0
LINE
  5
310
330
17
100
AcDbEntity
  8
COLUMNS
100
AcDbLine
 10
-30000.0
 20
0.0
 30
690000.0
 11
-30000.0
 21
0.0
 31
710700.0
  0
LINE
  5
311
330
17
100
AcDbEntity
  8
COLUMNS
100
AcDbLine
 10
0.0
 20
30000.0
 30
690000.0
 11
0.0
 21
30000.0
 31
710700.0
  0
LINE
  5
312
330
17
100
AcDbEntity
  8
COLUMNS
100
AcDbLine
 10
0.0
 20
-30000.0
 30
690000.0
 11
0.0
 21
-30000.0
 31
710700.0
  0
LINE
  5
313
330
17
100
AcDbEntity
  8
COLUMNS
100
AcDbLine
 10
30000.0
 20
30000.0
 30
710700.0
 11
30000.0
 21
30000.0
 31
731400.0
  0
LINE
  5
314
330
17
100
AcDbEntity
  8
COLUMNS
100
AcDbLine
 10
-30000.0
 20
30000.0
 30
710700.0
 11
-30000.0
 21
30000.0
 31
731400.0
  0
LINE
  5
315
330
17
100
AcDbEntity
  8
COLUMNS
100
AcDbLine
 10
-30000.0
 20
-30000.0
 30
710700.0
 11
-30000.0
 21
-30000.0
 31
731400.0
  0
LINE
  5
316
330
17
100
AcDbEntity
  8
COLUMNS
100
AcDbLine
 10
30000.0
 20
-30000.0
 30
710700.0
 11
30000.0
 21
-30000.0
 31
731400.0
  0
LINE
  5
317
330
17
100
AcDbEntity
  8
COLUMNS
100
AcDbLine
 10
30000.0
 20
0.0
 30
710700.0
 11
30000.0
 21
0.0
 31
731400.0
  0
LINE
  5
318
330
17
100
AcDbEntity
  8
COLUMNS
100
AcDbLine
 10
-30000.0
 20
0.0
 30
710700.0
 11
-30000.0
 21
0.0
 31
731400.0
  0
LINE
  5
319
330
17
100
AcDbEntity
  8
COLUMNS
100
AcDbLine
 10
0.0
 20
30000.0
 30
710700.0
 11
0.0
 21
30000.0
 31
731400.0
  0
LINE
  5
31A
330
17
100
AcDbEntity
  8
COLUMNS
100
AcDbLine
 10
0.0
 20
-30000.0
 30
710700.0
 11
0.0
 21
-30000.0
 31
731400.0
  0
LINE
  5
31B
330
17
100
AcDbEntity
  8
COLUMNS
100
AcDbLine
 10
30000.0
 20
30000.0
 30
731400.0
 11
30000.0
 21
30000.0
 31
752100.0
  0
LINE
  5
31C
330
17
100
AcDbEntity
  8
COLUMNS
100
AcDbLine
 10
-30000.0
 20
30000.0
 30
731400.0
 11
-30000.0
 21
30000.0
 31
752100.0
  0
LINE
  5
31D
330
17
100
AcDbEntity
  8
COLUMNS
100
AcDbLine
 10
-30000.0
 20
-30000.0
 30
731400.0
 11
-30000.0
 21
-30000.0
 31
752100.0
  0
LINE
  5
31E
330
17
100
AcDbEntity
  8
COLUMNS
100
AcDbLine
 10
30000.0
 20
-30000.0
 30
731400.0
 11
30000.0
 21
-30000.0
 31
752100.0
  0
LINE
  5
31F
330
17
100
AcDbEntity
  8
COLUMNS
100
AcDbLine
 10
30000.0
 20
0.0
 30
731400.0
 11
30000.0
 21
0.0
 31
752100.0
  0
LINE
  5
320
330
17
100
AcDbEntity
  8
COLUMNS
100
AcDbLine
 10
-30000.0
 20
0.0
 30
731400.0
 11
-30000.0
 21
0.0
 31
752100.0
  0
LINE
  5
321
330
17
100
AcDbEntity
  8
COLUMNS
100
AcDbLine
 10
0.0
 20
30000.0
 30
731400.0
 11
0.0
 21
30000.0
 31
752100.0
  0
LINE
  5
322
330
17
100
AcDbEntity
  8
COLUMNS
100
AcDbLine
 10
0.0
 20
-30000.0
 30
731400.0
 11
0.0
 21
-30000.0
 31
752100.0
  0
LINE
  5
323
330
17
100
AcDbEntity
  8
COLUMNS
100
AcDbLine
 10
30000.0
 20
30000.0
 30
752100.0
 11
30000.0
 21
30000.0
 31
772800.0
  0
LINE
  5
324
330
17
100
AcDbEntity
  8
COLUMNS
100
AcDbLine
 10
-30000.0
 20
30000.0
 30
752100.0
 11
-30000.0
 21
30000.0
 31
772800.0
  0
LINE
  5
325
330
17
100
AcDbEntity
  8
COLUMNS
100
AcDbLine
 10
-30000.0
 20
-30000.0
 30
752100.0
 11
-30000.0
 21
-30000.0
 31
772800.0
  0
LINE
  5
326
330
17
100
AcDbEntity
  8
COLUMNS
100
AcDbLine
 10
30000.0
 20
-30000.0
 30
752100.0
 11
30000.0
 21
-30000.0
 31
772800.0
  0
LINE
  5
327
330
17
100
AcDbEntity
  8
COLUMNS
100
AcDbLine
 10
30000.0
 20
0.0
 30
752100.0
 11
30000.0
 21
0.0
 31
772800.0
  0
LINE
  5
328
330
17
100
AcDbEntity
  8
COLUMNS
100
AcDbLine
 10
-30000.0
 20
0.0
 30
752100.0
 11
-30000.0
 21
0.0
 31
772800.0
  0
LINE
  5
329
330
17
100
AcDbEntity
  8
COLUMNS
100
AcDbLine
 10
0.0
 20
30000.0
 30
752100.0
 11
0.0
 21
30000.0
 31
772800.0
  0
LINE
  5
32A
330
17
100
AcDbEntity
  8
COLUMNS
100
AcDbLine
 10
0.0
 20
-30000.0
 30
752100.0
 11
0.0
 21
-30000.0
 31
772800.0
  0
LINE
  5
32B
330
17
100
AcDbEntity
  8
COLUMNS
100
AcDbLine
 10
30000.0
 20
30000.0
 30
772800.0
 11
30000.0
 21
30000.0
 31
793500.0
  0
LINE
  5
32C
330
17
100
AcDbEntity
  8
COLUMNS
100
AcDbLine
 10
-30000.0
 20
30000.0
 30
772800.0
 11
-30000.0
 21
30000.0
 31
793500.0
  0
LINE
  5
32D
330
17
100
AcDbEntity
  8
COLUMNS
100
AcDbLine
 10
-30000.0
 20
-30000.0
 30
772800.0
 11
-30000.0
 21
-30000.0
 31
793500.0
  0
LINE
  5
32E
330
17
100
AcDbEntity
  8
COLUMNS
100
AcDbLine
 10
30000.0
 20
-30000.0
 30
772800.0
 11
30000.0
 21
-30000.0
 31
793500.0
  0
LINE
  5
32F
330
17
100
AcDbEntity
  8
COLUMNS
100
AcDbLine
 10
30000.0
 20
0.0
 30
772800.0
 11
30000.0
 21
0.0
 31
793500.0
  0
LINE
  5
330
330
17
100
AcDbEntity
  8
COLUMNS
100
AcDbLine
 10
-30000.0
 20
0.0
 30
772800.0
 11
-30000.0
 21
0.0
 31
793500.0
  0
LINE
  5
331
330
17
100
AcDbEntity
  8
COLUMNS
100
AcDbLine
 10
0.0
 20
30000.0
 30
772800.0
 11
0.0
 21
30000.0
 31
793500.0
  0
LINE
  5
332
330
17
100
AcDbEntity
  8
COLUMNS
100
AcDbLine
 10
0.0
 20
-30000.0
 30
772800.0
 11
0.0
 21
-30000.0
 31
793500.0
  0
LINE
  5
333
330
17
100
AcDbEntity
  8
COLUMNS
100
AcDbLine
 10
30000.0
 20
30000.0
 30
793500.0
 11
30000.0
 21
30000.0
 31
814200.0
  0
LINE
  5
334
330
17
100
AcDbEntity
  8
COLUMNS
100
AcDbLine
 10
-30000.0
 20
30000.0
 30
793500.0
 11
-30000.0
 21
30000.0
 31
814200.0
  0
LINE
  5
335
330
17
100
AcDbEntity
  8
COLUMNS
100
AcDbLine
 10
-30000.0
 20
-30000.0
 30
793500.0
 11
-30000.0
 21
-30000.0
 31
814200.0
  0
LINE
  5
336
330
17
100
AcDbEntity
  8
COLUMNS
100
AcDbLine
 10
30000.0
 20
-30000.0
 30
793500.0
 11
30000.0
 21
-30000.0
 31
814200.0
  0
LINE
  5
337
330
17
100
AcDbEntity
  8
COLUMNS
100
AcDbLine
 10
30000.0
 20
0.0
 30
793500.0
 11
30000.0
 21
0.0
 31
814200.0
  0
LINE
  5
338
330
17
100
AcDbEntity
  8
COLUMNS
100
AcDbLine
 10
-30000.0
 20
0.0
 30
793500.0
 11
-30000.0
 21
0.0
 31
814200.0
  0
LINE
  5
339
330
17
100
AcDbEntity
  8
COLUMNS
100
AcDbLine
 10
0.0
 20
30000.0
 30
793500.0
 11
0.0
 21
30000.0
 31
814200.0
  0
LINE
  5
33A
330
17
100
AcDbEntity
  8
COLUMNS
100
AcDbLine
 10
0.0
 20
-30000.0
 30
793500.0
 11
0.0
 21
-30000.0
 31
814200.0
  0
LINE
  5
33B
330
17
100
AcDbEntity
  8
BEAMS
100
AcDbLine
 10
36562.5
 20
0.0
 30
34500.0
 11
73125.0
 21
0.0
 31
34500.0
  0
LINE
  5
33C
330
17
100
AcDbEntity
  8
BEAMS
100
AcDbLine
 10
31664.05382586854
 20
18281.249999999996
 30
34500.0
 11
63328.10765173708
 21
36562.49999999999
 31
34500.0
  0
LINE
  5
33D
330
17
100
AcDbEntity
  8
BEAMS
100
AcDbLine
 10
18281.250000000004
 20
31664.053825868537
 30
34500.0
 11
36562.50000000001
 21
63328.107651737075
 31
34500.0
  0
LINE
  5
33E
330
17
100
AcDbEntity
  8
BEAMS
100
AcDbLine
 10
2.238807429691255e-12
 20
36562.5
 30
34500.0
 11
4.47761485938251e-12
 21
73125.0
 31
34500.0
  0
LINE
  5
33F
330
17
100
AcDbEntity
  8
BEAMS
100
AcDbLine
 10
-18281.249999999993
 20
31664.05382586854
 30
34500.0
 11
-36562.499999999985
 21
63328.10765173708
 31
34500.0
  0
LINE
  5
340
330
17
100
AcDbEntity
  8
BEAMS
100
AcDbLine
 10
-31664.05382586854
 20
18281.249999999996
 30
34500.0
 11
-63328.10765173708
 21
36562.49999999999
 31
34500.0
  0
LINE
  5
341
330
17
100
AcDbEntity
  8
BEAMS
100
AcDbLine
 10
-36562.5
 20
4.47761485938251e-12
 30
34500.0
 11
-73125.0
 21
8.95522971876502e-12
 31
34500.0
  0
LINE
  5
342
330
17
100
AcDbEntity
  8
BEAMS
100
AcDbLine
 10
-31664.053825868545
 20
-18281.249999999993
 30
34500.0
 11
-63328.10765173709
 21
-36562.499999999985
 31
34500.0
  0
LINE
  5
343
330
17
100
AcDbEntity
  8
BEAMS
100
AcDbLine
 10
-18281.250000000015
 20
-31664.053825868526
 30
34500.0
 11
-36562.50000000003
 21
-63328.10765173705
 31
34500.0
  0
LINE
  5
344
330
17
100
AcDbEntity
  8
BEAMS
100
AcDbLine
 10
-6.716422289073765e-12
 20
-36562.5
 30
34500.0
 11
-1.343284457814753e-11
 21
-73125.0
 31
34500.0
  0
LINE
  5
345
330
17
100
AcDbEntity
  8
BEAMS
100
AcDbLine
 10
18281.250000000004
 20
-31664.053825868537
 30
34500.0
 11
36562.50000000001
 21
-63328.107651737075
 31
34500.0
  0
LINE
  5
346
330
17
100
AcDbEntity
  8
BEAMS
100
AcDbLine
 10
31664.053825868526
 20
-18281.250000000015
 30
34500.0
 11
63328.10765173705
 21
-36562.50000000003
 31
34500.0
  0
LINE
  5
347
330
17
100
AcDbEntity
  8
BEAMS
100
AcDbLine
 10
73125.0
 20
0.0
 30
34500.0
 11
70633.32604738812
 21
18926.14267312183
 31
34500.0
  0
LINE
  5
348
330
17
100
AcDbEntity
  8
BEAMS
100
AcDbLine
 10
70633.32604738812
 20
18926.14267312183
 30
34500.0
 11
63328.10765173708
 21
36562.49999999999
 31
34500.0
  0
LINE
  5
349
330
17
100
AcDbEntity
  8
BEAMS
100
AcDbLine
 10
63328.10765173708
 20
36562.49999999999
 30
34500.0
 11
51707.18337426629
 21
51707.183374266286
 31
34500.0
  0
LINE
  5
34A
330
17
100
AcDbEntity
  8
BEAMS
100
AcDbLine
 10
51707.18337426629
 20
51707.183374266286
 30
34500.0
 11
36562.50000000001
 21
63328.107651737075
 31
34500.0
  0
LINE
  5
34B
330
17
100
AcDbEntity
  8
BEAMS
100
AcDbLine
 10
36562.50000000001
 20
63328.107651737075
 30
34500.0
 11
18926.14267312183
 21
70633.32604738812
 31
34500.0
  0
LINE
  5
34C
330
17
100
AcDbEntity
  8
BEAMS
100
AcDbLine
 10
18926.14267312183
 20
70633.32604738812
 30
34500.0
 11
4.47761485938251e-12
 21
73125.0
 31
34500.0
  0
LINE
  5
34D
330
17
100
AcDbEntity
  8
BEAMS
100
AcDbLine
 10
4.47761485938251e-12
 20
73125.0
 30
34500.0
 11
-18926.14267312182
 21
70633.32604738812
 31
34500.0
  0
LINE
  5
34E
330
17
100
AcDbEntity
  8
BEAMS
100
AcDbLine
 10
-18926.14267312182
 20
70633.32604738812
 30
34500.0
 11
-36562.499999999985
 21
63328.10765173708
 31
34500.0
  0
LINE
  5
34F
330
17
100
AcDbEntity
  8
BEAMS
100
AcDbLine
 10
-36562.499999999985
 20
63328.10765173708
 30
34500.0
 11
-51707.183374266286
 21
51707.18337426629
 31
34500.0
  0
LINE
  5
350
330
17
100
AcDbEntity
  8
BEAMS
100
AcDbLine
 10
-51707.183374266286
 20
51707.18337426629
 30
34500.0
 11
-63328.10765173708
 21
36562.49999999999
 31
34500.0
  0
LINE
  5
351
330
17
100
AcDbEntity
  8
BEAMS
100
AcDbLine
 10
-63328.10765173708
 20
36562.49999999999
 30
34500.0
 11
-70633.32604738811
 21
18926.14267312185
 31
34500.0
  0
LINE
  5
352
330
17
100
AcDbEntity
  8
BEAMS
100
AcDbLine
 10
-70633.32604738811
 20
18926.14267312185
 30
34500.0
 11
-73125.0
 21
8.95522971876502e-12
 31
34500.0
  0
LINE
  5
353
330
17
100
AcDbEntity
  8
BEAMS
100
AcDbLine
 10
-73125.0
 20
8.95522971876502e-12
 30
34500.0
 11
-70633.32604738812
 21
-18926.142673121834
 31
34500.0
  0
LINE
  5
354
330
17
100
AcDbEntity
  8
BEAMS
100
AcDbLine
 10
-70633.32604738812
 20
-18926.142673121834
 30
34500.0
 11
-63328.10765173709
 21
-36562.499999999985
 31
34500.0
  0
LINE
  5
355
330
17
100
AcDbEntity
  8
BEAMS
100
AcDbLine
 10
-63328.10765173709
 20
-36562.499999999985
 30
34500.0
 11
-51707.183374266315
 21
-51707.18337426626
 31
34500.0
  0
LINE
  5
356
330
17
100
AcDbEntity
  8
BEAMS
100
AcDbLine
 10
-51707.183374266315
 20
-51707.18337426626
 30
34500.0
 11
-36562.50000000003
 21
-63328.10765173705
 31
34500.0
  0
LINE
  5
357
330
17
100
AcDbEntity
  8
BEAMS
100
AcDbLine
 10
-36562.50000000003
 20
-63328.10765173705
 30
34500.0
 11
-18926.14267312182
 21
-70633.32604738812
 31
34500.0
  0
LINE
  5
358
330
17
100
AcDbEntity
  8
BEAMS
100
AcDbLine
 10
-18926.14267312182
 20
-70633.32604738812
 30
34500.0
 11
-1.343284457814753e-11
 21
-73125.0
 31
34500.0
  0
LINE
  5
359
330
17
100
AcDbEntity
  8
BEAMS
100
AcDbLine
 10
-1.343284457814753e-11
 20
-73125.0
 30
34500.0
 11
18926.142673121798
 21
-70633.32604738812
 31
34500.0
  0
LINE
  5
35A
330
17
100
AcDbEntity
  8
BEAMS
100
AcDbLine
 10
18926.142673121798
 20
-70633.32604738812
 30
34500.0
 11
36562.50000000001
 21
-63328.107651737075
 31
34500.0
  0
LINE
  5
35B
330
17
100
AcDbEntity
  8
BEAMS
100
AcDbLine
 10
36562.50000000001
 20
-63328.107651737075
 30
34500.0
 11
51707.18337426628
 21
-51707.1833742663
 31
34500.0
  0
LINE
  5
35C
330
17
100
AcDbEntity
  8
BEAMS
100
AcDbLine
 10
51707.18337426628
 20
-51707.1833742663
 30
34500.0
 11
63328.10765173705
 21
-36562.50000000003
 31
34500.0
  0
LINE
  5
35D
330
17
100
AcDbEntity
  8
BEAMS
100
AcDbLine
 10
63328.10765173705
 20
-36562.50000000003
 30
34500.0
 11
70633.32604738811
 21
-18926.14267312189
 31
34500.0
  0
LINE
  5
35E
330
17
100
AcDbEntity
  8
BEAMS
100
AcDbLine
 10
70633.32604738811
 20
-18926.14267312189
 30
34500.0
 11
73125.0
 21
-1.791045943753004e-11
 31
34500.0
  0
LINE
  5
35F
330
17
100
AcDbEntity
  8
BEAMS
100
AcDbLine
 10
35625.0
 20
0.0
 30
69000.0
 11
71250.0
 21
0.0
 31
69000.0
  0
LINE
  5
360
330
17
100
AcDbEntity
  8
BEAMS
100
AcDbLine
 10
30852.155009820628
 20
17812.499999999996
 30
69000.0
 11
61704.310019641256
 21
35624.99999999999
 31
69000.0
  0
LINE
  5
361
330
17
100
AcDbEntity
  8
BEAMS
100
AcDbLine
 10
17812.500000000004
 20
30852.155009820624
 30
69000.0
 11
35625.00000000001
 21
61704.31001964125
 31
69000.0
  0
LINE
  5
362
330
17
100
AcDbEntity
  8
BEAMS
100
AcDbLine
 10
2.181402110981223e-12
 20
35625.0
 30
69000.0
 11
4.362804221962446e-12
 21
71250.0
 31
69000.0
  0
LINE
  5
363
330
17
100
AcDbEntity
  8
BEAMS
100
AcDbLine
 10
-17812.499999999993
 20
30852.155009820628
 30
69000.0
 11
-35624.999999999985
 21
61704.310019641256
 31
69000.0
  0
LINE
  5
364
330
17
100
AcDbEntity
  8
BEAMS
100
AcDbLine
 10
-30852.155009820628
 20
17812.499999999996
 30
69000.0
 11
-61704.310019641256
 21
35624.99999999999
 31
69000.0
  0
LINE
  5
365
330
17
100
AcDbEntity
  8
BEAMS
100
AcDbLine
 10
-35625.0
 20
4.362804221962446e-12
 30
69000.0
 11
-71250.0
 21
8.725608443924891e-12
 31
69000.0
  0
LINE
  5
366
330
17
100
AcDbEntity
  8
BEAMS
100
AcDbLine
 10
-30852.15500982063
 20
-17812.499999999993
 30
69000.0
 11
-61704.31001964126
 21
-35624.999999999985
 31
69000.0
  0
LINE
  5
367
330
17
100
AcDbEntity
  8
BEAMS
100
AcDbLine
 10
-17812.500000000015
 20
-30852.155009820617
 30
69000.0
 11
-35625.00000000003
 21
-61704.310019641234
 31
69000.0
  0
LINE
  5
368
330
17
100
AcDbEntity
  8
BEAMS
100
AcDbLine
 10
-6.544206332943668e-12
 20
-35625.0
 30
69000.0
 11
-1.3088412665887336e-11
 21
-71250.0
 31
69000.0
  0
LINE
  5
369
330
17
100
AcDbEntity
  8
BEAMS
100
AcDbLine
 10
17812.500000000004
 20
-30852.155009820624
 30
69000.0
 11
35625.00000000001
 21
-61704.31001964125
 31
69000.0
  0
LINE
  5
36A
330
17
100
AcDbEntity
  8
BEAMS
100
AcDbLine
 10
30852.155009820617
 20
-17812.500000000015
 30
69000.0
 11
61704.310019641234
 21
-35625.00000000003
 31
69000.0
  0
LINE
  5
36B
330
17
100
AcDbEntity
  8
BEAMS
100
AcDbLine
 10
71250.0
 20
0.0
 30
69000.0
 11
68822.21512309612
 21
18440.8569635546
 31
69000.0
  0
LINE
  5
36C
330
17
100
AcDbEntity
  8
BEAMS
100
AcDbLine
 10
68822.21512309612
 20
18440.8569635546
 30
69000.0
 11
61704.310019641256
 21
35624.99999999999
 31
69000.0
  0
LINE
  5
36D
330
17
100
AcDbEntity
  8
BEAMS
100
AcDbLine
 10
61704.310019641256
 20
35624.99999999999
 30
69000.0
 11
50381.358159541516
 21
50381.35815954151
 31
69000.0
  0
LINE
  5
36E
330
17
100
AcDbEntity
  8
BEAMS
100
AcDbLine
 10
50381.358159541516
 20
50381.35815954151
 30
69000.0
 11
35625.00000000001
 21
61704.31001964125
 31
69000.0
  0
LINE
  5
36F
330
17
100
AcDbEntity
  8
BEAMS
100
AcDbLine
 10
35625.00000000001
 20
61704.31001964125
 30
69000.0
 11
18440.8569635546
 21
68822.21512309612
 31
69000.0
  0
LINE
  5
370
330
17
100
AcDbEntity
  8
BEAMS
100
AcDbLine
 10
18440.8569635546
 20
68822.21512309612
 30
69000.0
 11
4.362804221962446e-12
 21
71250.0
 31
69000.0
  0
LINE
  5
371
330
17
100
AcDbEntity
  8
BEAMS
100
AcDbLine
 10
4.362804221962446e-12
 20
71250.0
 30
69000.0
 11
-18440.856963554594
 21
68822.21512309612
 31
69000.0
  0
LINE
  5
372
330
17
100
AcDbEntity
  8
BEAMS
100
AcDbLine
 10
-18440.856963554594
 20
68822.21512309612
 30
69000.0
 11
-35624.999999999985
 21
61704.310019641256
 31
69000.0
  0
LINE
  5
373
330
17
100
AcDbEntity
  8
BEAMS
100
AcDbLine
 10
-35624.999999999985
 20
61704.310019641256
 30
69000.0
 11
-50381.35815954151
 21
50381.358159541516
 31
69000.0
  0
LINE
  5
374
330
17
100
AcDbEntity
  8
BEAMS
100
AcDbLine
 10
-50381.35815954151
 20
50381.358159541516
 30
69000.0
 11
-61704.310019641256
 21
35624.99999999999
 31
69000.0
  0
LINE
  5
375
330
17
100
AcDbEntity
  8
BEAMS
100
AcDbLine
 10
-61704.310019641256
 20
35624.99999999999
 30
69000.0
 11
-68822.2151230961
 21
18440.856963554623
 31
69000.0
  0
LINE
  5
376
330
17
100
AcDbEntity
  8
BEAMS
100
AcDbLine
 10
-68822.2151230961
 20
18440.856963554623
 30
69000.0
 11
-71250.0
 21
8.725608443924891e-12
 31
69000.0
  0
LINE
  5
377
330
17
100
AcDbEntity
  8
BEAMS
100
AcDbLine
 10
-71250.0
 20
8.725608443924891e-12
 30
69000.0
 11
-68822.21512309612
 21
-18440.85696355461
 31
69000.0
  0
LINE
  5
378
330
17
100
AcDbEntity
  8
BEAMS
100
AcDbLine
 10
-68822.21512309612
 20
-18440.85696355461
 30
69000.0
 11
-61704.31001964126
 21
-35624.999999999985
 31
69000.0
  0
LINE
  5
379
330
17
100
AcDbEntity
  8
BEAMS
100
AcDbLine
 10
-61704.31001964126
 20
-35624.999999999985
 30
69000.0
 11
-50381.35815954154
 21
-50381.35815954148
 31
69000.0
  0
LINE
  5
37A
330
17
100
AcDbEntity
  8
BEAMS
100
AcDbLine
 10
-50381.35815954154
 20
-50381.35815954148
 30
69000.0
 11
-35625.00000000003
 21
-61704.310019641234
 31
69000.0
  0
LINE
  5
37B
330
17
100
AcDbEntity
  8
BEAMS
100
AcDbLine
 10
-35625.00000000003
 20
-61704.310019641234
 30
69000.0
 11
-18440.856963554594
 21
-68822.21512309612
 31
69000.0
  0
LINE
  5
37C
330
17
100
AcDbEntity
  8
BEAMS
100
AcDbLine
 10
-18440.856963554594
 20
-68822.21512309612
 30
69000.0
 11
-1.3088412665887336e-11
 21
-71250.0
 31
69000.0
  0
LINE
  5
37D
330
17
100
AcDbEntity
  8
BEAMS
100
AcDbLine
 10
-1.3088412665887336e-11
 20
-71250.0
 30
69000.0
 11
18440.856963554572
 21
-68822.21512309613
 31
69000.0
  0
LINE
  5
37E
330
17
100
AcDbEntity
  8
BEAMS
100
AcDbLine
 10
18440.856963554572
 20
-68822.21512309613
 30
69000.0
 11
35625.00000000001
 21
-61704.31001964125
 31
69000.0
  0
LINE
  5
37F
330
17
100
AcDbEntity
  8
BEAMS
100
AcDbLine
 10
35625.00000000001
 20
-61704.31001964125
 30
69000.0
 11
50381.3581595415
 21
-50381.35815954152
 31
69000.0
  0
LINE
  5
380
330
17
100
AcDbEntity
  8
BEAMS
100
AcDbLine
 10
50381.3581595415
 20
-50381.35815954152
 30
69000.0
 11
61704.310019641234
 21
-35625.00000000003
 31
69000.0
  0
LINE
  5
381
330
17
100
AcDbEntity
  8
BEAMS
100
AcDbLine
 10
61704.310019641234
 20
-35625.00000000003
 30
69000.0
 11
68822.2151230961
 21
-18440.856963554663
 31
69000.0
  0
LINE
  5
382
330
17
100
AcDbEntity
  8
BEAMS
100
AcDbLine
 10
68822.2151230961
 20
-18440.856963554663
 30
69000.0
 11
71250.0
 21
-1.7451216887849783e-11
 31
69000.0
  0
LINE
  5
383
330
17
100
AcDbEntity
  8
BEAMS
100
AcDbLine
 10
34687.5
 20
0.0
 30
103500.0
 11
69375.0
 21
0.0
 31
103500.0
  0
LINE
  5
384
330
17
100
AcDbEntity
  8
BEAMS
100
AcDbLine
 10
30040.25619377272
 20
17343.749999999996
 30
103500.0
 11
60080.51238754544
 21
34687.49999999999
 31
103500.0
  0
LINE
  5
385
330
17
100
AcDbEntity
  8
BEAMS
100
AcDbLine
 10
17343.750000000004
 20
30040.256193772715
 30
103500.0
 11
34687.50000000001
 21
60080.51238754543
 31
103500.0
  0
LINE
  5
386
330
17
100
AcDbEntity
  8
BEAMS
100
AcDbLine
 10
2.1239967922711907e-12
 20
34687.5
 30
103500.0
 11
4.247993584542381e-12
 21
69375.0
 31
103500.0
  0
LINE
  5
387
330
17
100
AcDbEntity
  8
BEAMS
100
AcDbLine
 10
-17343.749999999993
 20
30040.25619377272
 30
103500.0
 11
-34687.499999999985
 21
60080.51238754544
 31
103500.0
  0
LINE
  5
388
330
17
100
AcDbEntity
  8
BEAMS
100
AcDbLine
 10
-30040.25619377272
 20
17343.749999999996
 30
103500.0
 11
-60080.51238754544
 21
34687.49999999999
 31
103500.0
  0
LINE
  5
389
330
17
100
AcDbEntity
  8
BEAMS
100
AcDbLine
 10
-34687.5
 20
4.247993584542381e-12
 30
103500.0
 11
-69375.0
 21
8.495987169084763e-12
 31
103500.0
  0
LINE
  5
38A
330
17
100
AcDbEntity
  8
BEAMS
100
AcDbLine
 10
-30040.256193772722
 20
-17343.749999999993
 30
103500.0
 11
-60080.512387545445
 21
-34687.499999999985
 31
103500.0
  0
LINE
  5
38B
330
17
100
AcDbEntity
  8
BEAMS
100
AcDbLine
 10
-17343.750000000015
 20
-30040.256193772708
 30
103500.0
 11
-34687.50000000003
 21
-60080.512387545416
 31
103500.0
  0
LINE
  5
38C
330
17
100
AcDbEntity
  8
BEAMS
100
AcDbLine
 10
-6.371990376813572e-12
 20
-34687.5
 30
103500.0
 11
-1.2743980753627143e-11
 21
-69375.0
 31
103500.0
  0
LINE
  5
38D
330
17
100
AcDbEntity
  8
BEAMS
100
AcDbLine
 10
17343.750000000004
 20
-30040.256193772715
 30
103500.0
 11
34687.50000000001
 21
-60080.51238754543
 31
103500.0
  0
LINE
  5
38E
330
17
100
AcDbEntity
  8
BEAMS
100
AcDbLine
 10
30040.256193772708
 20
-17343.750000000015
 30
103500.0
 11
60080.512387545416
 21
-34687.50000000003
 31
103500.0
  0
LINE
  5
38F
330
17
100
AcDbEntity
  8
BEAMS
100
AcDbLine
 10
69375.0
 20
0.0
 30
103500.0
 11
67011.10419880411
 21
17955.571253987375
 31
103500.0
  0
LINE
  5
390
330
17
100
AcDbEntity
  8
BEAMS
100
AcDbLine
 10
67011.10419880411
 20
17955.571253987375
 30
103500.0
 11
60080.51238754544
 21
34687.49999999999
 31
103500.0
  0
LINE
  5
391
330
17
100
AcDbEntity
  8
BEAMS
100
AcDbLine
 10
60080.51238754544
 20
34687.49999999999
 30
103500.0
 11
49055.53294481674
 21
49055.53294481673
 31
103500.0
  0
LINE
  5
392
330
17
100
AcDbEntity
  8
BEAMS
100
AcDbLine
 10
49055.53294481674
 20
49055.53294481673
 30
103500.0
 11
34687.50000000001
 21
60080.51238754543
 31
103500.0
  0
LINE
  5
393
330
17
100
AcDbEntity
  8
BEAMS
100
AcDbLine
 10
34687.50000000001
 20
60080.51238754543
 30
103500.0
 11
17955.571253987375
 21
67011.10419880411
 31
103500.0
  0
LINE
  5
394
330
17
100
AcDbEntity
  8
BEAMS
100
AcDbLine
 10
17955.571253987375
 20
67011.10419880411
 30
103500.0
 11
4.247993584542381e-12
 21
69375.0
 31
103500.0
  0
LINE
  5
395
330
17
100
AcDbEntity
  8
BEAMS
100
AcDbLine
 10
4.247993584542381e-12
 20
69375.0
 30
103500.0
 11
-17955.571253987368
 21
67011.10419880411
 31
103500.0
  0
LINE
  5
396
330
17
100
AcDbEntity
  8
BEAMS
100
AcDbLine
 10
-17955.571253987368
 20
67011.10419880411
 30
103500.0
 11
-34687.499999999985
 21
60080.51238754544
 31
103500.0
  0
LINE
  5
397
330
17
100
AcDbEntity
  8
BEAMS
100
AcDbLine
 10
-34687.499999999985
 20
60080.51238754544
 30
103500.0
 11
-49055.53294481673
 21
49055.53294481674
 31
103500.0
  0
LINE
  5
398
330
17
100
AcDbEntity
  8
BEAMS
100
AcDbLine
 10
-49055.53294481673
 20
49055.53294481674
 30
103500.0
 11
-60080.51238754544
 21
34687.49999999999
 31
103500.0
  0
LINE
  5
399
330
17
100
AcDbEntity
  8
BEAMS
100
AcDbLine
 10
-60080.51238754544
 20
34687.49999999999
 30
103500.0
 11
-67011.10419880411
 21
17955.571253987397
 31
103500.0
  0
LINE
  5
39A
330
17
100
AcDbEntity
  8
BEAMS
100
AcDbLine
 10
-67011.10419880411
 20
17955.571253987397
 30
103500.0
 11
-69375.0
 21
8.495987169084763e-12
 31
103500.0
  0
LINE
  5
39B
330
17
100
AcDbEntity
  8
BEAMS
100
AcDbLine
 10
-69375.0
 20
8.495987169084763e-12
 30
103500.0
 11
-67011.10419880411
 21
-17955.57125398738
 31
103500.0
  0
LINE
  5
39C
330
17
100
AcDbEntity
  8
BEAMS
100
AcDbLine
 10
-67011.10419880411
 20
-17955.57125398738
 30
103500.0
 11
-60080.512387545445
 21
-34687.499999999985
 31
103500.0
  0
LINE
  5
39D
330
17
100
AcDbEntity
  8
BEAMS
100
AcDbLine
 10
-60080.512387545445
 20
-34687.499999999985
 30
103500.0
 11
-49055.53294481676
 21
-49055.53294481671
 31
103500.0
  0
LINE
  5
39E
330
17
100
AcDbEntity
  8
BEAMS
100
AcDbLine
 10
-49055.53294481676
 20
-49055.53294481671
 30
103500.0
 11
-34687.50000000003
 21
-60080.512387545416
 31
103500.0
  0
LINE
  5
39F
330
17
100
AcDbEntity
  8
BEAMS
100
AcDbLine
 10
-34687.50000000003
 20
-60080.512387545416
 30
103500.0
 11
-17955.571253987368
 21
-67011.10419880411
 31
103500.0
  0
LINE
  5
3A0
330
17
100
AcDbEntity
  8
BEAMS
100
AcDbLine
 10
-17955.571253987368
 20
-67011.10419880411
 30
103500.0
 11
-1.2743980753627143e-11
 21
-69375.0
 31
103500.0
  0
LINE
  5
3A1
330
17
100
AcDbEntity
  8
BEAMS
100
AcDbLine
 10
-1.2743980753627143e-11
 20
-69375.0
 30
103500.0
 11
17955.571253987346
 21
-67011.10419880413
 31
103500.0
  0
LINE
  5
3A2
330
17
100
AcDbEntity
  8
BEAMS
100
AcDbLine
 10
17955.571253987346
 20
-67011.10419880413
 30
103500.0
 11
34687.50000000001
 21
-60080.51238754543
 31
103500.0
  0
LINE
  5
3A3
330
17
100
AcDbEntity
  8
BEAMS
100
AcDbLine
 10
34687.50000000001
 20
-60080.51238754543
 30
103500.0
 11
49055.532944816725
 21
-49055.53294481675
 31
103500.0
  0
LINE
  5
3A4
330
17
100
AcDbEntity
  8
BEAMS
100
AcDbLine
 10
49055.532944816725
 20
-49055.53294481675
 30
103500.0
 11
60080.512387545416
 21
-34687.50000000003
 31
103500.0
  0
LINE
  5
3A5
330
17
100
AcDbEntity
  8
BEAMS
100
AcDbLine
 10
60080.512387545416
 20
-34687.50000000003
 30
103500.0
 11
67011.1041988041
 21
-17955.571253987433
 31
103500.0
  0
LINE
  5
3A6
330
17
100
AcDbEntity
  8
BEAMS
100
AcDbLine
 10
67011.1041988041
 20
-17955.571253987433
 30
103500.0
 11
69375.0
 21
-1.6991974338169526e-11
 31
103500.0
  0
LINE
  5
3A7
330
17
100
AcDbEntity
  8
BEAMS
100
AcDbLine
 10
33750.0
 20
0.0
 30
138000.0
 11
67500.0
 21
0.0
 31
138000.0
  0
LINE
  5
3A8
330
17
100
AcDbEntity
  8
BEAMS
100
AcDbLine
 10
29228.357377724806
 20
16874.999999999996
 30
138000.0
 11
58456.71475544961
 21
33749.99999999999
 31
138000.0
  0
LINE
  5
3A9
330
17
100
AcDbEntity
  8
BEAMS
100
AcDbLine
 10
16875.000000000004
 20
29228.357377724802
 30
138000.0
 11
33750.00000000001
 21
58456.714755449604
 31
138000.0
  0
LINE
  5
3AA
330
17
100
AcDbEntity
  8
BEAMS
100
AcDbLine
 10
2.0665914735611585e-12
 20
33750.0
 30
138000.0
 11
4.133182947122317e-12
 21
67500.0
 31
138000.0
  0
LINE
  5
3AB
330
17
100
AcDbEntity
  8
BEAMS
100
AcDbLine
 10
-16874.999999999993
 20
29228.357377724806
 30
138000.0
 11
-33749.999999999985
 21
58456.71475544961
 31
138000.0
  0
LINE
  5
3AC
330
17
100
AcDbEntity
  8
BEAMS
100
AcDbLine
 10
-29228.357377724806
 20
16874.999999999996
 30
138000.0
 11
-58456.71475544961
 21
33749.99999999999
 31
138000.0
  0
LINE
  5
3AD
330
17
100
AcDbEntity
  8
BEAMS
100
AcDbLine
 10
-33750.0
 20
4.133182947122317e-12
 30
138000.0
 11
-67500.0
 21
8.266365894244634e-12
 31
138000.0
  0
LINE
  5
3AE
330
17
100
AcDbEntity
  8
BEAMS
100
AcDbLine
 10
-29228.35737772481
 20
-16874.999999999993
 30
138000.0
 11
-58456.71475544962
 21
-33749.999999999985
 31
138000.0
  0
LINE
  5
3AF
330
17
100
AcDbEntity
  8
BEAMS
100
AcDbLine
 10
-16875.000000000015
 20
-29228.357377724795
 30
138000.0
 11
-33750.00000000003
 21
-58456.71475544959
 31
138000.0
  0
LINE
  5
3B0
330
17
100
AcDbEntity
  8
BEAMS
100
AcDbLine
 10
-6.199774420683475e-12
 20
-33750.0
 30
138000.0
 11
-1.239954884136695e-11
 21
-67500.0
 31
138000.0
  0
LINE
  5
3B1
330
17
100
AcDbEntity
  8
BEAMS
100
AcDbLine
 10
16875.000000000004
 20
-29228.357377724802
 30
138000.0
 11
33750.00000000001
 21
-58456.714755449604
 31
138000.0
  0
LINE
  5
3B2
330
17
100
AcDbEntity
  8
BEAMS
100
AcDbLine
 10
29228.357377724795
 20
-16875.000000000015
 30
138000.0
 11
58456.71475544959
 21
-33750.00000000003
 31
138000.0
  0
LINE
  5
3B3
330
17
100
AcDbEntity
  8
BEAMS
100
AcDbLine
 10
67500.0
 20
0.0
 30
138000.0
 11
65199.99327451211
 21
17470.28554442015
 31
138000.0
  0
LINE
  5
3B4
330
17
100
AcDbEntity
  8
BEAMS
100
AcDbLine
 10
65199.99327451211
 20
17470.28554442015
 30
138000.0
 11
58456.71475544961
 21
33749.99999999999
 31
138000.0
  0
LINE
  5
3B5
330
17
100
AcDbEntity
  8
BEAMS
100
AcDbLine
 10
58456.71475544961
 20
33749.99999999999
 30
138000.0
 11
47729.70773009196
 21
47729.707730091955
 31
138000.0
  0
LINE
  5
3B6
330
17
100
AcDbEntity
  8
BEAMS
100
AcDbLine
 10
47729.70773009196
 20
47729.707730091955
 30
138000.0
 11
33750.00000000001
 21
58456.714755449604
 31
138000.0
  0
LINE
  5
3B7
330
17
100
AcDbEntity
  8
BEAMS
100
AcDbLine
 10
33750.00000000001
 20
58456.714755449604
 30
138000.0
 11
17470.28554442015
 21
65199.99327451211
 31
138000.0
  0
LINE
  5
3B8
330
17
100
AcDbEntity
  8
BEAMS
100
AcDbLine
 10
17470.28554442015
 20
65199.99327451211
 30
138000.0
 11
4.133182947122317e-12
 21
67500.0
 31
138000.0
  0
LINE
  5
3B9
330
17
100
AcDbEntity
  8
BEAMS
100
AcDbLine
 10
4.133182947122317e-12
 20
67500.0
 30
138000.0
 11
-17470.28554442014
 21
65199.99327451211
 31
138000.0
  0
LINE
  5
3BA
330
17
100
AcDbEntity
  8
BEAMS
100
AcDbLine
 10
-17470.28554442014
 20
65199.99327451211
 30
138000.0
 11
-33749.999999999985
 21
58456.71475544961
 31
138000.0
  0
LINE
  5
3BB
330
17
100
AcDbEntity
  8
BEAMS
100
AcDbLine
 10
-33749.999999999985
 20
58456.71475544961
 30
138000.0
 11
-47729.707730091955
 21
47729.70773009196
 31
138000.0
  0
LINE
  5
3BC
330
17
100
AcDbEntity
  8
BEAMS
100
AcDbLine
 10
-47729.707730091955
 20
47729.70773009196
 30
138000.0
 11
-58456.71475544961
 21
33749.99999999999
 31
138000.0
  0
LINE
  5
3BD
330
17
100
AcDbEntity
  8
BEAMS
100
AcDbLine
 10
-58456.71475544961
 20
33749.99999999999
 30
138000.0
 11
-65199.993274512104
 21
17470.285544420167
 31
138000.0
  0
LINE
  5
3BE
330
17
100
AcDbEntity
  8
BEAMS
100
AcDbLine
 10
-65199.993274512104
 20
17470.285544420167
 30
138000.0
 11
-67500.0
 21
8.266365894244634e-12
 31
138000.0
  0
LINE
  5
3BF
330
17
100
AcDbEntity
  8
BEAMS
100
AcDbLine
 10
-67500.0
 20
8.266365894244634e-12
 30
138000.0
 11
-65199.99327451211
 21
-17470.285544420152
 31
138000.0
  0
LINE
  5
3C0
330
17
100
AcDbEntity
  8
BEAMS
100
AcDbLine
 10
-65199.99327451211
 20
-17470.285544420152
 30
138000.0
 11
-58456.71475544962
 21
-33749.999999999985
 31
138000.0
  0
LINE
  5
3C1
330
17
100
AcDbEntity
  8
BEAMS
100
AcDbLine
 10
-58456.71475544962
 20
-33749.999999999985
 30
138000.0
 11
-47729.707730091985
 21
-47729.70773009193
 31
138000.0
  0
LINE
  5
3C2
330
17
100
AcDbEntity
  8
BEAMS
100
AcDbLine
 10
-47729.707730091985
 20
-47729.70773009193
 30
138000.0
 11
-33750.00000000003
 21
-58456.71475544959
 31
138000.0
  0
LINE
  5
3C3
330
17
100
AcDbEntity
  8
BEAMS
100
AcDbLine
 10
-33750.00000000003
 20
-58456.71475544959
 30
138000.0
 11
-17470.28554442014
 21
-65199.99327451211
 31
138000.0
  0
LINE
  5
3C4
330
17
100
AcDbEntity
  8
BEAMS
100
AcDbLine
 10
-17470.28554442014
 20
-65199.99327451211
 30
138000.0
 11
-1.239954884136695e-11
 21
-67500.0
 31
138000.0
  0
LINE
  5
3C5
330
17
100
AcDbEntity
  8
BEAMS
100
AcDbLine
 10
-1.239954884136695e-11
 20
-67500.0
 30
138000.0
 11
17470.28554442012
 21
-65199.99327451212
 31
138000.0
  0
LINE
  5
3C6
330
17
100
AcDbEntity
  8
BEAMS
100
AcDbLine
 10
17470.28554442012
 20
-65199.99327451212
 30
138000.0
 11
33750.00000000001
 21
-58456.714755449604
 31
138000.0
  0
LINE
  5
3C7
330
17
100
AcDbEntity
  8
BEAMS
100
AcDbLine
 10
33750.00000000001
 20
-58456.714755449604
 30
138000.0
 11
47729.70773009195
 21
-47729.70773009197
 31
138000.0
  0
LINE
  5
3C8
330
17
100
AcDbEntity
  8
BEAMS
100
AcDbLine
 10
47729.70773009195
 20
-47729.70773009197
 30
138000.0
 11
58456.71475544959
 21
-33750.00000000003
 31
138000.0
  0
LINE
  5
3C9
330
17
100
AcDbEntity
  8
BEAMS
100
AcDbLine
 10
58456.71475544959
 20
-33750.00000000003
 30
138000.0
 11
65199.9932745121
 21
-17470.285544420207
 31
138000.0
  0
LINE
  5
3CA
330
17
100
AcDbEntity
  8
BEAMS
100
AcDbLine
 10
65199.9932745121
 20
-17470.285544420207
 30
138000.0
 11
67500.0
 21
-1.6532731788489268e-11
 31
138000.0
  0
LINE
  5
3CB
330
17
100
AcDbEntity
  8
BEAMS
100
AcDbLine
 10
32812.5
 20
0.0
 30
172500.0
 11
65625.0
 21
0.0
 31
172500.0
  0
LINE
  5
3CC
330
17
100
AcDbEntity
  8
BEAMS
100
AcDbLine
 10
28416.458561676896
 20
16406.249999999996
 30
172500.0
 11
56832.91712335379
 21
32812.49999999999
 31
172500.0
  0
LINE
  5
3CD
330
17
100
AcDbEntity
  8
BEAMS
100
AcDbLine
 10
16406.250000000004
 20
28416.458561676893
 30
172500.0
 11
32812.50000000001
 21
56832.917123353785
 31
172500.0
  0
LINE
  5
3CE
330
17
100
AcDbEntity
  8
BEAMS
100
AcDbLine
 10
2.0091861548511264e-12
 20
32812.5
 30
172500.0
 11
4.018372309702253e-12
 21
65625.0
 31
172500.0
  0
LINE
  5
3CF
330
17
100
AcDbEntity
  8
BEAMS
100
AcDbLine
 10
-16406.249999999993
 20
28416.458561676896
 30
172500.0
 11
-32812.499999999985
 21
56832.91712335379
 31
172500.0
  0
LINE
  5
3D0
330
17
100
AcDbEntity
  8
BEAMS
100
AcDbLine
 10
-28416.458561676896
 20
16406.249999999996
 30
172500.0
 11
-56832.91712335379
 21
32812.49999999999
 31
172500.0
  0
LINE
  5
3D1
330
17
100
AcDbEntity
  8
BEAMS
100
AcDbLine
 10
-32812.5
 20
4.018372309702253e-12
 30
172500.0
 11
-65625.0
 21
8.036744619404505e-12
 31
172500.0
  0
LINE
  5
3D2
330
17
100
AcDbEntity
  8
BEAMS
100
AcDbLine
 10
-28416.4585616769
 20
-16406.249999999993
 30
172500.0
 11
-56832.9171233538
 21
-32812.499999999985
 31
172500.0
  0
LINE
  5
3D3
330
17
100
AcDbEntity
  8
BEAMS
100
AcDbLine
 10
-16406.250000000015
 20
-28416.458561676885
 30
172500.0
 11
-32812.50000000003
 21
-56832.91712335377
 31
172500.0
  0
LINE
  5
3D4
330
17
100
AcDbEntity
  8
BEAMS
100
AcDbLine
 10
-6.027558464553379e-12
 20
-32812.5
 30
172500.0
 11
-1.2055116929106757e-11
 21
-65625.0
 31
172500.0
  0
LINE
  5
3D5
330
17
100
AcDbEntity
  8
BEAMS
100
AcDbLine
 10
16406.250000000004
 20
-28416.458561676893
 30
172500.0
 11
32812.50000000001
 21
-56832.917123353785
 31
172500.0
  0
LINE
  5
3D6
330
17
100
AcDbEntity
  8
BEAMS
100
AcDbLine
 10
28416.458561676885
 20
-16406.250000000015
 30
172500.0
 11
56832.91712335377
 21
-32812.50000000003
 31
172500.0
  0
LINE
  5
3D7
330
17
100
AcDbEntity
  8
BEAMS
100
AcDbLine
 10
65625.0
 20
0.0
 30
172500.0
 11
63388.882350220105
 21
16984.999834852923
 31
172500.0
  0
LINE
  5
3D8
330
17
100
AcDbEntity
  8
BEAMS
100
AcDbLine
 10
63388.882350220105
 20
16984.999834852923
 30
172500.0
 11
56832.91712335379
 21
32812.49999999999
 31
172500.0
  0
LINE
  5
3D9
330
17
100
AcDbEntity
  8
BEAMS
100
AcDbLine
 10
56832.91712335379
 20
32812.49999999999
 30
172500.0
 11
46403.882515367186
 21
46403.88251536718
 31
172500.0
  0
LINE
  5
3DA
330
17
100
AcDbEntity
  8
BEAMS
100
AcDbLine
 10
46403.882515367186
 20
46403.88251536718
 30
172500.0
 11
32812.50000000001
 21
56832.917123353785
 31
172500.0
  0
LINE
  5
3DB
330
17
100
AcDbEntity
  8
BEAMS
100
AcDbLine
 10
32812.50000000001
 20
56832.917123353785
 30
172500.0
 11
16984.999834852923
 21
63388.882350220105
 31
172500.0
  0
LINE
  5
3DC
330
17
100
AcDbEntity
  8
BEAMS
100
AcDbLine
 10
16984.999834852923
 20
63388.882350220105
 30
172500.0
 11
4.018372309702253e-12
 21
65625.0
 31
172500.0
  0
LINE
  5
3DD
330
17
100
AcDbEntity
  8
BEAMS
100
AcDbLine
 10
4.018372309702253e-12
 20
65625.0
 30
172500.0
 11
-16984.999834852915
 21
63388.882350220105
 31
172500.0
  0
LINE
  5
3DE
330
17
100
AcDbEntity
  8
BEAMS
100
AcDbLine
 10
-16984.999834852915
 20
63388.882350220105
 30
172500.0
 11
-32812.499999999985
 21
56832.91712335379
 31
172500.0
  0
LINE
  5
3DF
330
17
100
AcDbEntity
  8
BEAMS
100
AcDbLine
 10
-32812.499999999985
 20
56832.91712335379
 30
172500.0
 11
-46403.88251536718
 21
46403.882515367186
 31
172500.0
  0
LINE
  5
3E0
330
17
100
AcDbEntity
  8
BEAMS
100
AcDbLine
 10
-46403.88251536718
 20
46403.882515367186
 30
172500.0
 11
-56832.91712335379
 21
32812.49999999999
 31
172500.0
  0
LINE
  5
3E1
330
17
100
AcDbEntity
  8
BEAMS
100
AcDbLine
 10
-56832.91712335379
 20
32812.49999999999
 30
172500.0
 11
-63388.8823502201
 21
16984.99983485294
 31
172500.0
  0
LINE
  5
3E2
330
17
100
AcDbEntity
  8
BEAMS
100
AcDbLine
 10
-63388.8823502201
 20
16984.99983485294
 30
172500.0
 11
-65625.0
 21
8.036744619404505e-12
 31
172500.0
  0
LINE
  5
3E3
330
17
100
AcDbEntity
  8
BEAMS
100
AcDbLine
 10
-65625.0
 20
8.036744619404505e-12
 30
172500.0
 11
-63388.882350220105
 21
-16984.999834852926
 31
172500.0
  0
LINE
  5
3E4
330
17
100
AcDbEntity
  8
BEAMS
100
AcDbLine
 10
-63388.882350220105
 20
-16984.999834852926
 30
172500.0
 11
-56832.9171233538
 21
-32812.499999999985
 31
172500.0
  0
LINE
  5
3E5
330
17
100
AcDbEntity
  8
BEAMS
100
AcDbLine
 10
-56832.9171233538
 20
-32812.499999999985
 30
172500.0
 11
-46403.88251536721
 21
-46403.88251536716
 31
172500.0
  0
LINE
  5
3E6
330
17
100
AcDbEntity
  8
BEAMS
100
AcDbLine
 10
-46403.88251536721
 20
-46403.88251536716
 30
172500.0
 11
-32812.50000000003
 21
-56832.91712335377
 31
172500.0
  0
LINE
  5
3E7
330
17
100
AcDbEntity
  8
BEAMS
100
AcDbLine
 10
-32812.50000000003
 20
-56832.91712335377
 30
172500.0
 11
-16984.999834852915
 21
-63388.882350220105
 31
172500.0
  0
LINE
  5
3E8
330
17
100
AcDbEntity
  8
BEAMS
100
AcDbLine
 10
-16984.999834852915
 20
-63388.882350220105
 30
172500.0
 11
-1.2055116929106757e-11
 21
-65625.0
 31
172500.0
  0
LINE
  5
3E9
330
17
100
AcDbEntity
  8
BEAMS
100
AcDbLine
 10
-1.2055116929106757e-11
 20
-65625.0
 30
172500.0
 11
16984.999834852893
 21
-63388.88235022011
 31
172500.0
  0
LINE
  5
3EA
330
17
100
AcDbEntity
  8
BEAMS
100
AcDbLine
 10
16984.999834852893
 20
-63388.88235022011
 30
172500.0
 11
32812.50000000001
 21
-56832.917123353785
 31
172500.0
  0
LINE
  5
3EB
330
17
100
AcDbEntity
  8
BEAMS
100
AcDbLine
 10
32812.50000000001
 20
-56832.917123353785
 30
172500.0
 11
46403.88251536717
 21
-46403.88251536719
 31
172500.0
  0
LINE
  5
3EC
330
17
100
AcDbEntity
  8
BEAMS
100
AcDbLine
 10
46403.88251536717
 20
-46403.88251536719
 30
172500.0
 11
56832.91712335377
 21
-32812.50000000003
 31
172500.0
  0
LINE
  5
3ED
330
17
100
AcDbEntity
  8
BEAMS
100
AcDbLine
 10
56832.91712335377
 20
-32812.50000000003
 30
172500.0
 11
63388.88235022009
 21
-16984.999834852977
 31
172500.0
  0
LINE
  5
3EE
330
17
100
AcDbEntity
  8
BEAMS
100
AcDbLine
 10
63388.88235022009
 20
-16984.999834852977
 30
172500.0
 11
65625.0
 21
-1.607348923880901e-11
 31
172500.0
  0
LINE
  5
3EF
330
17
100
AcDbEntity
  8
BEAMS
100
AcDbLine
 10
31875.0
 20
0.0
 30
207000.0
 11
63750.0
 21
0.0
 31
207000.0
  0
LINE
  5
3F0
330
17
100
AcDbEntity
  8
BEAMS
100
AcDbLine
 10
27604.559745628983
 20
15937.499999999998
 30
207000.0
 11
55209.11949125797
 21
31874.999999999996
 31
207000.0
  0
LINE
  5
3F1
330
17
100
AcDbEntity
  8
BEAMS
100
AcDbLine
 10
15937.500000000004
 20
27604.55974562898
 30
207000.0
 11
31875.000000000007
 21
55209.11949125796
 31
207000.0
  0
LINE
  5
3F2
330
17
100
AcDbEntity
  8
BEAMS
100
AcDbLine
 10
1.951780836141094e-12
 20
31875.0
 30
207000.0
 11
3.903561672282188e-12
 21
63750.0
 31
207000.0
  0
LINE
  5
3F3
330
17
100
AcDbEntity
  8
BEAMS
100
AcDbLine
 10
-15937.499999999995
 20
27604.559745628983
 30
207000.0
 11
-31874.99999999999
 21
55209.11949125797
 31
207000.0
  0
LINE
  5
3F4
330
17
100
AcDbEntity
  8
BEAMS
100
AcDbLine
 10
-27604.559745628983
 20
15937.499999999998
 30
207000.0
 11
-55209.11949125797
 21
31874.999999999996
 31
207000.0
  0
LINE
  5
3F5
330
17
100
AcDbEntity
  8
BEAMS
100
AcDbLine
 10
-31875.0
 20
3.903561672282188e-12
 30
207000.0
 11
-63750.0
 21
7.807123344564377e-12
 31
207000.0
  0
LINE
  5
3F6
330
17
100
AcDbEntity
  8
BEAMS
100
AcDbLine
 10
-27604.559745628987
 20
-15937.499999999993
 30
207000.0
 11
-55209.119491257974
 21
-31874.999999999985
 31
207000.0
  0
LINE
  5
3F7
330
17
100
AcDbEntity
  8
BEAMS
100
AcDbLine
 10
-15937.500000000015
 20
-27604.559745628972
 30
207000.0
 11
-31875.00000000003
 21
-55209.119491257945
 31
207000.0
  0
LINE
  5
3F8
330
17
100
AcDbEntity
  8
BEAMS
100
AcDbLine
 10
-5.855342508423282e-12
 20
-31875.0
 30
207000.0
 11
-1.1710685016846564e-11
 21
-63750.0
 31
207000.0
  0
LINE
  5
3F9
330
17
100
AcDbEntity
  8
BEAMS
100
AcDbLine
 10
15937.500000000004
 20
-27604.55974562898
 30
207000.0
 11
31875.000000000007
 21
-55209.11949125796
 31
207000.0
  0
LINE
  5
3FA
330
17
100
AcDbEntity
  8
BEAMS
100
AcDbLine
 10
27604.559745628972
 20
-15937.500000000015
 30
207000.0
 11
55209.119491257945
 21
-31875.00000000003
 31
207000.0
  0
LINE
  5
3FB
330
17
100
AcDbEntity
  8
BEAMS
100
AcDbLine
 10
63750.0
 20
0.0
 30
207000.0
 11
61577.771425928106
 21
16499.714125285696
 31
207000.0
  0
LINE
  5
3FC
330
17
100
AcDbEntity
  8
BEAMS
100
AcDbLine
 10
61577.771425928106
 20
16499.714125285696
 30
207000.0
 11
55209.11949125797
 21
31874.999999999996
 31
207000.0
  0
LINE
  5
3FD
330
17
100
AcDbEntity
  8
BEAMS
100
AcDbLine
 10
55209.11949125797
 20
31874.999999999996
 30
207000.0
 11
45078.05730064241
 21
45078.0573006424
 31
207000.0
  0
LINE
  5
3FE
330
17
100
AcDbEntity
  8
BEAMS
100
AcDbLine
 10
45078.05730064241
 20
45078.0573006424
 30
207000.0
 11
31875.000000000007
 21
55209.11949125796
 31
207000.0
  0
LINE
  5
3FF
330
17
100
AcDbEntity
  8
BEAMS
100
AcDbLine
 10
31875.000000000007
 20
55209.11949125796
 30
207000.0
 11
16499.714125285696
 21
61577.771425928106
 31
207000.0
  0
LINE
  5
400
330
17
100
AcDbEntity
  8
BEAMS
100
AcDbLine
 10
16499.714125285696
 20
61577.771425928106
 30
207000.0
 11
3.903561672282188e-12
 21
63750.0
 31
207000.0
  0
LINE
  5
401
330
17
100
AcDbEntity
  8
BEAMS
100
AcDbLine
 10
3.903561672282188e-12
 20
63750.0
 30
207000.0
 11
-16499.71412528569
 21
61577.771425928106
 31
207000.0
  0
LINE
  5
402
330
17
100
AcDbEntity
  8
BEAMS
100
AcDbLine
 10
-16499.71412528569
 20
61577.771425928106
 30
207000.0
 11
-31874.99999999999
 21
55209.11949125797
 31
207000.0
  0
LINE
  5
403
330
17
100
AcDbEntity
  8
BEAMS
100
AcDbLine
 10
-31874.99999999999
 20
55209.11949125797
 30
207000.0
 11
-45078.0573006424
 21
45078.05730064241
 31
207000.0
  0
LINE
  5
404
330
17
100
AcDbEntity
  8
BEAMS
100
AcDbLine
 10
-45078.0573006424
 20
45078.05730064241
 30
207000.0
 11
-55209.11949125797
 21
31874.999999999996
 31
207000.0
  0
LINE
  5
405
330
17
100
AcDbEntity
  8
BEAMS
100
AcDbLine
 10
-55209.11949125797
 20
31874.999999999996
 30
207000.0
 11
-61577.7714259281
 21
16499.714125285715
 31
207000.0
  0
LINE
  5
406
330
17
100
AcDbEntity
  8
BEAMS
100
AcDbLine
 10
-61577.7714259281
 20
16499.714125285715
 30
207000.0
 11
-63750.0
 21
7.807123344564377e-12
 31
207000.0
  0
LINE
  5
407
330
17
100
AcDbEntity
  8
BEAMS
100
AcDbLine
 10
-63750.0
 20
7.807123344564377e-12
 30
207000.0
 11
-61577.771425928106
 21
-16499.7141252857
 31
207000.0
  0
LINE
  5
408
330
17
100
AcDbEntity
  8
BEAMS
100
AcDbLine
 10
-61577.771425928106
 20
-16499.7141252857
 30
207000.0
 11
-55209.119491257974
 21
-31874.999999999985
 31
207000.0
  0
LINE
  5
409
330
17
100
AcDbEntity
  8
BEAMS
100
AcDbLine
 10
-55209.119491257974
 20
-31874.999999999985
 30
207000.0
 11
-45078.05730064243
 21
-45078.05730064238
 31
207000.0
  0
LINE
  5
40A
330
17
100
AcDbEntity
  8
BEAMS
100
AcDbLine
 10
-45078.05730064243
 20
-45078.05730064238
 30
207000.0
 11
-31875.00000000003
 21
-55209.119491257945
 31
207000.0
  0
LINE
  5
40B
330
17
100
AcDbEntity
  8
BEAMS
100
AcDbLine
 10
-31875.00000000003
 20
-55209.119491257945
 30
207000.0
 11
-16499.71412528569
 21
-61577.771425928106
 31
207000.0
  0
LINE
  5
40C
330
17
100
AcDbEntity
  8
BEAMS
100
AcDbLine
 10
-16499.71412528569
 20
-61577.771425928106
 30
207000.0
 11
-1.1710685016846564e-11
 21
-63750.0
 31
207000.0
  0
LINE
  5
40D
330
17
100
AcDbEntity
  8
BEAMS
100
AcDbLine
 10
-1.1710685016846564e-11
 20
-63750.0
 30
207000.0
 11
16499.714125285667
 21
-61577.77142592811
 31
207000.0
  0
LINE
  5
40E
330
17
100
AcDbEntity
  8
BEAMS
100
AcDbLine
 10
16499.714125285667
 20
-61577.77142592811
 30
207000.0
 11
31875.000000000007
 21
-55209.11949125796
 31
207000.0
  0
LINE
  5
40F
330
17
100
AcDbEntity
  8
BEAMS
100
AcDbLine
 10
31875.000000000007
 20
-55209.11949125796
 30
207000.0
 11
45078.057300642395
 21
-45078.05730064242
 31
207000.0
  0
LINE
  5
410
330
17
100
AcDbEntity
  8
BEAMS
100
AcDbLine
 10
45078.057300642395
 20
-45078.05730064242
 30
207000.0
 11
55209.119491257945
 21
-31875.00000000003
 31
207000.0
  0
LINE
  5
411
330
17
100
AcDbEntity
  8
BEAMS
100
AcDbLine
 10
55209.119491257945
 20
-31875.00000000003
 30
207000.0
 11
61577.77142592809
 21
-16499.71412528575
 31
207000.0
  0
LINE
  5
412
330
17
100
AcDbEntity
  8
BEAMS
100
AcDbLine
 10
61577.77142592809
 20
-16499.71412528575
 30
207000.0
 11
63750.0
 21
-1.5614246689128754e-11
 31
207000.0
  0
LINE
  5
413
330
17
100
AcDbEntity
  8
BEAMS
100
AcDbLine
 10
30937.5
 20
0.0
 30
241500.0
 11
61875.0
 21
0.0
 31
241500.0
  0
LINE
  5
414
330
17
100
AcDbEntity
  8
BEAMS
100
AcDbLine
 10
26792.660929581074
 20
15468.749999999998
 30
241500.0
 11
53585.32185916215
 21
30937.499999999996
 31
241500.0
  0
LINE
  5
415
330
17
100
AcDbEntity
  8
BEAMS
100
AcDbLine
 10
15468.750000000004
 20
26792.66092958107
 30
241500.0
 11
30937.500000000007
 21
53585.32185916214
 31
241500.0
  0
LINE
  5
416
330
17
100
AcDbEntity
  8
BEAMS
100
AcDbLine
 10
1.894375517431062e-12
 20
30937.5
 30
241500.0
 11
3.788751034862124e-12
 21
61875.0
 31
241500.0
  0
LINE
  5
417
330
17
100
AcDbEntity
  8
BEAMS
100
AcDbLine
 10
-15468.749999999995
 20
26792.660929581074
 30
241500.0
 11
-30937.49999999999
 21
53585.32185916215
 31
241500.0
  0
LINE
  5
418
330
17
100
AcDbEntity
  8
BEAMS
100
AcDbLine
 10
-26792.660929581074
 20
15468.749999999998
 30
241500.0
 11
-53585.32185916215
 21
30937.499999999996
 31
241500.0
  0
LINE
  5
419
330
17
100
AcDbEntity
  8
BEAMS
100
AcDbLine
 10
-30937.5
 20
3.788751034862124e-12
 30
241500.0
 11
-61875.0
 21
7.577502069724248e-12
 31
241500.0
  0
LINE
  5
41A
330
17
100
AcDbEntity
  8
BEAMS
100
AcDbLine
 10
-26792.660929581078
 20
-15468.749999999993
 30
241500.0
 11
-53585.321859162155
 21
-30937.499999999985
 31
241500.0
  0
LINE
  5
41B
330
17
100
AcDbEntity
  8
BEAMS
100
AcDbLine
 10
-15468.750000000015
 20
-26792.660929581063
 30
241500.0
 11
-30937.50000000003
 21
-53585.321859162126
 31
241500.0
  0
LINE
  5
41C
330
17
100
AcDbEntity
  8
BEAMS
100
AcDbLine
 10
-5.683126552293186e-12
 20
-30937.5
 30
241500.0
 11
-1.1366253104586371e-11
 21
-61875.0
 31
241500.0
  0
LINE
  5
41D
330
17
100
AcDbEntity
  8
BEAMS
100
AcDbLine
 10
15468.750000000004
 20
-26792.66092958107
 30
241500.0
 11
30937.500000000007
 21
-53585.32185916214
 31
241500.0
  0
LINE
  5
41E
330
17
100
AcDbEntity
  8
BEAMS
100
AcDbLine
 10
26792.660929581063
 20
-15468.750000000015
 30
241500.0
 11
53585.321859162126
 21
-30937.50000000003
 31
241500.0
  0
LINE
  5
41F
330
17
100
AcDbEntity
  8
BEAMS
100
AcDbLine
 10
61875.0
 20
0.0
 30
241500.0
 11
59766.6605016361
 21
16014.42841571847
 31
241500.0
  0
LINE
  5
420
330
17
100
AcDbEntity
  8
BEAMS
100
AcDbLine
 10
59766.6605016361
 20
16014.42841571847
 30
241500.0
 11
53585.32185916215
 21
30937.499999999996
 31
241500.0
  0
LINE
  5
421
330
17
100
AcDbEntity
  8
BEAMS
100
AcDbLine
 10
53585.32185916215
 20
30937.499999999996
 30
241500.0
 11
43752.23208591763
 21
43752.232085917625
 31
241500.0
  0
LINE
  5
422
330
17
100
AcDbEntity
  8
BEAMS
100
AcDbLine
 10
43752.23208591763
 20
43752.232085917625
 30
241500.0
 11
30937.500000000007
 21
53585.32185916214
 31
241500.0
  0
LINE
  5
423
330
17
100
AcDbEntity
  8
BEAMS
100
AcDbLine
 10
30937.500000000007
 20
53585.32185916214
 30
241500.0
 11
16014.42841571847
 21
59766.6605016361
 31
241500.0
  0
LINE
  5
424
330
17
100
AcDbEntity
  8
BEAMS
100
AcDbLine
 10
16014.42841571847
 20
59766.6605016361
 30
241500.0
 11
3.788751034862124e-12
 21
61875.0
 31
241500.0
  0
LINE
  5
425
330
17
100
AcDbEntity
  8
BEAMS
100
AcDbLine
 10
3.788751034862124e-12
 20
61875.0
 30
241500.0
 11
-16014.428415718465
 21
59766.6605016361
 31
241500.0
  0
LINE
  5
426
330
17
100
AcDbEntity
  8
BEAMS
100
AcDbLine
 10
-16014.428415718465
 20
59766.6605016361
 30
241500.0
 11
-30937.49999999999
 21
53585.32185916215
 31
241500.0
  0
LINE
  5
427
330
17
100
AcDbEntity
  8
BEAMS
100
AcDbLine
 10
-30937.49999999999
 20
53585.32185916215
 30
241500.0
 11
-43752.232085917625
 21
43752.23208591763
 31
241500.0
  0
LINE
  5
428
330
17
100
AcDbEntity
  8
BEAMS
100
AcDbLine
 10
-43752.232085917625
 20
43752.23208591763
 30
241500.0
 11
-53585.32185916215
 21
30937.499999999996
 31
241500.0
  0
LINE
  5
429
330
17
100
AcDbEntity
  8
BEAMS
100
AcDbLine
 10
-53585.32185916215
 20
30937.499999999996
 30
241500.0
 11
-59766.66050163609
 21
16014.428415718488
 31
241500.0
  0
LINE
  5
42A
330
17
100
AcDbEntity
  8
BEAMS
100
AcDbLine
 10
-59766.66050163609
 20
16014.428415718488
 30
241500.0
 11
-61875.0
 21
7.577502069724248e-12
 31
241500.0
  0
LINE
  5
42B
330
17
100
AcDbEntity
  8
BEAMS
100
AcDbLine
 10
-61875.0
 20
7.577502069724248e-12
 30
241500.0
 11
-59766.6605016361
 21
-16014.428415718474
 31
241500.0
  0
LINE
  5
42C
330
17
100
AcDbEntity
  8
BEAMS
100
AcDbLine
 10
-59766.6605016361
 20
-16014.428415718474
 30
241500.0
 11
-53585.321859162155
 21
-30937.499999999985
 31
241500.0
  0
LINE
  5
42D
330
17
100
AcDbEntity
  8
BEAMS
100
AcDbLine
 10
-53585.321859162155
 20
-30937.499999999985
 30
241500.0
 11
-43752.232085917654
 21
-43752.2320859176
 31
241500.0
  0
LINE
  5
42E
330
17
100
AcDbEntity
  8
BEAMS
100
AcDbLine
 10
-43752.232085917654
 20
-43752.2320859176
 30
241500.0
 11
-30937.50000000003
 21
-53585.321859162126
 31
241500.0
  0
LINE
  5
42F
330
17
100
AcDbEntity
  8
BEAMS
100
AcDbLine
 10
-30937.50000000003
 20
-53585.321859162126
 30
241500.0
 11
-16014.428415718465
 21
-59766.6605016361
 31
241500.0
  0
LINE
  5
430
330
17
100
AcDbEntity
  8
BEAMS
100
AcDbLine
 10
-16014.428415718465
 20
-59766.6605016361
 30
241500.0
 11
-1.1366253104586371e-11
 21
-61875.0
 31
241500.0
  0
LINE
  5
431
330
17
100
AcDbEntity
  8
BEAMS
100
AcDbLine
 10
-1.1366253104586371e-11
 20
-61875.0
 30
241500.0
 11
16014.428415718443
 21
-59766.660501636106
 31
241500.0
  0
LINE
  5
432
330
17
100
AcDbEntity
  8
BEAMS
100
AcDbLine
 10
16014.428415718443
 20
-59766.660501636106
 30
241500.0
 11
30937.500000000007
 21
-53585.32185916214
 31
241500.0
  0
LINE
  5
433
330
17
100
AcDbEntity
  8
BEAMS
100
AcDbLine
 10
30937.500000000007
 20
-53585.32185916214
 30
241500.0
 11
43752.23208591762
 21
-43752.23208591764
 31
241500.0
  0
LINE
  5
434
330
17
100
AcDbEntity
  8
BEAMS
100
AcDbLine
 10
43752.23208591762
 20
-43752.23208591764
 30
241500.0
 11
53585.321859162126
 21
-30937.50000000003
 31
241500.0
  0
LINE
  5
435
330
17
100
AcDbEntity
  8
BEAMS
100
AcDbLine
 10
53585.321859162126
 20
-30937.50000000003
 30
241500.0
 11
59766.660501636085
 21
-16014.428415718523
 31
241500.0
  0
LINE
  5
436
330
17
100
AcDbEntity
  8
BEAMS
100
AcDbLine
 10
59766.660501636085
 20
-16014.428415718523
 30
241500.0
 11
61875.0
 21
-1.5155004139448496e-11
 31
241500.0
  0
LINE
  5
437
330
17
100
AcDbEntity
  8
BEAMS
100
AcDbLine
 10
30000.0
 20
0.0
 30
276000.0
 11
60000.0
 21
0.0
 31
276000.0
  0
LINE
  5
438
330
17
100
AcDbEntity
  8
BEAMS
100
AcDbLine
 10
25980.76211353316
 20
14999.999999999998
 30
276000.0
 11
51961.52422706632
 21
29999.999999999996
 31
276000.0
  0
LINE
  5
439
330
17
100
AcDbEntity
  8
BEAMS
100
AcDbLine
 10
15000.000000000004
 20
25980.762113533157
 30
276000.0
 11
30000.000000000007
 21
51961.524227066315
 31
276000.0
  0
LINE
  5
43A
330
17
100
AcDbEntity
  8
BEAMS
100
AcDbLine
 10
1.83697019872103e-12
 20
30000.0
 30
276000.0
 11
3.67394039744206e-12
 21
60000.0
 31
276000.0
  0
LINE
  5
43B
330
17
100
AcDbEntity
  8
BEAMS
100
AcDbLine
 10
-14999.999999999995
 20
25980.76211353316
 30
276000.0
 11
-29999.99999999999
 21
51961.52422706632
 31
276000.0
  0
LINE
  5
43C
330
17
100
AcDbEntity
  8
BEAMS
100
AcDbLine
 10
-25980.76211353316
 20
14999.999999999998
 30
276000.0
 11
-51961.52422706632
 21
29999.999999999996
 31
276000.0
  0
LINE
  5
43D
330
17
100
AcDbEntity
  8
BEAMS
100
AcDbLine
 10
-30000.0
 20
3.67394039744206e-12
 30
276000.0
 11
-60000.0
 21
7.34788079488412e-12
 31
276000.0
  0
LINE
  5
43E
330
17
100
AcDbEntity
  8
BEAMS
100
AcDbLine
 10
-25980.762113533165
 20
-14999.999999999993
 30
276000.0
 11
-51961.52422706633
 21
-29999.999999999985
 31
276000.0
  0
LINE
  5
43F
330
17
100
AcDbEntity
  8
BEAMS
100
AcDbLine
 10
-15000.000000000013
 20
-25980.76211353315
 30
276000.0
 11
-30000.000000000025
 21
-51961.5242270663
 31
276000.0
  0
LINE
  5
440
330
17
100
AcDbEntity
  8
BEAMS
100
AcDbLine
 10
-5.510910596163089e-12
 20
-30000.0
 30
276000.0
 11
-1.1021821192326178e-11
 21
-60000.0
 31
276000.0
  0
LINE
  5
441
330
17
100
AcDbEntity
  8
BEAMS
100
AcDbLine
 10
15000.000000000004
 20
-25980.762113533157
 30
276000.0
 11
30000.000000000007
 21
-51961.524227066315
 31
276000.0
  0
LINE
  5
442
330
17
100
AcDbEntity
  8
BEAMS
100
AcDbLine
 10
25980.76211353315
 20
-15000.000000000013
 30
276000.0
 11
51961.5242270663
 21
-30000.000000000025
 31
276000.0
  0
LINE
  5
443
330
17
100
AcDbEntity
  8
BEAMS
100
AcDbLine
 10
60000.0
 20
0.0
 30
276000.0
 11
57955.5495773441
 21
15529.142706151244
 31
276000.0
  0
LINE
  5
444
330
17
100
AcDbEntity
  8
BEAMS
100
AcDbLine
 10
57955.5495773441
 20
15529.142706151244
 30
276000.0
 11
51961.52422706632
 21
29999.999999999996
 31
276000.0
  0
LINE
  5
445
330
17
100
AcDbEntity
  8
BEAMS
100
AcDbLine
 10
51961.52422706632
 20
29999.999999999996
 30
276000.0
 11
42426.406871192856
 21
42426.40687119285
 31
276000.0
  0
LINE
  5
446
330
17
100
AcDbEntity
  8
BEAMS
100
AcDbLine
 10
42426.406871192856
 20
42426.40687119285
 30
276000.0
 11
30000.000000000007
 21
51961.524227066315
 31
276000.0
  0
LINE
  5
447
330
17
100
AcDbEntity
  8
BEAMS
100
AcDbLine
 10
30000.000000000007
 20
51961.524227066315
 30
276000.0
 11
15529.142706151244
 21
57955.5495773441
 31
276000.0
  0
LINE
  5
448
330
17
100
AcDbEntity
  8
BEAMS
100
AcDbLine
 10
15529.142706151244
 20
57955.5495773441
 30
276000.0
 11
3.67394039744206e-12
 21
60000.0
 31
276000.0
  0
LINE
  5
449
330
17
100
AcDbEntity
  8
BEAMS
100
AcDbLine
 10
3.67394039744206e-12
 20
60000.0
 30
276000.0
 11
-15529.142706151239
 21
57955.5495773441
 31
276000.0
  0
LINE
  5
44A
330
17
100
AcDbEntity
  8
BEAMS
100
AcDbLine
 10
-15529.142706151239
 20
57955.5495773441
 30
276000.0
 11
-29999.99999999999
 21
51961.52422706632
 31
276000.0
  0
LINE
  5
44B
330
17
100
AcDbEntity
  8
BEAMS
100
AcDbLine
 10
-29999.99999999999
 20
51961.52422706632
 30
276000.0
 11
-42426.40687119285
 21
42426.406871192856
 31
276000.0
  0
LINE
  5
44C
330
17
100
AcDbEntity
  8
BEAMS
100
AcDbLine
 10
-42426.40687119285
 20
42426.406871192856
 30
276000.0
 11
-51961.52422706632
 21
29999.999999999996
 31
276000.0
  0
LINE
  5
44D
330
17
100
AcDbEntity
  8
BEAMS
100
AcDbLine
 10
-51961.52422706632
 20
29999.999999999996
 30
276000.0
 11
-57955.54957734409
 21
15529.14270615126
 31
276000.0
  0
LINE
  5
44E
330
17
100
AcDbEntity
  8
BEAMS
100
AcDbLine
 10
-57955.54957734409
 20
15529.14270615126
 30
276000.0
 11
-60000.0
 21
7.34788079488412e-12
 31
276000.0
  0
LINE
  5
44F
330
17
100
AcDbEntity
  8
BEAMS
100
AcDbLine
 10
-60000.0
 20
7.34788079488412e-12
 30
276000.0
 11
-57955.5495773441
 21
-15529.142706151248
 31
276000.0
  0
LINE
  5
450
330
17
100
AcDbEntity
  8
BEAMS
100
AcDbLine
 10
-57955.5495773441
 20
-15529.142706151248
 30
276000.0
 11
-51961.52422706633
 21
-29999.999999999985
 31
276000.0
  0
LINE
  5
451
330
17
100
AcDbEntity
  8
BEAMS
100
AcDbLine
 10
-51961.52422706633
 20
-29999.999999999985
 30
276000.0
 11
-42426.40687119288
 21
-42426.40687119283
 31
276000.0
  0
LINE
  5
452
330
17
100
AcDbEntity
  8
BEAMS
100
AcDbLine
 10
-42426.40687119288
 20
-42426.40687119283
 30
276000.0
 11
-30000.000000000025
 21
-51961.5242270663
 31
276000.0
  0
LINE
  5
453
330
17
100
AcDbEntity
  8
BEAMS
100
AcDbLine
 10
-30000.000000000025
 20
-51961.5242270663
 30
276000.0
 11
-15529.142706151239
 21
-57955.5495773441
 31
276000.0
  0
LINE
  5
454
330
17
100
AcDbEntity
  8
BEAMS
100
AcDbLine
 10
-15529.142706151239
 20
-57955.5495773441
 30
276000.0
 11
-1.1021821192326178e-11
 21
-60000.0
 31
276000.0
  0
LINE
  5
455
330
17
100
AcDbEntity
  8
BEAMS
100
AcDbLine
 10
-1.1021821192326178e-11
 20
-60000.0
 30
276000.0
 11
15529.142706151219
 21
-57955.54957734411
 31
276000.0
  0
LINE
  5
456
330
17
100
AcDbEntity
  8
BEAMS
100
AcDbLine
 10
15529.142706151219
 20
-57955.54957734411
 30
276000.0
 11
30000.000000000007
 21
-51961.524227066315
 31
276000.0
  0
LINE
  5
457
330
17
100
AcDbEntity
  8
BEAMS
100
AcDbLine
 10
30000.000000000007
 20
-51961.524227066315
 30
276000.0
 11
42426.40687119284
 21
-42426.40687119286
 31
276000.0
  0
LINE
  5
458
330
17
100
AcDbEntity
  8
BEAMS
100
AcDbLine
 10
42426.40687119284
 20
-42426.40687119286
 30
276000.0
 11
51961.5242270663
 21
-30000.000000000025
 31
276000.0
  0
LINE
  5
459
330
17
100
AcDbEntity
  8
BEAMS
100
AcDbLine
 10
51961.5242270663
 20
-30000.000000000025
 30
276000.0
 11
57955.549577344085
 21
-15529.142706151295
 31
276000.0
  0
LINE
  5
45A
330
17
100
AcDbEntity
  8
BEAMS
100
AcDbLine
 10
57955.549577344085
 20
-15529.142706151295
 30
276000.0
 11
60000.0
 21
-1.469576158976824e-11
 31
276000.0
  0
LINE
  5
45B
330
17
100
AcDbEntity
  8
BEAMS
100
AcDbLine
 10
29062.5
 20
0.0
 30
310500.0
 11
58125.0
 21
0.0
 31
310500.0
  0
LINE
  5
45C
330
17
100
AcDbEntity
  8
BEAMS
100
AcDbLine
 10
25168.86329748525
 20
14531.249999999998
 30
310500.0
 11
50337.7265949705
 21
29062.499999999996
 31
310500.0
  0
LINE
  5
45D
330
17
100
AcDbEntity
  8
BEAMS
100
AcDbLine
 10
14531.250000000004
 20
25168.863297485248
 30
310500.0
 11
29062.500000000007
 21
50337.726594970496
 31
310500.0
  0
LINE
  5
45E
330
17
100
AcDbEntity
  8
BEAMS
100
AcDbLine
 10
1.7795648800109977e-12
 20
29062.5
 30
310500.0
 11
3.5591297600219954e-12
 21
58125.0
 31
310500.0
  0
LINE
  5
45F
330
17
100
AcDbEntity
  8
BEAMS
100
AcDbLine
 10
-14531.249999999995
 20
25168.86329748525
 30
310500.0
 11
-29062.49999999999
 21
50337.7265949705
 31
310500.0
  0
LINE
  5
460
330
17
100
AcDbEntity
  8
BEAMS
100
AcDbLine
 10
-25168.86329748525
 20
14531.249999999998
 30
310500.0
 11
-50337.7265949705
 21
29062.499999999996
 31
310500.0
  0
LINE
  5
461
330
17
100
AcDbEntity
  8
BEAMS
100
AcDbLine
 10
-29062.5
 20
3.5591297600219954e-12
 30
310500.0
 11
-58125.0
 21
7.118259520043991e-12
 31
310500.0
  0
LINE
  5
462
330
17
100
AcDbEntity
  8
BEAMS
100
AcDbLine
 10
-25168.86329748525
 20
-14531.249999999993
 30
310500.0
 11
-50337.7265949705
 21
-29062.499999999985
 31
310500.0
  0
LINE
  5
463
330
17
100
AcDbEntity
  8
BEAMS
100
AcDbLine
 10
-14531.250000000013
 20
-25168.86329748524
 30
310500.0
 11
-29062.500000000025
 21
-50337.72659497048
 31
310500.0
  0
LINE
  5
464
330
17
100
AcDbEntity
  8
BEAMS
100
AcDbLine
 10
-5.338694640032993e-12
 20
-29062.5
 30
310500.0
 11
-1.0677389280065985e-11
 21
-58125.0
 31
310500.0
  0
LINE
  5
465
330
17
100
AcDbEntity
  8
BEAMS
100
AcDbLine
 10
14531.250000000004
 20
-25168.863297485248
 30
310500.0
 11
29062.500000000007
 21
-50337.726594970496
 31
310500.0
  0
LINE
  5
466
330
17
100
AcDbEntity
  8
BEAMS
100
AcDbLine
 10
25168.86329748524
 20
-14531.250000000013
 30
310500.0
 11
50337.72659497048
 21
-29062.500000000025
 31
310500.0
  0
LINE
  5
467
330
17
100
AcDbEntity
  8
BEAMS
100
AcDbLine
 10
58125.0
 20
0.0
 30
310500.0
 11
56144.43865305209
 21
15043.856996584018
 31
310500.0
  0
LINE
  5
468
330
17
100
AcDbEntity
  8
BEAMS
100
AcDbLine
 10
56144.43865305209
 20
15043.856996584018
 30
310500.0
 11
50337.7265949705
 21
29062.499999999996
 31
310500.0
  0
LINE
  5
469
330
17
100
AcDbEntity
  8
BEAMS
100
AcDbLine
 10
50337.7265949705
 20
29062.499999999996
 30
310500.0
 11
41100.58165646808
 21
41100.58165646807
 31
310500.0
  0
LINE
  5
46A
330
17
100
AcDbEntity
  8
BEAMS
100
AcDbLine
 10
41100.58165646808
 20
41100.58165646807
 30
310500.0
 11
29062.500000000007
 21
50337.726594970496
 31
310500.0
  0
LINE
  5
46B
330
17
100
AcDbEntity
  8
BEAMS
100
AcDbLine
 10
29062.500000000007
 20
50337.726594970496
 30
310500.0
 11
15043.856996584018
 21
56144.43865305209
 31
310500.0
  0
LINE
  5
46C
330
17
100
AcDbEntity
  8
BEAMS
100
AcDbLine
 10
15043.856996584018
 20
56144.43865305209
 30
310500.0
 11
3.5591297600219954e-12
 21
58125.0
 31
310500.0
  0
LINE
  5
46D
330
17
100
AcDbEntity
  8
BEAMS
100
AcDbLine
 10
3.5591297600219954e-12
 20
58125.0
 30
310500.0
 11
-15043.85699658401
 21
56144.43865305209
 31
310500.0
  0
LINE
  5
46E
330
17
100
AcDbEntity
  8
BEAMS
100
AcDbLine
 10
-15043.85699658401
 20
56144.43865305209
 30
310500.0
 11
-29062.49999999999
 21
50337.7265949705
 31
310500.0
  0
LINE
  5
46F
330
17
100
AcDbEntity
  8
BEAMS
100
AcDbLine
 10
-29062.49999999999
 20
50337.7265949705
 30
310500.0
 11
-41100.58165646807
 21
41100.58165646808
 31
310500.0
  0
LINE
  5
470
330
17
100
AcDbEntity
  8
BEAMS
100
AcDbLine
 10
-41100.58165646807
 20
41100.58165646808
 30
310500.0
 11
-50337.7265949705
 21
29062.499999999996
 31
310500.0
  0
LINE
  5
471
330
17
100
AcDbEntity
  8
BEAMS
100
AcDbLine
 10
-50337.7265949705
 20
29062.499999999996
 30
310500.0
 11
-56144.438653052086
 21
15043.856996584034
 31
310500.0
  0
LINE
  5
472
330
17
100
AcDbEntity
  8
BEAMS
100
AcDbLine
 10
-56144.438653052086
 20
15043.856996584034
 30
310500.0
 11
-58125.0
 21
7.118259520043991e-12
 31
310500.0
  0
LINE
  5
473
330
17
100
AcDbEntity
  8
BEAMS
100
AcDbLine
 10
-58125.0
 20
7.118259520043991e-12
 30
310500.0
 11
-56144.43865305209
 21
-15043.856996584022
 31
310500.0
  0
LINE
  5
474
330
17
100
AcDbEntity
  8
BEAMS
100
AcDbLine
 10
-56144.43865305209
 20
-15043.856996584022
 30
310500.0
 11
-50337.7265949705
 21
-29062.499999999985
 31
310500.0
  0
LINE
  5
475
330
17
100
AcDbEntity
  8
BEAMS
100
AcDbLine
 10
-50337.7265949705
 20
-29062.499999999985
 30
310500.0
 11
-41100.58165646809
 21
-41100.58165646805
 31
310500.0
  0
LINE
  5
476
330
17
100
AcDbEntity
  8
BEAMS
100
AcDbLine
 10
-41100.58165646809
 20
-41100.58165646805
 30
310500.0
 11
-29062.500000000025
 21
-50337.72659497048
 31
310500.0
  0
LINE
  5
477
330
17
100
AcDbEntity
  8
BEAMS
100
AcDbLine
 10
-29062.500000000025
 20
-50337.72659497048
 30
310500.0
 11
-15043.85699658401
 21
-56144.43865305209
 31
310500.0
  0
LINE
  5
478
330
17
100
AcDbEntity
  8
BEAMS
100
AcDbLine
 10
-15043.85699658401
 20
-56144.43865305209
 30
310500.0
 11
-1.0677389280065985e-11
 21
-58125.0
 31
310500.0
  0
LINE
  5
479
330
17
100
AcDbEntity
  8
BEAMS
100
AcDbLine
 10
-1.0677389280065985e-11
 20
-58125.0
 30
310500.0
 11
15043.856996583992
 21
-56144.4386530521
 31
310500.0
  0
LINE
  5
47A
330
17
100
AcDbEntity
  8
BEAMS
100
AcDbLine
 10
15043.856996583992
 20
-56144.4386530521
 30
310500.0
 11
29062.500000000007
 21
-50337.726594970496
 31
310500.0
  0
LINE
  5
47B
330
17
100
AcDbEntity
  8
BEAMS
100
AcDbLine
 10
29062.500000000007
 20
-50337.726594970496
 30
310500.0
 11
41100.581656468064
 21
-41100.581656468086
 31
310500.0
  0
LINE
  5
47C
330
17
100
AcDbEntity
  8
BEAMS
100
AcDbLine
 10
41100.581656468064
 20
-41100.581656468086
 30
310500.0
 11
50337.72659497048
 21
-29062.500000000025
 31
310500.0
  0
LINE
  5
47D
330
17
100
AcDbEntity
  8
BEAMS
100
AcDbLine
 10
50337.72659497048
 20
-29062.500000000025
 30
310500.0
 11
56144.438653052086
 21
-15043.856996584067
 31
310500.0
  0
LINE
  5
47E
330
17
100
AcDbEntity
  8
BEAMS
100
AcDbLine
 10
56144.438653052086
 20
-15043.856996584067
 30
310500.0
 11
58125.0
 21
-1.4236519040087981e-11
 31
310500.0
  0
LINE
  5
47F
330
17
100
AcDbEntity
  8
BEAMS
100
AcDbLine
 10
28125.0
 20
0.0
 30
345000.0
 11
56250.0
 21
0.0
 31
345000.0
  0
LINE
  5
480
330
17
100
AcDbEntity
  8
BEAMS
100
AcDbLine
 10
24356.96448143734
 20
14062.499999999998
 30
345000.0
 11
48713.92896287468
 21
28124.999999999996
 31
345000.0
  0
LINE
  5
481
330
17
100
AcDbEntity
  8
BEAMS
100
AcDbLine
 10
14062.500000000004
 20
24356.964481437335
 30
345000.0
 11
28125.000000000007
 21
48713.92896287467
 31
345000.0
  0
LINE
  5
482
330
17
100
AcDbEntity
  8
BEAMS
100
AcDbLine
 10
1.7221595613009655e-12
 20
28125.0
 30
345000.0
 11
3.444319122601931e-12
 21
56250.0
 31
345000.0
  0
LINE
  5
483
330
17
100
AcDbEntity
  8
BEAMS
100
AcDbLine
 10
-14062.499999999995
 20
24356.96448143734
 30
345000.0
 11
-28124.99999999999
 21
48713.92896287468
 31
345000.0
  0
LINE
  5
484
330
17
100
AcDbEntity
  8
BEAMS
100
AcDbLine
 10
-24356.96448143734
 20
14062.499999999998
 30
345000.0
 11
-48713.92896287468
 21
28124.999999999996
 31
345000.0
  0
LINE
  5
485
330
17
100
AcDbEntity
  8
BEAMS
100
AcDbLine
 10
-28125.0
 20
3.444319122601931e-12
 30
345000.0
 11
-56250.0
 21
6.888638245203862e-12
 31
345000.0
  0
LINE
  5
486
330
17
100
AcDbEntity
  8
BEAMS
100
AcDbLine
 10
-24356.964481437342
 20
-14062.499999999995
 30
345000.0
 11
-48713.928962874685
 21
-28124.99999999999
 31
345000.0
  0
LINE
  5
487
330
17
100
AcDbEntity
  8
BEAMS
100
AcDbLine
 10
-14062.500000000013
 20
-24356.964481437328
 30
345000.0
 11
-28125.000000000025
 21
-48713.928962874656
 31
345000.0
  0
LINE
  5
488
330
17
100
AcDbEntity
  8
BEAMS
100
AcDbLine
 10
-5.166478683902896e-12
 20
-28125.0
 30
345000.0
 11
-1.0332957367805792e-11
 21
-56250.0
 31
345000.0
  0
LINE
  5
489
330
17
100
AcDbEntity
  8
BEAMS
100
AcDbLine
 10
14062.500000000004
 20
-24356.964481437335
 30
345000.0
 11
28125.000000000007
 21
-48713.92896287467
 31
345000.0
  0
LINE
  5
48A
330
17
100
AcDbEntity
  8
BEAMS
100
AcDbLine
 10
24356.964481437328
 20
-14062.500000000013
 30
345000.0
 11
48713.928962874656
 21
-28125.000000000025
 31
345000.0
  0
LINE
  5
48B
330
17
100
AcDbEntity
  8
BEAMS
100
AcDbLine
 10
56250.0
 20
0.0
 30
345000.0
 11
54333.327728760094
 21
14558.571287016792
 31
345000.0
  0
LINE
  5
48C
330
17
100
AcDbEntity
  8
BEAMS
100
AcDbLine
 10
54333.327728760094
 20
14558.571287016792
 30
345000.0
 11
48713.92896287468
 21
28124.999999999996
 31
345000.0
  0
LINE
  5
48D
330
17
100
AcDbEntity
  8
BEAMS
100
AcDbLine
 10
48713.92896287468
 20
28124.999999999996
 30
345000.0
 11
39774.7564417433
 21
39774.756441743295
 31
345000.0
  0
LINE
  5
48E
330
17
100
AcDbEntity
  8
BEAMS
100
AcDbLine
 10
39774.7564417433
 20
39774.756441743295
 30
345000.0
 11
28125.000000000007
 21
48713.92896287467
 31
345000.0
  0
LINE
  5
48F
330
17
100
AcDbEntity
  8
BEAMS
100
AcDbLine
 10
28125.000000000007
 20
48713.92896287467
 30
345000.0
 11
14558.571287016792
 21
54333.327728760094
 31
345000.0
  0
LINE
  5
490
330
17
100
AcDbEntity
  8
BEAMS
100
AcDbLine
 10
14558.571287016792
 20
54333.327728760094
 30
345000.0
 11
3.444319122601931e-12
 21
56250.0
 31
345000.0
  0
LINE
  5
491
330
17
100
AcDbEntity
  8
BEAMS
100
AcDbLine
 10
3.444319122601931e-12
 20
56250.0
 30
345000.0
 11
-14558.571287016784
 21
54333.327728760094
 31
345000.0
  0
LINE
  5
492
330
17
100
AcDbEntity
  8
BEAMS
100
AcDbLine
 10
-14558.571287016784
 20
54333.327728760094
 30
345000.0
 11
-28124.99999999999
 21
48713.92896287468
 31
345000.0
  0
LINE
  5
493
330
17
100
AcDbEntity
  8
BEAMS
100
AcDbLine
 10
-28124.99999999999
 20
48713.92896287468
 30
345000.0
 11
-39774.756441743295
 21
39774.7564417433
 31
345000.0
  0
LINE
  5
494
330
17
100
AcDbEntity
  8
BEAMS
100
AcDbLine
 10
-39774.756441743295
 20
39774.7564417433
 30
345000.0
 11
-48713.92896287468
 21
28124.999999999996
 31
345000.0
  0
LINE
  5
495
330
17
100
AcDbEntity
  8
BEAMS
100
AcDbLine
 10
-48713.92896287468
 20
28124.999999999996
 30
345000.0
 11
-54333.32772876009
 21
14558.571287016806
 31
345000.0
  0
LINE
  5
496
330
17
100
AcDbEntity
  8
BEAMS
100
AcDbLine
 10
-54333.32772876009
 20
14558.571287016806
 30
345000.0
 11
-56250.0
 21
6.888638245203862e-12
 31
345000.0
  0
LINE
  5
497
330
17
100
AcDbEntity
  8
BEAMS
100
AcDbLine
 10
-56250.0
 20
6.888638245203862e-12
 30
345000.0
 11
-54333.327728760094
 21
-14558.571287016795
 31
345000.0
  0
LINE
  5
498
330
17
100
AcDbEntity
  8
BEAMS
100
AcDbLine
 10
-54333.327728760094
 20
-14558.571287016795
 30
345000.0
 11
-48713.928962874685
 21
-28124.99999999999
 31
345000.0
  0
LINE
  5
499
330
17
100
AcDbEntity
  8
BEAMS
100
AcDbLine
 10
-48713.928962874685
 20
-28124.99999999999
 30
345000.0
 11
-39774.75644174332
 21
-39774.75644174327
 31
345000.0
  0
LINE
  5
49A
330
17
100
AcDbEntity
  8
BEAMS
100
AcDbLine
 10
-39774.75644174332
 20
-39774.75644174327
 30
345000.0
 11
-28125.000000000025
 21
-48713.928962874656
 31
345000.0
  0
LINE
  5
49B
330
17
100
AcDbEntity
  8
BEAMS
100
AcDbLine
 10
-28125.000000000025
 20
-48713.928962874656
 30
345000.0
 11
-14558.571287016784
 21
-54333.327728760094
 31
345000.0
  0
LINE
  5
49C
330
17
100
AcDbEntity
  8
BEAMS
100
AcDbLine
 10
-14558.571287016784
 20
-54333.327728760094
 30
345000.0
 11
-1.0332957367805792e-11
 21
-56250.0
 31
345000.0
  0
LINE
  5
49D
330
17
100
AcDbEntity
  8
BEAMS
100
AcDbLine
 10
-1.0332957367805792e-11
 20
-56250.0
 30
345000.0
 11
14558.571287016766
 21
-54333.3277287601
 31
345000.0
  0
LINE
  5
49E
330
17
100
AcDbEntity
  8
BEAMS
100
AcDbLine
 10
14558.571287016766
 20
-54333.3277287601
 30
345000.0
 11
28125.000000000007
 21
-48713.92896287467
 31
345000.0
  0
LINE
  5
49F
330
17
100
AcDbEntity
  8
BEAMS
100
AcDbLine
 10
28125.000000000007
 20
-48713.92896287467
 30
345000.0
 11
39774.75644174329
 21
-39774.75644174331
 31
345000.0
  0
LINE
  5
4A0
330
17
100
AcDbEntity
  8
BEAMS
100
AcDbLine
 10
39774.75644174329
 20
-39774.75644174331
 30
345000.0
 11
48713.928962874656
 21
-28125.000000000025
 31
345000.0
  0
LINE
  5
4A1
330
17
100
AcDbEntity
  8
BEAMS
100
AcDbLine
 10
48713.928962874656
 20
-28125.000000000025
 30
345000.0
 11
54333.32772876008
 21
-14558.571287016839
 31
345000.0
  0
LINE
  5
4A2
330
17
100
AcDbEntity
  8
BEAMS
100
AcDbLine
 10
54333.32772876008
 20
-14558.571287016839
 30
345000.0
 11
56250.0
 21
-1.3777276490407724e-11
 31
345000.0
  0
LINE
  5
4A3
330
17
100
AcDbEntity
  8
BEAMS
100
AcDbLine
 10
27187.500000000004
 20
0.0
 30
379500.0
 11
54375.00000000001
 21
0.0
 31
379500.0
  0
LINE
  5
4A4
330
17
100
AcDbEntity
  8
BEAMS
100
AcDbLine
 10
23545.06566538943
 20
13593.75
 30
379500.0
 11
47090.13133077886
 21
27187.5
 31
379500.0
  0
LINE
  5
4A5
330
17
100
AcDbEntity
  8
BEAMS
100
AcDbLine
 10
13593.750000000005
 20
23545.065665389426
 30
379500.0
 11
27187.50000000001
 21
47090.13133077885
 31
379500.0
  0
LINE
  5
4A6
330
17
100
AcDbEntity
  8
BEAMS
100
AcDbLine
 10
1.6647542425909335e-12
 20
27187.500000000004
 30
379500.0
 11
3.329508485181867e-12
 21
54375.00000000001
 31
379500.0
  0
LINE
  5
4A7
330
17
100
AcDbEntity
  8
BEAMS
100
AcDbLine
 10
-13593.749999999998
 20
23545.06566538943
 30
379500.0
 11
-27187.499999999996
 21
47090.13133077886
 31
379500.0
  0
LINE
  5
4A8
330
17
100
AcDbEntity
  8
BEAMS
100
AcDbLine
 10
-23545.06566538943
 20
13593.75
 30
379500.0
 11
-47090.13133077886
 21
27187.5
 31
379500.0
  0
LINE
  5
4A9
330
17
100
AcDbEntity
  8
BEAMS
100
AcDbLine
 10
-27187.500000000004
 20
3.329508485181867e-12
 30
379500.0
 11
-54375.00000000001
 21
6.659016970363734e-12
 31
379500.0
  0
LINE
  5
4AA
330
17
100
AcDbEntity
  8
BEAMS
100
AcDbLine
 10
-23545.065665389433
 20
-13593.749999999996
 30
379500.0
 11
-47090.131330778866
 21
-27187.499999999993
 31
379500.0
  0
LINE
  5
4AB
330
17
100
AcDbEntity
  8
BEAMS
100
AcDbLine
 10
-13593.750000000015
 20
-23545.065665389422
 30
379500.0
 11
-27187.50000000003
 21
-47090.131330778844
 31
379500.0
  0
LINE
  5
4AC
330
17
100
AcDbEntity
  8
BEAMS
100
AcDbLine
 10
-4.9942627277728004e-12
 20
-27187.500000000004
 30
379500.0
 11
-9.988525455545601e-12
 21
-54375.00000000001
 31
379500.0
  0
LINE
  5
4AD
330
17
100
AcDbEntity
  8
BEAMS
100
AcDbLine
 10
13593.750000000005
 20
-23545.065665389426
 30
379500.0
 11
27187.50000000001
 21
-47090.13133077885
 31
379500.0
  0
LINE
  5
4AE
330
17
100
AcDbEntity
  8
BEAMS
100
AcDbLine
 10
23545.065665389422
 20
-13593.750000000015
 30
379500.0
 11
47090.131330778844
 21
-27187.50000000003
 31
379500.0
  0
LINE
  5
4AF
330
17
100
AcDbEntity
  8
BEAMS
100
AcDbLine
 10
54375.00000000001
 20
0.0
 30
379500.0
 11
52522.216804468095
 21
14073.285577449567
 31
379500.0
  0
LINE
  5
4B0
330
17
100
AcDbEntity
  8
BEAMS
100
AcDbLine
 10
52522.216804468095
 20
14073.285577449567
 30
379500.0
 11
47090.13133077886
 21
27187.5
 31
379500.0
  0
LINE
  5
4B1
330
17
100
AcDbEntity
  8
BEAMS
100
AcDbLine
 10
47090.13133077886
 20
27187.5
 30
379500.0
 11
38448.93122701853
 21
38448.931227018526
 31
379500.0
  0
LINE
  5
4B2
330
17
100
AcDbEntity
  8
BEAMS
100
AcDbLine
 10
38448.93122701853
 20
38448.931227018526
 30
379500.0
 11
27187.50000000001
 21
47090.13133077885
 31
379500.0
  0
LINE
  5
4B3
330
17
100
AcDbEntity
  8
BEAMS
100
AcDbLine
 10
27187.50000000001
 20
47090.13133077885
 30
379500.0
 11
14073.285577449567
 21
52522.216804468095
 31
379500.0
  0
LINE
  5
4B4
330
17
100
AcDbEntity
  8
BEAMS
100
AcDbLine
 10
14073.285577449567
 20
52522.216804468095
 30
379500.0
 11
3.329508485181867e-12
 21
54375.00000000001
 31
379500.0
  0
LINE
  5
4B5
330
17
100
AcDbEntity
  8
BEAMS
100
AcDbLine
 10
3.329508485181867e-12
 20
54375.00000000001
 30
379500.0
 11
-14073.28557744956
 21
52522.216804468095
 31
379500.0
  0
LINE
  5
4B6
330
17
100
AcDbEntity
  8
BEAMS
100
AcDbLine
 10
-14073.28557744956
 20
52522.216804468095
 30
379500.0
 11
-27187.499999999996
 21
47090.13133077886
 31
379500.0
  0
LINE
  5
4B7
330
17
100
AcDbEntity
  8
BEAMS
100
AcDbLine
 10
-27187.499999999996
 20
47090.13133077886
 30
379500.0
 11
-38448.931227018526
 21
38448.93122701853
 31
379500.0
  0
LINE
  5
4B8
330
17
100
AcDbEntity
  8
BEAMS
100
AcDbLine
 10
-38448.931227018526
 20
38448.93122701853
 30
379500.0
 11
-47090.13133077886
 21
27187.5
 31
379500.0
  0
LINE
  5
4B9
330
17
100
AcDbEntity
  8
BEAMS
100
AcDbLine
 10
-47090.13133077886
 20
27187.5
 30
379500.0
 11
-52522.21680446809
 21
14073.285577449582
 31
379500.0
  0
LINE
  5
4BA
330
17
100
AcDbEntity
  8
BEAMS
100
AcDbLine
 10
-52522.21680446809
 20
14073.285577449582
 30
379500.0
 11
-54375.00000000001
 21
6.659016970363734e-12
 31
379500.0
  0
LINE
  5
4BB
330
17
100
AcDbEntity
  8
BEAMS
100
AcDbLine
 10
-54375.00000000001
 20
6.659016970363734e-12
 30
379500.0
 11
-52522.216804468095
 21
-14073.28557744957
 31
379500.0
  0
LINE
  5
4BC
330
17
100
AcDbEntity
  8
BEAMS
100
AcDbLine
 10
-52522.216804468095
 20
-14073.28557744957
 30
379500.0
 11
-47090.131330778866
 21
-27187.499999999993
 31
379500.0
  0
LINE
  5
4BD
330
17
100
AcDbEntity
  8
BEAMS
100
AcDbLine
 10
-47090.131330778866
 20
-27187.499999999993
 30
379500.0
 11
-38448.93122701855
 21
-38448.931227018504
 31
379500.0
  0
LINE
  5
4BE
330
17
100
AcDbEntity
  8
BEAMS
100
AcDbLine
 10
-38448.93122701855
 20
-38448.931227018504
 30
379500.0
 11
-27187.50000000003
 21
-47090.131330778844
 31
379500.0
  0
LINE
  5
4BF
330
17
100
AcDbEntity
  8
BEAMS
100
AcDbLine
 10
-27187.50000000003
 20
-47090.131330778844
 30
379500.0
 11
-14073.28557744956
 21
-52522.216804468095
 31
379500.0
  0
LINE
  5
4C0
330
17
100
AcDbEntity
  8
BEAMS
100
AcDbLine
 10
-14073.28557744956
 20
-52522.216804468095
 30
379500.0
 11
-9.988525455545601e-12
 21
-54375.00000000001
 31
379500.0
  0
LINE
  5
4C1
330
17
100
AcDbEntity
  8
BEAMS
100
AcDbLine
 10
-9.988525455545601e-12
 20
-54375.00000000001
 30
379500.0
 11
14073.285577449544
 21
-52522.2168044681
 31
379500.0
  0
LINE
  5
4C2
330
17
100
AcDbEntity
  8
BEAMS
100
AcDbLine
 10
14073.285577449544
 20
-52522.2168044681
 30
379500.0
 11
27187.50000000001
 21
-47090.13133077885
 31
379500.0
  0
LINE
  5
4C3
330
17
100
AcDbEntity
  8
BEAMS
100
AcDbLine
 10
27187.50000000001
 20
-47090.13133077885
 30
379500.0
 11
38448.93122701852
 21
-38448.93122701853
 31
379500.0
  0
LINE
  5
4C4
330
17
100
AcDbEntity
  8
BEAMS
100
AcDbLine
 10
38448.93122701852
 20
-38448.93122701853
 30
379500.0
 11
47090.131330778844
 21
-27187.50000000003
 31
379500.0
  0
LINE
  5
4C5
330
17
100
AcDbEntity
  8
BEAMS
100
AcDbLine
 10
47090.131330778844
 20
-27187.50000000003
 30
379500.0
 11
52522.21680446809
 21
-14073.285577449613
 31
379500.0
  0
LINE
  5
4C6
330
17
100
AcDbEntity
  8
BEAMS
100
AcDbLine
 10
52522.21680446809
 20
-14073.285577449613
 30
379500.0
 11
54375.00000000001
 21
-1.3318033940727468e-11
 31
379500.0
  0
LINE
  5
4C7
330
17
100
AcDbEntity
  8
BEAMS
100
AcDbLine
 10
26250.0
 20
0.0
 30
414000.0
 11
52500.0
 21
0.0
 31
414000.0
  0
LINE
  5
4C8
330
17
100
AcDbEntity
  8
BEAMS
100
AcDbLine
 10
22733.166849341516
 20
13124.999999999998
 30
414000.0
 11
45466.33369868303
 21
26249.999999999996
 31
414000.0
  0
LINE
  5
4C9
330
17
100
AcDbEntity
  8
BEAMS
100
AcDbLine
 10
13125.000000000004
 20
22733.166849341513
 30
414000.0
 11
26250.000000000007
 21
45466.333698683025
 31
414000.0
  0
LINE
  5
4CA
330
17
100
AcDbEntity
  8
BEAMS
100
AcDbLine
 10
1.6073489238809012e-12
 20
26250.0
 30
414000.0
 11
3.2146978477618023e-12
 21
52500.0
 31
414000.0
  0
LINE
  5
4CB
330
17
100
AcDbEntity
  8
BEAMS
100
AcDbLine
 10
-13124.999999999996
 20
22733.166849341516
 30
414000.0
 11
-26249.999999999993
 21
45466.33369868303
 31
414000.0
  0
LINE
  5
4CC
330
17
100
AcDbEntity
  8
BEAMS
100
AcDbLine
 10
-22733.166849341516
 20
13124.999999999998
 30
414000.0
 11
-45466.33369868303
 21
26249.999999999996
 31
414000.0
  0
LINE
  5
4CD
330
17
100
AcDbEntity
  8
BEAMS
100
AcDbLine
 10
-26250.0
 20
3.2146978477618023e-12
 30
414000.0
 11
-52500.0
 21
6.429395695523605e-12
 31
414000.0
  0
LINE
  5
4CE
330
17
100
AcDbEntity
  8
BEAMS
100
AcDbLine
 10
-22733.16684934152
 20
-13124.999999999995
 30
414000.0
 11
-45466.33369868304
 21
-26249.99999999999
 31
414000.0
  0
LINE
  5
4CF
330
17
100
AcDbEntity
  8
BEAMS
100
AcDbLine
 10
-13125.000000000011
 20
-22733.16684934151
 30
414000.0
 11
-26250.000000000022
 21
-45466.33369868302
 31
414000.0
  0
LINE
  5
4D0
330
17
100
AcDbEntity
  8
BEAMS
100
AcDbLine
 10
-4.822046771642703e-12
 20
-26250.0
 30
414000.0
 11
-9.644093543285406e-12
 21
-52500.0
 31
414000.0
  0
LINE
  5
4D1
330
17
100
AcDbEntity
  8
BEAMS
100
AcDbLine
 10
13125.000000000004
 20
-22733.166849341513
 30
414000.0
 11
26250.000000000007
 21
-45466.333698683025
 31
414000.0
  0
LINE
  5
4D2
330
17
100
AcDbEntity
  8
BEAMS
100
AcDbLine
 10
22733.16684934151
 20
-13125.000000000011
 30
414000.0
 11
45466.33369868302
 21
-26250.000000000022
 31
414000.0
  0
LINE
  5
4D3
330
17
100
AcDbEntity
  8
BEAMS
100
AcDbLine
 10
52500.0
 20
0.0
 30
414000.0
 11
50711.10588017609
 21
13587.99986788234
 31
414000.0
  0
LINE
  5
4D4
330
17
100
AcDbEntity
  8
BEAMS
100
AcDbLine
 10
50711.10588017609
 20
13587.99986788234
 30
414000.0
 11
45466.33369868303
 21
26249.999999999996
 31
414000.0
  0
LINE
  5
4D5
330
17
100
AcDbEntity
  8
BEAMS
100
AcDbLine
 10
45466.33369868303
 20
26249.999999999996
 30
414000.0
 11
37123.10601229375
 21
37123.10601229374
 31
414000.0
  0
LINE
  5
4D6
330
17
100
AcDbEntity
  8
BEAMS
100
AcDbLine
 10
37123.10601229375
 20
37123.10601229374
 30
414000.0
 11
26250.000000000007
 21
45466.333698683025
 31
414000.0
  0
LINE
  5
4D7
330
17
100
AcDbEntity
  8
BEAMS
100
AcDbLine
 10
26250.000000000007
 20
45466.333698683025
 30
414000.0
 11
13587.99986788234
 21
50711.10588017609
 31
414000.0
  0
LINE
  5
4D8
330
17
100
AcDbEntity
  8
BEAMS
100
AcDbLine
 10
13587.99986788234
 20
50711.10588017609
 30
414000.0
 11
3.2146978477618023e-12
 21
52500.0
 31
414000.0
  0
LINE
  5
4D9
330
17
100
AcDbEntity
  8
BEAMS
100
AcDbLine
 10
3.2146978477618023e-12
 20
52500.0
 30
414000.0
 11
-13587.999867882332
 21
50711.10588017609
 31
414000.0
  0
LINE
  5
4DA
330
17
100
AcDbEntity
  8
BEAMS
100
AcDbLine
 10
-13587.999867882332
 20
50711.10588017609
 30
414000.0
 11
-26249.999999999993
 21
45466.33369868303
 31
414000.0
  0
LINE
  5
4DB
330
17
100
AcDbEntity
  8
BEAMS
100
AcDbLine
 10
-26249.999999999993
 20
45466.33369868303
 30
414000.0
 11
-37123.10601229374
 21
37123.10601229375
 31
414000.0
  0
LINE
  5
4DC
330
17
100
AcDbEntity
  8
BEAMS
100
AcDbLine
 10
-37123.10601229374
 20
37123.10601229375
 30
414000.0
 11
-45466.33369868303
 21
26249.999999999996
 31
414000.0
  0
LINE
  5
4DD
330
17
100
AcDbEntity
  8
BEAMS
100
AcDbLine
 10
-45466.33369868303
 20
26249.999999999996
 30
414000.0
 11
-50711.10588017608
 21
13587.999867882354
 31
414000.0
  0
LINE
  5
4DE
330
17
100
AcDbEntity
  8
BEAMS
100
AcDbLine
 10
-50711.10588017608
 20
13587.999867882354
 30
414000.0
 11
-52500.0
 21
6.429395695523605e-12
 31
414000.0
  0
LINE
  5
4DF
330
17
100
AcDbEntity
  8
BEAMS
100
AcDbLine
 10
-52500.0
 20
6.429395695523605e-12
 30
414000.0
 11
-50711.10588017609
 21
-13587.999867882341
 31
414000.0
  0
LINE
  5
4E0
330
17
100
AcDbEntity
  8
BEAMS
100
AcDbLine
 10
-50711.10588017609
 20
-13587.999867882341
 30
414000.0
 11
-45466.33369868304
 21
-26249.99999999999
 31
414000.0
  0
LINE
  5
4E1
330
17
100
AcDbEntity
  8
BEAMS
100
AcDbLine
 10
-45466.33369868304
 20
-26249.99999999999
 30
414000.0
 11
-37123.10601229376
 21
-37123.10601229373
 31
414000.0
  0
LINE
  5
4E2
330
17
100
AcDbEntity
  8
BEAMS
100
AcDbLine
 10
-37123.10601229376
 20
-37123.10601229373
 30
414000.0
 11
-26250.000000000022
 21
-45466.33369868302
 31
414000.0
  0
LINE
  5
4E3
330
17
100
AcDbEntity
  8
BEAMS
100
AcDbLine
 10
-26250.000000000022
 20
-45466.33369868302
 30
414000.0
 11
-13587.999867882332
 21
-50711.10588017609
 31
414000.0
  0
LINE
  5
4E4
330
17
100
AcDbEntity
  8
BEAMS
100
AcDbLine
 10
-13587.999867882332
 20
-50711.10588017609
 30
414000.0
 11
-9.644093543285406e-12
 21
-52500.0
 31
414000.0
  0
LINE
  5
4E5
330
17
100
AcDbEntity
  8
BEAMS
100
AcDbLine
 10
-9.644093543285406e-12
 20
-52500.0
 30
414000.0
 11
13587.999867882316
 21
-50711.105880176096
 31
414000.0
  0
LINE
  5
4E6
330
17
100
AcDbEntity
  8
BEAMS
100
AcDbLine
 10
13587.999867882316
 20
-50711.105880176096
 30
414000.0
 11
26250.000000000007
 21
-45466.333698683025
 31
414000.0
  0
LINE
  5
4E7
330
17
100
AcDbEntity
  8
BEAMS
100
AcDbLine
 10
26250.000000000007
 20
-45466.333698683025
 30
414000.0
 11
37123.106012293734
 21
-37123.106012293756
 31
414000.0
  0
LINE
  5
4E8
330
17
100
AcDbEntity
  8
BEAMS
100
AcDbLine
 10
37123.106012293734
 20
-37123.106012293756
 30
414000.0
 11
45466.33369868302
 21
-26250.000000000022
 31
414000.0
  0
LINE
  5
4E9
330
17
100
AcDbEntity
  8
BEAMS
100
AcDbLine
 10
45466.33369868302
 20
-26250.000000000022
 30
414000.0
 11
50711.105880176074
 21
-13587.999867882383
 31
414000.0
  0
LINE
  5
4EA
330
17
100
AcDbEntity
  8
BEAMS
100
AcDbLine
 10
50711.105880176074
 20
-13587.999867882383
 30
414000.0
 11
52500.0
 21
-1.285879139104721e-11
 31
414000.0
  0
LINE
  5
4EB
330
17
100
AcDbEntity
  8
BEAMS
100
AcDbLine
 10
25312.5
 20
0.0
 30
448500.0
 11
50625.0
 21
0.0
 31
448500.0
  0
LINE
  5
4EC
330
17
100
AcDbEntity
  8
BEAMS
100
AcDbLine
 10
21921.268033293603
 20
12656.249999999998
 30
448500.0
 11
43842.53606658721
 21
25312.499999999996
 31
448500.0
  0
LINE
  5
4ED
330
17
100
AcDbEntity
  8
BEAMS
100
AcDbLine
 10
12656.250000000004
 20
21921.268033293603
 30
448500.0
 11
25312.500000000007
 21
43842.53606658721
 31
448500.0
  0
LINE
  5
4EE
330
17
100
AcDbEntity
  8
BEAMS
100
AcDbLine
 10
1.549943605170869e-12
 20
25312.5
 30
448500.0
 11
3.099887210341738e-12
 21
50625.0
 31
448500.0
  0
LINE
  5
4EF
330
17
100
AcDbEntity
  8
BEAMS
100
AcDbLine
 10
-12656.249999999996
 20
21921.268033293603
 30
448500.0
 11
-25312.499999999993
 21
43842.53606658721
 31
448500.0
  0
LINE
  5
4F0
330
17
100
AcDbEntity
  8
BEAMS
100
AcDbLine
 10
-21921.268033293603
 20
12656.249999999998
 30
448500.0
 11
-43842.53606658721
 21
25312.499999999996
 31
448500.0
  0
LINE
  5
4F1
330
17
100
AcDbEntity
  8
BEAMS
100
AcDbLine
 10
-25312.5
 20
3.099887210341738e-12
 30
448500.0
 11
-50625.0
 21
6.199774420683476e-12
 31
448500.0
  0
LINE
  5
4F2
330
17
100
AcDbEntity
  8
BEAMS
100
AcDbLine
 10
-21921.268033293607
 20
-12656.249999999995
 30
448500.0
 11
-43842.536066587214
 21
-25312.49999999999
 31
448500.0
  0
LINE
  5
4F3
330
17
100
AcDbEntity
  8
BEAMS
100
AcDbLine
 10
-12656.250000000011
 20
-21921.268033293596
 30
448500.0
 11
-25312.500000000022
 21
-43842.53606658719
 31
448500.0
  0
LINE
  5
4F4
330
17
100
AcDbEntity
  8
BEAMS
100
AcDbLine
 10
-4.6498308155126066e-12
 20
-25312.5
 30
448500.0
 11
-9.299661631025213e-12
 21
-50625.0
 31
448500.0
  0
LINE
  5
4F5
330
17
100
AcDbEntity
  8
BEAMS
100
AcDbLine
 10
12656.250000000004
 20
-21921.268033293603
 30
448500.0
 11
25312.500000000007
 21
-43842.53606658721
 31
448500.0
  0
LINE
  5
4F6
330
17
100
AcDbEntity
  8
BEAMS
100
AcDbLine
 10
21921.268033293596
 20
-12656.250000000011
 30
448500.0
 11
43842.53606658719
 21
-25312.500000000022
 31
448500.0
  0
LINE
  5
4F7
330
17
100
AcDbEntity
  8
BEAMS
100
AcDbLine
 10
50625.0
 20
0.0
 30
448500.0
 11
48899.99495588408
 21
13102.714158315113
 31
448500.0
  0
LINE
  5
4F8
330
17
100
AcDbEntity
  8
BEAMS
100
AcDbLine
 10
48899.99495588408
 20
13102.714158315113
 30
448500.0
 11
43842.53606658721
 21
25312.499999999996
 31
448500.0
  0
LINE
  5
4F9
330
17
100
AcDbEntity
  8
BEAMS
100
AcDbLine
 10
43842.53606658721
 20
25312.499999999996
 30
448500.0
 11
35797.28079756897
 21
35797.280797568965
 31
448500.0
  0
LINE
  5
4FA
330
17
100
AcDbEntity
  8
BEAMS
100
AcDbLine
 10
35797.28079756897
 20
35797.280797568965
 30
448500.0
 11
25312.500000000007
 21
43842.53606658721
 31
448500.0
  0
LINE
  5
4FB
330
17
100
AcDbEntity
  8
BEAMS
100
AcDbLine
 10
25312.500000000007
 20
43842.53606658721
 30
448500.0
 11
13102.714158315113
 21
48899.99495588408
 31
448500.0
  0
LINE
  5
4FC
330
17
100
AcDbEntity
  8
BEAMS
100
AcDbLine
 10
13102.714158315113
 20
48899.99495588408
 30
448500.0
 11
3.099887210341738e-12
 21
50625.0
 31
448500.0
  0
LINE
  5
4FD
330
17
100
AcDbEntity
  8
BEAMS
100
AcDbLine
 10
3.099887210341738e-12
 20
50625.0
 30
448500.0
 11
-13102.714158315106
 21
48899.99495588408
 31
448500.0
  0
LINE
  5
4FE
330
17
100
AcDbEntity
  8
BEAMS
100
AcDbLine
 10
-13102.714158315106
 20
48899.99495588408
 30
448500.0
 11
-25312.499999999993
 21
43842.53606658721
 31
448500.0
  0
LINE
  5
4FF
330
17
100
AcDbEntity
  8
BEAMS
100
AcDbLine
 10
-25312.499999999993
 20
43842.53606658721
 30
448500.0
 11
-35797.280797568965
 21
35797.28079756897
 31
448500.0
  0
LINE
  5
500
330
17
100
AcDbEntity
  8
BEAMS
100
AcDbLine
 10
-35797.280797568965
 20
35797.28079756897
 30
448500.0
 11
-43842.53606658721
 21
25312.499999999996
 31
448500.0
  0
LINE
  5
501
330
17
100
AcDbEntity
  8
BEAMS
100
AcDbLine
 10
-43842.53606658721
 20
25312.499999999996
 30
448500.0
 11
-48899.994955884074
 21
13102.714158315126
 31
448500.0
  0
LINE
  5
502
330
17
100
AcDbEntity
  8
BEAMS
100
AcDbLine
 10
-48899.994955884074
 20
13102.714158315126
 30
448500.0
 11
-50625.0
 21
6.199774420683476e-12
 31
448500.0
  0
LINE
  5
503
330
17
100
AcDbEntity
  8
BEAMS
100
AcDbLine
 10
-50625.0
 20
6.199774420683476e-12
 30
448500.0
 11
-48899.99495588408
 21
-13102.714158315115
 31
448500.0
  0
LINE
  5
504
330
17
100
AcDbEntity
  8
BEAMS
100
AcDbLine
 10
-48899.99495588408
 20
-13102.714158315115
 30
448500.0
 11
-43842.536066587214
 21
-25312.49999999999
 31
448500.0
  0
LINE
  5
505
330
17
100
AcDbEntity
  8
BEAMS
100
AcDbLine
 10
-43842.536066587214
 20
-25312.49999999999
 30
448500.0
 11
-35797.28079756899
 21
-35797.28079756895
 31
448500.0
  0
LINE
  5
506
330
17
100
AcDbEntity
  8
BEAMS
100
AcDbLine
 10
-35797.28079756899
 20
-35797.28079756895
 30
448500.0
 11
-25312.500000000022
 21
-43842.53606658719
 31
448500.0
  0
LINE
  5
507
330
17
100
AcDbEntity
  8
BEAMS
100
AcDbLine
 10
-25312.500000000022
 20
-43842.53606658719
 30
448500.0
 11
-13102.714158315106
 21
-48899.99495588408
 31
448500.0
  0
LINE
  5
508
330
17
100
AcDbEntity
  8
BEAMS
100
AcDbLine
 10
-13102.714158315106
 20
-48899.99495588408
 30
448500.0
 11
-9.299661631025213e-12
 21
-50625.0
 31
448500.0
  0
LINE
  5
509
330
17
100
AcDbEntity
  8
BEAMS
100
AcDbLine
 10
-9.299661631025213e-12
 20
-50625.0
 30
448500.0
 11
13102.71415831509
 21
-48899.99495588409
 31
448500.0
  0
LINE
  5
50A
330
17
100
AcDbEntity
  8
BEAMS
100
AcDbLine
 10
13102.71415831509
 20
-48899.99495588409
 30
448500.0
 11
25312.500000000007
 21
-43842.53606658721
 31
448500.0
  0
LINE
  5
50B
330
17
100
AcDbEntity
  8
BEAMS
100
AcDbLine
 10
25312.500000000007
 20
-43842.53606658721
 30
448500.0
 11
35797.28079756896
 21
-35797.28079756898
 31
448500.0
  0
LINE
  5
50C
330
17
100
AcDbEntity
  8
BEAMS
100
AcDbLine
 10
35797.28079756896
 20
-35797.28079756898
 30
448500.0
 11
43842.53606658719
 21
-25312.500000000022
 31
448500.0
  0
LINE
  5
50D
330
17
100
AcDbEntity
  8
BEAMS
100
AcDbLine
 10
43842.53606658719
 20
-25312.500000000022
 30
448500.0
 11
48899.994955884074
 21
-13102.714158315155
 31
448500.0
  0
LINE
  5
50E
330
17
100
AcDbEntity
  8
BEAMS
100
AcDbLine
 10
48899.994955884074
 20
-13102.714158315155
 30
448500.0
 11
50625.0
 21
-1.2399548841366952e-11
 31
448500.0
  0
LINE
  5
50F
330
17
100
AcDbEntity
  8
BEAMS
100
AcDbLine
 10
24374.999999999996
 20
0.0
 30
483000.0
 11
48749.99999999999
 21
0.0
 31
483000.0
  0
LINE
  5
510
330
17
100
AcDbEntity
  8
BEAMS
100
AcDbLine
 10
21109.36921724569
 20
12187.499999999996
 30
483000.0
 11
42218.73843449138
 21
24374.999999999993
 31
483000.0
  0
LINE
  5
511
330
17
100
AcDbEntity
  8
BEAMS
100
AcDbLine
 10
12187.5
 20
21109.369217245687
 30
483000.0
 11
24375.0
 21
42218.73843449137
 31
483000.0
  0
LINE
  5
512
330
17
100
AcDbEntity
  8
BEAMS
100
AcDbLine
 10
1.4925382864608364e-12
 20
24374.999999999996
 30
483000.0
 11
2.985076572921673e-12
 21
48749.99999999999
 31
483000.0
  0
LINE
  5
513
330
17
100
AcDbEntity
  8
BEAMS
100
AcDbLine
 10
-12187.499999999995
 20
21109.36921724569
 30
483000.0
 11
-24374.99999999999
 21
42218.73843449138
 31
483000.0
  0
LINE
  5
514
330
17
100
AcDbEntity
  8
BEAMS
100
AcDbLine
 10
-21109.36921724569
 20
12187.499999999996
 30
483000.0
 11
-42218.73843449138
 21
24374.999999999993
 31
483000.0
  0
LINE
  5
515
330
17
100
AcDbEntity
  8
BEAMS
100
AcDbLine
 10
-24374.999999999996
 20
2.985076572921673e-12
 30
483000.0
 11
-48749.99999999999
 21
5.970153145843346e-12
 31
483000.0
  0
LINE
  5
516
330
17
100
AcDbEntity
  8
BEAMS
100
AcDbLine
 10
-21109.369217245694
 20
-12187.499999999993
 30
483000.0
 11
-42218.73843449139
 21
-24374.999999999985
 31
483000.0
  0
LINE
  5
517
330
17
100
AcDbEntity
  8
BEAMS
100
AcDbLine
 10
-12187.50000000001
 20
-21109.369217245683
 30
483000.0
 11
-24375.00000000002
 21
-42218.738434491366
 31
483000.0
  0
LINE
  5
518
330
17
100
AcDbEntity
  8
BEAMS
100
AcDbLine
 10
-4.477614859382509e-12
 20
-24374.999999999996
 30
483000.0
 11
-8.955229718765019e-12
 21
-48749.99999999999
 31
483000.0
  0
LINE
  5
519
330
17
100
AcDbEntity
  8
BEAMS
100
AcDbLine
 10
12187.5
 20
-21109.369217245687
 30
483000.0
 11
24375.0
 21
-42218.73843449137
 31
483000.0
  0
LINE
  5
51A
330
17
100
AcDbEntity
  8
BEAMS
100
AcDbLine
 10
21109.369217245683
 20
-12187.50000000001
 30
483000.0
 11
42218.738434491366
 21
-24375.00000000002
 31
483000.0
  0
LINE
  5
51B
330
17
100
AcDbEntity
  8
BEAMS
100
AcDbLine
 10
48749.99999999999
 20
0.0
 30
483000.0
 11
47088.884031592075
 21
12617.428448747884
 31
483000.0
  0
LINE
  5
51C
330
17
100
AcDbEntity
  8
BEAMS
100
AcDbLine
 10
47088.884031592075
 20
12617.428448747884
 30
483000.0
 11
42218.73843449138
 21
24374.999999999993
 31
483000.0
  0
LINE
  5
51D
330
17
100
AcDbEntity
  8
BEAMS
100
AcDbLine
 10
42218.73843449138
 20
24374.999999999993
 30
483000.0
 11
34471.45558284419
 21
34471.45558284418
 31
483000.0
  0
LINE
  5
51E
330
17
100
AcDbEntity
  8
BEAMS
100
AcDbLine
 10
34471.45558284419
 20
34471.45558284418
 30
483000.0
 11
24375.0
 21
42218.73843449137
 31
483000.0
  0
LINE
  5
51F
330
17
100
AcDbEntity
  8
BEAMS
100
AcDbLine
 10
24375.0
 20
42218.73843449137
 30
483000.0
 11
12617.428448747884
 21
47088.884031592075
 31
483000.0
  0
LINE
  5
520
330
17
100
AcDbEntity
  8
BEAMS
100
AcDbLine
 10
12617.428448747884
 20
47088.884031592075
 30
483000.0
 11
2.985076572921673e-12
 21
48749.99999999999
 31
483000.0
  0
LINE
  5
521
330
17
100
AcDbEntity
  8
BEAMS
100
AcDbLine
 10
2.985076572921673e-12
 20
48749.99999999999
 30
483000.0
 11
-12617.428448747878
 21
47088.884031592075
 31
483000.0
  0
LINE
  5
522
330
17
100
AcDbEntity
  8
BEAMS
100
AcDbLine
 10
-12617.428448747878
 20
47088.884031592075
 30
483000.0
 11
-24374.99999999999
 21
42218.73843449138
 31
483000.0
  0
LINE
  5
523
330
17
100
AcDbEntity
  8
BEAMS
100
AcDbLine
 10
-24374.99999999999
 20
42218.73843449138
 30
483000.0
 11
-34471.45558284418
 21
34471.45558284419
 31
483000.0
  0
LINE
  5
524
330
17
100
AcDbEntity
  8
BEAMS
100
AcDbLine
 10
-34471.45558284418
 20
34471.45558284419
 30
483000.0
 11
-42218.73843449138
 21
24374.999999999993
 31
483000.0
  0
LINE
  5
525
330
17
100
AcDbEntity
  8
BEAMS
100
AcDbLine
 10
-42218.73843449138
 20
24374.999999999993
 30
483000.0
 11
-47088.88403159207
 21
12617.428448747898
 31
483000.0
  0
LINE
  5
526
330
17
100
AcDbEntity
  8
BEAMS
100
AcDbLine
 10
-47088.88403159207
 20
12617.428448747898
 30
483000.0
 11
-48749.99999999999
 21
5.970153145843346e-12
 31
483000.0
  0
LINE
  5
527
330
17
100
AcDbEntity
  8
BEAMS
100
AcDbLine
 10
-48749.99999999999
 20
5.970153145843346e-12
 30
483000.0
 11
-47088.884031592075
 21
-12617.428448747887
 31
483000.0
  0
LINE
  5
528
330
17
100
AcDbEntity
  8
BEAMS
100
AcDbLine
 10
-47088.884031592075
 20
-12617.428448747887
 30
483000.0
 11
-42218.73843449139
 21
-24374.999999999985
 31
483000.0
  0
LINE
  5
529
330
17
100
AcDbEntity
  8
BEAMS
100
AcDbLine
 10
-42218.73843449139
 20
-24374.999999999985
 30
483000.0
 11
-34471.4555828442
 21
-34471.455582844166
 31
483000.0
  0
LINE
  5
52A
330
17
100
AcDbEntity
  8
BEAMS
100
AcDbLine
 10
-34471.4555828442
 20
-34471.455582844166
 30
483000.0
 11
-24375.00000000002
 21
-42218.738434491366
 31
483000.0
  0
LINE
  5
52B
330
17
100
AcDbEntity
  8
BEAMS
100
AcDbLine
 10
-24375.00000000002
 20
-42218.738434491366
 30
483000.0
 11
-12617.428448747878
 21
-47088.884031592075
 31
483000.0
  0
LINE
  5
52C
330
17
100
AcDbEntity
  8
BEAMS
100
AcDbLine
 10
-12617.428448747878
 20
-47088.884031592075
 30
483000.0
 11
-8.955229718765019e-12
 21
-48749.99999999999
 31
483000.0
  0
LINE
  5
52D
330
17
100
AcDbEntity
  8
BEAMS
100
AcDbLine
 10
-8.955229718765019e-12
 20
-48749.99999999999
 30
483000.0
 11
12617.428448747862
 21
-47088.884031592075
 31
483000.0
  0
LINE
  5
52E
330
17
100
AcDbEntity
  8
BEAMS
100
AcDbLine
 10
12617.428448747862
 20
-47088.884031592075
 30
483000.0
 11
24375.0
 21
-42218.73843449137
 31
483000.0
  0
LINE
  5
52F
330
17
100
AcDbEntity
  8
BEAMS
100
AcDbLine
 10
24375.0
 20
-42218.73843449137
 30
483000.0
 11
34471.45558284418
 21
-34471.455582844195
 31
483000.0
  0
LINE
  5
530
330
17
100
AcDbEntity
  8
BEAMS
100
AcDbLine
 10
34471.45558284418
 20
-34471.455582844195
 30
483000.0
 11
42218.738434491366
 21
-24375.00000000002
 31
483000.0
  0
LINE
  5
531
330
17
100
AcDbEntity
  8
BEAMS
100
AcDbLine
 10
42218.738434491366
 20
-24375.00000000002
 30
483000.0
 11
47088.88403159206
 21
-12617.428448747925
 31
483000.0
  0
LINE
  5
532
330
17
100
AcDbEntity
  8
BEAMS
100
AcDbLine
 10
47088.88403159206
 20
-12617.428448747925
 30
483000.0
 11
48749.99999999999
 21
-1.1940306291686691e-11
 31
483000.0
  0
LINE
  5
533
330
17
100
AcDbEntity
  8
BEAMS
100
AcDbLine
 10
23437.5
 20
0.0
 30
517500.0
 11
46875.0
 21
0.0
 31
517500.0
  0
LINE
  5
534
330
17
100
AcDbEntity
  8
BEAMS
100
AcDbLine
 10
20297.47040119778
 20
11718.749999999998
 30
517500.0
 11
40594.94080239556
 21
23437.499999999996
 31
517500.0
  0
LINE
  5
535
330
17
100
AcDbEntity
  8
BEAMS
100
AcDbLine
 10
11718.750000000002
 20
20297.47040119778
 30
517500.0
 11
23437.500000000004
 21
40594.94080239556
 31
517500.0
  0
LINE
  5
536
330
17
100
AcDbEntity
  8
BEAMS
100
AcDbLine
 10
1.4351329677508045e-12
 20
23437.5
 30
517500.0
 11
2.870265935501609e-12
 21
46875.0
 31
517500.0
  0
LINE
  5
537
330
17
100
AcDbEntity
  8
BEAMS
100
AcDbLine
 10
-11718.749999999996
 20
20297.47040119778
 30
517500.0
 11
-23437.499999999993
 21
40594.94080239556
 31
517500.0
  0
LINE
  5
538
330
17
100
AcDbEntity
  8
BEAMS
100
AcDbLine
 10
-20297.47040119778
 20
11718.749999999998
 30
517500.0
 11
-40594.94080239556
 21
23437.499999999996
 31
517500.0
  0
LINE
  5
539
330
17
100
AcDbEntity
  8
BEAMS
100
AcDbLine
 10
-23437.5
 20
2.870265935501609e-12
 30
517500.0
 11
-46875.0
 21
5.740531871003218e-12
 31
517500.0
  0
LINE
  5
53A
330
17
100
AcDbEntity
  8
BEAMS
100
AcDbLine
 10
-20297.470401197785
 20
-11718.749999999995
 30
517500.0
 11
-40594.94080239557
 21
-23437.49999999999
 31
517500.0
  0
LINE
  5
53B
330
17
100
AcDbEntity
  8
BEAMS
100
AcDbLine
 10
-11718.750000000011
 20
-20297.470401197774
 30
517500.0
 11
-23437.500000000022
 21
-40594.94080239555
 31
517500.0
  0
LINE
  5
53C
330
17
100
AcDbEntity
  8
BEAMS
100
AcDbLine
 10
-4.3053989032524136e-12
 20
-23437.5
 30
517500.0
 11
-8.610797806504827e-12
 21
-46875.0
 31
517500.0
  0
LINE
  5
53D
330
17
100
AcDbEntity
  8
BEAMS
100
AcDbLine
 10
11718.750000000002
 20
-20297.47040119778
 30
517500.0
 11
23437.500000000004
 21
-40594.94080239556
 31
517500.0
  0
LINE
  5
53E
330
17
100
AcDbEntity
  8
BEAMS
100
AcDbLine
 10
20297.470401197774
 20
-11718.750000000011
 30
517500.0
 11
40594.94080239555
 21
-23437.500000000022
 31
517500.0
  0
LINE
  5
53F
330
17
100
AcDbEntity
  8
BEAMS
100
AcDbLine
 10
46875.0
 20
0.0
 30
517500.0
 11
45277.773107300076
 21
12132.14273918066
 31
517500.0
  0
LINE
  5
540
330
17
100
AcDbEntity
  8
BEAMS
100
AcDbLine
 10
45277.773107300076
 20
12132.14273918066
 30
517500.0
 11
40594.94080239556
 21
23437.499999999996
 31
517500.0
  0
LINE
  5
541
330
17
100
AcDbEntity
  8
BEAMS
100
AcDbLine
 10
40594.94080239556
 20
23437.499999999996
 30
517500.0
 11
33145.63036811942
 21
33145.63036811941
 31
517500.0
  0
LINE
  5
542
330
17
100
AcDbEntity
  8
BEAMS
100
AcDbLine
 10
33145.63036811942
 20
33145.63036811941
 30
517500.0
 11
23437.500000000004
 21
40594.94080239556
 31
517500.0
  0
LINE
  5
543
330
17
100
AcDbEntity
  8
BEAMS
100
AcDbLine
 10
23437.500000000004
 20
40594.94080239556
 30
517500.0
 11
12132.14273918066
 21
45277.773107300076
 31
517500.0
  0
LINE
  5
544
330
17
100
AcDbEntity
  8
BEAMS
100
AcDbLine
 10
12132.14273918066
 20
45277.773107300076
 30
517500.0
 11
2.870265935501609e-12
 21
46875.0
 31
517500.0
  0
LINE
  5
545
330
17
100
AcDbEntity
  8
BEAMS
100
AcDbLine
 10
2.870265935501609e-12
 20
46875.0
 30
517500.0
 11
-12132.142739180654
 21
45277.773107300076
 31
517500.0
  0
LINE
  5
546
330
17
100
AcDbEntity
  8
BEAMS
100
AcDbLine
 10
-12132.142739180654
 20
45277.773107300076
 30
517500.0
 11
-23437.499999999993
 21
40594.94080239556
 31
517500.0
  0
LINE
  5
547
330
17
100
AcDbEntity
  8
BEAMS
100
AcDbLine
 10
-23437.499999999993
 20
40594.94080239556
 30
517500.0
 11
-33145.63036811941
 21
33145.63036811942
 31
517500.0
  0
LINE
  5
548
330
17
100
AcDbEntity
  8
BEAMS
100
AcDbLine
 10
-33145.63036811941
 20
33145.63036811942
 30
517500.0
 11
-40594.94080239556
 21
23437.499999999996
 31
517500.0
  0
LINE
  5
549
330
17
100
AcDbEntity
  8
BEAMS
100
AcDbLine
 10
-40594.94080239556
 20
23437.499999999996
 30
517500.0
 11
-45277.77310730007
 21
12132.142739180672
 31
517500.0
  0
LINE
  5
54A
330
17
100
AcDbEntity
  8
BEAMS
100
AcDbLine
 10
-45277.77310730007
 20
12132.142739180672
 30
517500.0
 11
-46875.0
 21
5.740531871003218e-12
 31
517500.0
  0
LINE
  5
54B
330
17
100
AcDbEntity
  8
BEAMS
100
AcDbLine
 10
-46875.0
 20
5.740531871003218e-12
 30
517500.0
 11
-45277.773107300076
 21
-12132.142739180663
 31
517500.0
  0
LINE
  5
54C
330
17
100
AcDbEntity
  8
BEAMS
100
AcDbLine
 10
-45277.773107300076
 20
-12132.142739180663
 30
517500.0
 11
-40594.94080239557
 21
-23437.49999999999
 31
517500.0
  0
LINE
  5
54D
330
17
100
AcDbEntity
  8
BEAMS
100
AcDbLine
 10
-40594.94080239557
 20
-23437.49999999999
 30
517500.0
 11
-33145.63036811943
 21
-33145.6303681194
 31
517500.0
  0
LINE
  5
54E
330
17
100
AcDbEntity
  8
BEAMS
100
AcDbLine
 10
-33145.63036811943
 20
-33145.6303681194
 30
517500.0
 11
-23437.500000000022
 21
-40594.94080239555
 31
517500.0
  0
LINE
  5
54F
330
17
100
AcDbEntity
  8
BEAMS
100
AcDbLine
 10
-23437.500000000022
 20
-40594.94080239555
 30
517500.0
 11
-12132.142739180654
 21
-45277.773107300076
 31
517500.0
  0
LINE
  5
550
330
17
100
AcDbEntity
  8
BEAMS
100
AcDbLine
 10
-12132.142739180654
 20
-45277.773107300076
 30
517500.0
 11
-8.610797806504827e-12
 21
-46875.0
 31
517500.0
  0
LINE
  5
551
330
17
100
AcDbEntity
  8
BEAMS
100
AcDbLine
 10
-8.610797806504827e-12
 20
-46875.0
 30
517500.0
 11
12132.14273918064
 21
-45277.77310730008
 31
517500.0
  0
LINE
  5
552
330
17
100
AcDbEntity
  8
BEAMS
100
AcDbLine
 10
12132.14273918064
 20
-45277.77310730008
 30
517500.0
 11
23437.500000000004
 21
-40594.94080239556
 31
517500.0
  0
LINE
  5
553
330
17
100
AcDbEntity
  8
BEAMS
100
AcDbLine
 10
23437.500000000004
 20
-40594.94080239556
 30
517500.0
 11
33145.630368119404
 21
-33145.630368119426
 31
517500.0
  0
LINE
  5
554
330
17
100
AcDbEntity
  8
BEAMS
100
AcDbLine
 10
33145.630368119404
 20
-33145.630368119426
 30
517500.0
 11
40594.94080239555
 21
-23437.500000000022
 31
517500.0
  0
LINE
  5
555
330
17
100
AcDbEntity
  8
BEAMS
100
AcDbLine
 10
40594.94080239555
 20
-23437.500000000022
 30
517500.0
 11
45277.77310730007
 21
-12132.1427391807
 31
517500.0
  0
LINE
  5
556
330
17
100
AcDbEntity
  8
BEAMS
100
AcDbLine
 10
45277.77310730007
 20
-12132.1427391807
 30
517500.0
 11
46875.0
 21
-1.1481063742006436e-11
 31
517500.0
  0
LINE
  5
557
330
17
100
AcDbEntity
  8
BEAMS
100
AcDbLine
 10
22500.000000000004
 20
0.0
 30
552000.0
 11
45000.00000000001
 21
0.0
 31
552000.0
  0
LINE
  5
558
330
17
100
AcDbEntity
  8
BEAMS
100
AcDbLine
 10
19485.571585149875
 20
11250.0
 30
552000.0
 11
38971.14317029975
 21
22500.0
 31
552000.0
  0
LINE
  5
559
330
17
100
AcDbEntity
  8
BEAMS
100
AcDbLine
 10
11250.000000000004
 20
19485.57158514987
 30
552000.0
 11
22500.000000000007
 21
38971.14317029974
 31
552000.0
  0
LINE
  5
55A
330
17
100
AcDbEntity
  8
BEAMS
100
AcDbLine
 10
1.3777276490407725e-12
 20
22500.000000000004
 30
552000.0
 11
2.755455298081545e-12
 21
45000.00000000001
 31
552000.0
  0
LINE
  5
55B
330
17
100
AcDbEntity
  8
BEAMS
100
AcDbLine
 10
-11249.999999999998
 20
19485.571585149875
 30
552000.0
 11
-22499.999999999996
 21
38971.14317029975
 31
552000.0
  0
LINE
  5
55C
330
17
100
AcDbEntity
  8
BEAMS
100
AcDbLine
 10
-19485.571585149875
 20
11250.0
 30
552000.0
 11
-38971.14317029975
 21
22500.0
 31
552000.0
  0
LINE
  5
55D
330
17
100
AcDbEntity
  8
BEAMS
100
AcDbLine
 10
-22500.000000000004
 20
2.755455298081545e-12
 30
552000.0
 11
-45000.00000000001
 21
5.51091059616309e-12
 31
552000.0
  0
LINE
  5
55E
330
17
100
AcDbEntity
  8
BEAMS
100
AcDbLine
 10
-19485.571585149875
 20
-11249.999999999996
 30
552000.0
 11
-38971.14317029975
 21
-22499.999999999993
 31
552000.0
  0
LINE
  5
55F
330
17
100
AcDbEntity
  8
BEAMS
100
AcDbLine
 10
-11250.000000000011
 20
-19485.571585149868
 30
552000.0
 11
-22500.000000000022
 21
-38971.143170299736
 31
552000.0
  0
LINE
  5
560
330
17
100
AcDbEntity
  8
BEAMS
100
AcDbLine
 10
-4.133182947122318e-12
 20
-22500.000000000004
 30
552000.0
 11
-8.266365894244636e-12
 21
-45000.00000000001
 31
552000.0
  0
LINE
  5
561
330
17
100
AcDbEntity
  8
BEAMS
100
AcDbLine
 10
11250.000000000004
 20
-19485.57158514987
 30
552000.0
 11
22500.000000000007
 21
-38971.14317029974
 31
552000.0
  0
LINE
  5
562
330
17
100
AcDbEntity
  8
BEAMS
100
AcDbLine
 10
19485.571585149868
 20
-11250.000000000011
 30
552000.0
 11
38971.143170299736
 21
-22500.000000000022
 31
552000.0
  0
LINE
  5
563
330
17
100
AcDbEntity
  8
BEAMS
100
AcDbLine
 10
45000.00000000001
 20
0.0
 30
552000.0
 11
43466.662183008084
 21
11646.857029613435
 31
552000.0
  0
LINE
  5
564
330
17
100
AcDbEntity
  8
BEAMS
100
AcDbLine
 10
43466.662183008084
 20
11646.857029613435
 30
552000.0
 11
38971.14317029975
 21
22500.0
 31
552000.0
  0
LINE
  5
565
330
17
100
AcDbEntity
  8
BEAMS
100
AcDbLine
 10
38971.14317029975
 20
22500.0
 30
552000.0
 11
31819.805153394645
 21
31819.805153394642
 31
552000.0
  0
LINE
  5
566
330
17
100
AcDbEntity
  8
BEAMS
100
AcDbLine
 10
31819.805153394645
 20
31819.805153394642
 30
552000.0
 11
22500.000000000007
 21
38971.14317029974
 31
552000.0
  0
LINE
  5
567
330
17
100
AcDbEntity
  8
BEAMS
100
AcDbLine
 10
22500.000000000007
 20
38971.14317029974
 30
552000.0
 11
11646.857029613435
 21
43466.662183008084
 31
552000.0
  0
LINE
  5
568
330
17
100
AcDbEntity
  8
BEAMS
100
AcDbLine
 10
11646.857029613435
 20
43466.662183008084
 30
552000.0
 11
2.755455298081545e-12
 21
45000.00000000001
 31
552000.0
  0
LINE
  5
569
330
17
100
AcDbEntity
  8
BEAMS
100
AcDbLine
 10
2.755455298081545e-12
 20
45000.00000000001
 30
552000.0
 11
-11646.85702961343
 21
43466.662183008084
 31
552000.0
  0
LINE
  5
56A
330
17
100
AcDbEntity
  8
BEAMS
100
AcDbLine
 10
-11646.85702961343
 20
43466.662183008084
 30
552000.0
 11
-22499.999999999996
 21
38971.14317029975
 31
552000.0
  0
LINE
  5
56B
330
17
100
AcDbEntity
  8
BEAMS
100
AcDbLine
 10
-22499.999999999996
 20
38971.14317029975
 30
552000.0
 11
-31819.805153394642
 21
31819.805153394645
 31
552000.0
  0
LINE
  5
56C
330
17
100
AcDbEntity
  8
BEAMS
100
AcDbLine
 10
-31819.805153394642
 20
31819.805153394645
 30
552000.0
 11
-38971.14317029975
 21
22500.0
 31
552000.0
  0
LINE
  5
56D
330
17
100
AcDbEntity
  8
BEAMS
100
AcDbLine
 10
-38971.14317029975
 20
22500.0
 30
552000.0
 11
-43466.66218300808
 21
11646.857029613448
 31
552000.0
  0
LINE
  5
56E
330
17
100
AcDbEntity
  8
BEAMS
100
AcDbLine
 10
-43466.66218300808
 20
11646.857029613448
 30
552000.0
 11
-45000.00000000001
 21
5.51091059616309e-12
 31
552000.0
  0
LINE
  5
56F
330
17
100
AcDbEntity
  8
BEAMS
100
AcDbLine
 10
-45000.00000000001
 20
5.51091059616309e-12
 30
552000.0
 11
-43466.662183008084
 21
-11646.857029613438
 31
552000.0
  0
LINE
  5
570
330
17
100
AcDbEntity
  8
BEAMS
100
AcDbLine
 10
-43466.662183008084
 20
-11646.857029613438
 30
552000.0
 11
-38971.14317029975
 21
-22499.999999999993
 31
552000.0
  0
LINE
  5
571
330
17
100
AcDbEntity
  8
BEAMS
100
AcDbLine
 10
-38971.14317029975
 20
-22499.999999999993
 30
552000.0
 11
-31819.80515339466
 21
-31819.805153394627
 31
552000.0
  0
LINE
  5
572
330
17
100
AcDbEntity
  8
BEAMS
100
AcDbLine
 10
-31819.80515339466
 20
-31819.805153394627
 30
552000.0
 11
-22500.000000000022
 21
-38971.143170299736
 31
552000.0
  0
LINE
  5
573
330
17
100
AcDbEntity
  8
BEAMS
100
AcDbLine
 10
-22500.000000000022
 20
-38971.143170299736
 30
552000.0
 11
-11646.85702961343
 21
-43466.662183008084
 31
552000.0
  0
LINE
  5
574
330
17
100
AcDbEntity
  8
BEAMS
100
AcDbLine
 10
-11646.85702961343
 20
-43466.662183008084
 30
552000.0
 11
-8.266365894244636e-12
 21
-45000.00000000001
 31
552000.0
  0
LINE
  5
575
330
17
100
AcDbEntity
  8
BEAMS
100
AcDbLine
 10
-8.266365894244636e-12
 20
-45000.00000000001
 30
552000.0
 11
11646.857029613415
 21
-43466.662183008084
 31
552000.0
  0
LINE
  5
576
330
17
100
AcDbEntity
  8
BEAMS
100
AcDbLine
 10
11646.857029613415
 20
-43466.662183008084
 30
552000.0
 11
22500.000000000007
 21
-38971.14317029974
 31
552000.0
  0
LINE
  5
577
330
17
100
AcDbEntity
  8
BEAMS
100
AcDbLine
 10
22500.000000000007
 20
-38971.14317029974
 30
552000.0
 11
31819.805153394635
 21
-31819.80515339465
 31
552000.0
  0
LINE
  5
578
330
17
100
AcDbEntity
  8
BEAMS
100
AcDbLine
 10
31819.805153394635
 20
-31819.80515339465
 30
552000.0
 11
38971.143170299736
 21
-22500.000000000022
 31
552000.0
  0
LINE
  5
579
330
17
100
AcDbEntity
  8
BEAMS
100
AcDbLine
 10
38971.143170299736
 20
-22500.000000000022
 30
552000.0
 11
43466.66218300807
 21
-11646.857029613473
 31
552000.0
  0
LINE
  5
57A
330
17
100
AcDbEntity
  8
BEAMS
100
AcDbLine
 10
43466.66218300807
 20
-11646.857029613473
 30
552000.0
 11
45000.00000000001
 21
-1.102182119232618e-11
 31
552000.0
  0
LINE
  5
57B
330
17
100
AcDbEntity
  8
BEAMS
100
AcDbLine
 10
21562.5
 20
0.0
 30
586500.0
 11
43125.0
 21
0.0
 31
586500.0
  0
LINE
  5
57C
330
17
100
AcDbEntity
  8
BEAMS
100
AcDbLine
 10
18673.67276910196
 20
10781.249999999998
 30
586500.0
 11
37347.34553820392
 21
21562.499999999996
 31
586500.0
  0
LINE
  5
57D
330
17
100
AcDbEntity
  8
BEAMS
100
AcDbLine
 10
10781.250000000002
 20
18673.67276910196
 30
586500.0
 11
21562.500000000004
 21
37347.34553820392
 31
586500.0
  0
LINE
  5
57E
330
17
100
AcDbEntity
  8
BEAMS
100
AcDbLine
 10
1.3203223303307401e-12
 20
21562.5
 30
586500.0
 11
2.6406446606614802e-12
 21
43125.0
 31
586500.0
  0
LINE
  5
57F
330
17
100
AcDbEntity
  8
BEAMS
100
AcDbLine
 10
-10781.249999999996
 20
18673.67276910196
 30
586500.0
 11
-21562.499999999993
 21
37347.34553820392
 31
586500.0
  0
LINE
  5
580
330
17
100
AcDbEntity
  8
BEAMS
100
AcDbLine
 10
-18673.67276910196
 20
10781.249999999998
 30
586500.0
 11
-37347.34553820392
 21
21562.499999999996
 31
586500.0
  0
LINE
  5
581
330
17
100
AcDbEntity
  8
BEAMS
100
AcDbLine
 10
-21562.5
 20
2.6406446606614802e-12
 30
586500.0
 11
-43125.0
 21
5.2812893213229605e-12
 31
586500.0
  0
LINE
  5
582
330
17
100
AcDbEntity
  8
BEAMS
100
AcDbLine
 10
-18673.672769101962
 20
-10781.249999999995
 30
586500.0
 11
-37347.345538203925
 21
-21562.49999999999
 31
586500.0
  0
LINE
  5
583
330
17
100
AcDbEntity
  8
BEAMS
100
AcDbLine
 10
-10781.25000000001
 20
-18673.67276910195
 30
586500.0
 11
-21562.50000000002
 21
-37347.3455382039
 31
586500.0
  0
LINE
  5
584
330
17
100
AcDbEntity
  8
BEAMS
100
AcDbLine
 10
-3.9609669909922205e-12
 20
-21562.5
 30
586500.0
 11
-7.921933981984441e-12
 21
-43125.0
 31
586500.0
  0
LINE
  5
585
330
17
100
AcDbEntity
  8
BEAMS
100
AcDbLine
 10
10781.250000000002
 20
-18673.67276910196
 30
586500.0
 11
21562.500000000004
 21
-37347.34553820392
 31
586500.0
  0
LINE
  5
586
330
17
100
AcDbEntity
  8
BEAMS
100
AcDbLine
 10
18673.67276910195
 20
-10781.25000000001
 30
586500.0
 11
37347.3455382039
 21
-21562.50000000002
 31
586500.0
  0
LINE
  5
587
330
17
100
AcDbEntity
  8
BEAMS
100
AcDbLine
 10
43125.0
 20
0.0
 30
586500.0
 11
41655.55125871607
 21
11161.571320046207
 31
586500.0
  0
LINE
  5
588
330
17
100
AcDbEntity
  8
BEAMS
100
AcDbLine
 10
41655.55125871607
 20
11161.571320046207
 30
586500.0
 11
37347.34553820392
 21
21562.499999999996
 31
586500.0
  0
LINE
  5
589
330
17
100
AcDbEntity
  8
BEAMS
100
AcDbLine
 10
37347.34553820392
 20
21562.499999999996
 30
586500.0
 11
30493.979938669865
 21
30493.979938669858
 31
586500.0
  0
LINE
  5
58A
330
17
100
AcDbEntity
  8
BEAMS
100
AcDbLine
 10
30493.979938669865
 20
30493.979938669858
 30
586500.0
 11
21562.500000000004
 21
37347.34553820392
 31
586500.0
  0
LINE
  5
58B
330
17
100
AcDbEntity
  8
BEAMS
100
AcDbLine
 10
21562.500000000004
 20
37347.34553820392
 30
586500.0
 11
11161.571320046207
 21
41655.55125871607
 31
586500.0
  0
LINE
  5
58C
330
17
100
AcDbEntity
  8
BEAMS
100
AcDbLine
 10
11161.571320046207
 20
41655.55125871607
 30
586500.0
 11
2.6406446606614802e-12
 21
43125.0
 31
586500.0
  0
LINE
  5
58D
330
17
100
AcDbEntity
  8
BEAMS
100
AcDbLine
 10
2.6406446606614802e-12
 20
43125.0
 30
586500.0
 11
-11161.571320046201
 21
41655.55125871607
 31
586500.0
  0
LINE
  5
58E
330
17
100
AcDbEntity
  8
BEAMS
100
AcDbLine
 10
-11161.571320046201
 20
41655.55125871607
 30
586500.0
 11
-21562.499999999993
 21
37347.34553820392
 31
586500.0
  0
LINE
  5
58F
330
17
100
AcDbEntity
  8
BEAMS
100
AcDbLine
 10
-21562.499999999993
 20
37347.34553820392
 30
586500.0
 11
-30493.979938669858
 21
30493.979938669865
 31
586500.0
  0
LINE
  5
590
330
17
100
AcDbEntity
  8
BEAMS
100
AcDbLine
 10
-30493.979938669858
 20
30493.979938669865
 30
586500.0
 11
-37347.34553820392
 21
21562.499999999996
 31
586500.0
  0
LINE
  5
591
330
17
100
AcDbEntity
  8
BEAMS
100
AcDbLine
 10
-37347.34553820392
 20
21562.499999999996
 30
586500.0
 11
-41655.55125871606
 21
11161.57132004622
 31
586500.0
  0
LINE
  5
592
330
17
100
AcDbEntity
  8
BEAMS
100
AcDbLine
 10
-41655.55125871606
 20
11161.57132004622
 30
586500.0
 11
-43125.0
 21
5.2812893213229605e-12
 31
586500.0
  0
LINE
  5
593
330
17
100
AcDbEntity
  8
BEAMS
100
AcDbLine
 10
-43125.0
 20
5.2812893213229605e-12
 30
586500.0
 11
-41655.55125871607
 21
-11161.571320046209
 31
586500.0
  0
LINE
  5
594
330
17
100
AcDbEntity
  8
BEAMS
100
AcDbLine
 10
-41655.55125871607
 20
-11161.571320046209
 30
586500.0
 11
-37347.345538203925
 21
-21562.49999999999
 31
586500.0
  0
LINE
  5
595
330
17
100
AcDbEntity
  8
BEAMS
100
AcDbLine
 10
-37347.345538203925
 20
-21562.49999999999
 30
586500.0
 11
-30493.97993866988
 21
-30493.979938669843
 31
586500.0
  0
LINE
  5
596
330
17
100
AcDbEntity
  8
BEAMS
100
AcDbLine
 10
-30493.97993866988
 20
-30493.979938669843
 30
586500.0
 11
-21562.50000000002
 21
-37347.3455382039
 31
586500.0
  0
LINE
  5
597
330
17
100
AcDbEntity
  8
BEAMS
100
AcDbLine
 10
-21562.50000000002
 20
-37347.3455382039
 30
586500.0
 11
-11161.571320046201
 21
-41655.55125871607
 31
586500.0
  0
LINE
  5
598
330
17
100
AcDbEntity
  8
BEAMS
100
AcDbLine
 10
-11161.571320046201
 20
-41655.55125871607
 30
586500.0
 11
-7.921933981984441e-12
 21
-43125.0
 31
586500.0
  0
LINE
  5
599
330
17
100
AcDbEntity
  8
BEAMS
100
AcDbLine
 10
-7.921933981984441e-12
 20
-43125.0
 30
586500.0
 11
11161.571320046187
 21
-41655.55125871608
 31
586500.0
  0
LINE
  5
59A
330
17
100
AcDbEntity
  8
BEAMS
100
AcDbLine
 10
11161.571320046187
 20
-41655.55125871608
 30
586500.0
 11
21562.500000000004
 21
-37347.34553820392
 31
586500.0
  0
LINE
  5
59B
330
17
100
AcDbEntity
  8
BEAMS
100
AcDbLine
 10
21562.500000000004
 20
-37347.34553820392
 30
586500.0
 11
30493.979938669854
 21
-30493.97993866987
 31
586500.0
  0
LINE
  5
59C
330
17
100
AcDbEntity
  8
BEAMS
100
AcDbLine
 10
30493.979938669854
 20
-30493.97993866987
 30
586500.0
 11
37347.3455382039
 21
-21562.50000000002
 31
586500.0
  0
LINE
  5
59D
330
17
100
AcDbEntity
  8
BEAMS
100
AcDbLine
 10
37347.3455382039
 20
-21562.50000000002
 30
586500.0
 11
41655.55125871606
 21
-11161.571320046243
 31
586500.0
  0
LINE
  5
59E
330
17
100
AcDbEntity
  8
BEAMS
100
AcDbLine
 10
41655.55125871606
 20
-11161.571320046243
 30
586500.0
 11
43125.0
 21
-1.0562578642645921e-11
 31
586500.0
  0
LINE
  5
59F
330
17
100
AcDbEntity
  8
BEAMS
100
AcDbLine
 10
20625.0
 20
0.0
 30
621000.0
 11
41250.0
 21
0.0
 31
621000.0
  0
LINE
  5
5A0
330
17
100
AcDbEntity
  8
BEAMS
100
AcDbLine
 10
17861.77395305405
 20
10312.499999999998
 30
621000.0
 11
35723.5479061081
 21
20624.999999999996
 31
621000.0
  0
LINE
  5
5A1
330
17
100
AcDbEntity
  8
BEAMS
100
AcDbLine
 10
10312.500000000002
 20
17861.773953054046
 30
621000.0
 11
20625.000000000004
 21
35723.54790610809
 31
621000.0
  0
LINE
  5
5A2
330
17
100
AcDbEntity
  8
BEAMS
100
AcDbLine
 10
1.262917011620708e-12
 20
20625.0
 30
621000.0
 11
2.525834023241416e-12
 21
41250.0
 31
621000.0
  0
LINE
  5
5A3
330
17
100
AcDbEntity
  8
BEAMS
100
AcDbLine
 10
-10312.499999999996
 20
17861.77395305405
 30
621000.0
 11
-20624.999999999993
 21
35723.5479061081
 31
621000.0
  0
LINE
  5
5A4
330
17
100
AcDbEntity
  8
BEAMS
100
AcDbLine
 10
-17861.77395305405
 20
10312.499999999998
 30
621000.0
 11
-35723.5479061081
 21
20624.999999999996
 31
621000.0
  0
LINE
  5
5A5
330
17
100
AcDbEntity
  8
BEAMS
100
AcDbLine
 10
-20625.0
 20
2.525834023241416e-12
 30
621000.0
 11
-41250.0
 21
5.051668046482832e-12
 31
621000.0
  0
LINE
  5
5A6
330
17
100
AcDbEntity
  8
BEAMS
100
AcDbLine
 10
-17861.77395305405
 20
-10312.499999999995
 30
621000.0
 11
-35723.5479061081
 21
-20624.99999999999
 31
621000.0
  0
LINE
  5
5A7
330
17
100
AcDbEntity
  8
BEAMS
100
AcDbLine
 10
-10312.50000000001
 20
-17861.773953054042
 30
621000.0
 11
-20625.00000000002
 21
-35723.547906108084
 31
621000.0
  0
LINE
  5
5A8
330
17
100
AcDbEntity
  8
BEAMS
100
AcDbLine
 10
-3.788751034862124e-12
 20
-20625.0
 30
621000.0
 11
-7.577502069724248e-12
 21
-41250.0
 31
621000.0
  0
LINE
  5
5A9
330
17
100
AcDbEntity
  8
BEAMS
100
AcDbLine
 10
10312.500000000002
 20
-17861.773953054046
 30
621000.0
 11
20625.000000000004
 21
-35723.54790610809
 31
621000.0
  0
LINE
  5
5AA
330
17
100
AcDbEntity
  8
BEAMS
100
AcDbLine
 10
17861.773953054042
 20
-10312.50000000001
 30
621000.0
 11
35723.547906108084
 21
-20625.00000000002
 31
621000.0
  0
LINE
  5
5AB
330
17
100
AcDbEntity
  8
BEAMS
100
AcDbLine
 10
41250.0
 20
0.0
 30
621000.0
 11
39844.44033442407
 21
10676.28561047898
 31
621000.0
  0
LINE
  5
5AC
330
17
100
AcDbEntity
  8
BEAMS
100
AcDbLine
 10
39844.44033442407
 20
10676.28561047898
 30
621000.0
 11
35723.5479061081
 21
20624.999999999996
 31
621000.0
  0
LINE
  5
5AD
330
17
100
AcDbEntity
  8
BEAMS
100
AcDbLine
 10
35723.5479061081
 20
20624.999999999996
 30
621000.0
 11
29168.15472394509
 21
29168.15472394508
 31
621000.0
  0
LINE
  5
5AE
330
17
100
AcDbEntity
  8
BEAMS
100
AcDbLine
 10
29168.15472394509
 20
29168.15472394508
 30
621000.0
 11
20625.000000000004
 21
35723.54790610809
 31
621000.0
  0
LINE
  5
5AF
330
17
100
AcDbEntity
  8
BEAMS
100
AcDbLine
 10
20625.000000000004
 20
35723.54790610809
 30
621000.0
 11
10676.28561047898
 21
39844.44033442407
 31
621000.0
  0
LINE
  5
5B0
330
17
100
AcDbEntity
  8
BEAMS
100
AcDbLine
 10
10676.28561047898
 20
39844.44033442407
 30
621000.0
 11
2.525834023241416e-12
 21
41250.0
 31
621000.0
  0
LINE
  5
5B1
330
17
100
AcDbEntity
  8
BEAMS
100
AcDbLine
 10
2.525834023241416e-12
 20
41250.0
 30
621000.0
 11
-10676.285610478975
 21
39844.44033442407
 31
621000.0
  0
LINE
  5
5B2
330
17
100
AcDbEntity
  8
BEAMS
100
AcDbLine
 10
-10676.285610478975
 20
39844.44033442407
 30
621000.0
 11
-20624.999999999993
 21
35723.5479061081
 31
621000.0
  0
LINE
  5
5B3
330
17
100
AcDbEntity
  8
BEAMS
100
AcDbLine
 10
-20624.999999999993
 20
35723.5479061081
 30
621000.0
 11
-29168.15472394508
 21
29168.15472394509
 31
621000.0
  0
LINE
  5
5B4
330
17
100
AcDbEntity
  8
BEAMS
100
AcDbLine
 10
-29168.15472394508
 20
29168.15472394509
 30
621000.0
 11
-35723.5479061081
 21
20624.999999999996
 31
621000.0
  0
LINE
  5
5B5
330
17
100
AcDbEntity
  8
BEAMS
100
AcDbLine
 10
-35723.5479061081
 20
20624.999999999996
 30
621000.0
 11
-39844.44033442406
 21
10676.285610478992
 31
621000.0
  0
LINE
  5
5B6
330
17
100
AcDbEntity
  8
BEAMS
100
AcDbLine
 10
-39844.44033442406
 20
10676.285610478992
 30
621000.0
 11
-41250.0
 21
5.051668046482832e-12
 31
621000.0
  0
LINE
  5
5B7
330
17
100
AcDbEntity
  8
BEAMS
100
AcDbLine
 10
-41250.0
 20
5.051668046482832e-12
 30
621000.0
 11
-39844.44033442407
 21
-10676.285610478983
 31
621000.0
  0
LINE
  5
5B8
330
17
100
AcDbEntity
  8
BEAMS
100
AcDbLine
 10
-39844.44033442407
 20
-10676.285610478983
 30
621000.0
 11
-35723.5479061081
 21
-20624.99999999999
 31
621000.0
  0
LINE
  5
5B9
330
17
100
AcDbEntity
  8
BEAMS
100
AcDbLine
 10
-35723.5479061081
 20
-20624.99999999999
 30
621000.0
 11
-29168.154723945103
 21
-29168.15472394507
 31
621000.0
  0
LINE
  5
5BA
330
17
100
AcDbEntity
  8
BEAMS
100
AcDbLine
 10
-29168.154723945103
 20
-29168.15472394507
 30
621000.0
 11
-20625.00000000002
 21
-35723.547906108084
 31
621000.0
  0
LINE
  5
5BB
330
17
100
AcDbEntity
  8
BEAMS
100
AcDbLine
 10
-20625.00000000002
 20
-35723.547906108084
 30
621000.0
 11
-10676.285610478975
 21
-39844.44033442407
 31
621000.0
  0
LINE
  5
5BC
330
17
100
AcDbEntity
  8
BEAMS
100
AcDbLine
 10
-10676.285610478975
 20
-39844.44033442407
 30
621000.0
 11
-7.577502069724248e-12
 21
-41250.0
 31
621000.0
  0
LINE
  5
5BD
330
17
100
AcDbEntity
  8
BEAMS
100
AcDbLine
 10
-7.577502069724248e-12
 20
-41250.0
 30
621000.0
 11
10676.285610478963
 21
-39844.44033442407
 31
621000.0
  0
LINE
  5
5BE
330
17
100
AcDbEntity
  8
BEAMS
100
AcDbLine
 10
10676.285610478963
 20
-39844.44033442407
 30
621000.0
 11
20625.000000000004
 21
-35723.54790610809
 31
621000.0
  0
LINE
  5
5BF
330
17
100
AcDbEntity
  8
BEAMS
100
AcDbLine
 10
20625.000000000004
 20
-35723.54790610809
 30
621000.0
 11
29168.154723945077
 21
-29168.154723945092
 31
621000.0
  0
LINE
  5
5C0
330
17
100
AcDbEntity
  8
BEAMS
100
AcDbLine
 10
29168.154723945077
 20
-29168.154723945092
 30
621000.0
 11
35723.547906108084
 21
-20625.00000000002
 31
621000.0
  0
LINE
  5
5C1
330
17
100
AcDbEntity
  8
BEAMS
100
AcDbLine
 10
35723.547906108084
 20
-20625.00000000002
 30
621000.0
 11
39844.440334424056
 21
-10676.285610479015
 31
621000.0
  0
LINE
  5
5C2
330
17
100
AcDbEntity
  8
BEAMS
100
AcDbLine
 10
39844.440334424056
 20
-10676.285610479015
 30
621000.0
 11
41250.0
 21
-1.0103336092965664e-11
 31
621000.0
  0
LINE
  5
5C3
330
17
100
AcDbEntity
  8
BEAMS
100
AcDbLine
 10
19687.5
 20
0.0
 30
655500.0
 11
39375.0
 21
0.0
 31
655500.0
  0
LINE
  5
5C4
330
17
100
AcDbEntity
  8
BEAMS
100
AcDbLine
 10
17049.875137006136
 20
9843.749999999998
 30
655500.0
 11
34099.75027401227
 21
19687.499999999996
 31
655500.0
  0
LINE
  5
5C5
330
17
100
AcDbEntity
  8
BEAMS
100
AcDbLine
 10
9843.750000000002
 20
17049.875137006136
 30
655500.0
 11
19687.500000000004
 21
34099.75027401227
 31
655500.0
  0
LINE
  5
5C6
330
17
100
AcDbEntity
  8
BEAMS
100
AcDbLine
 10
1.2055116929106758e-12
 20
19687.5
 30
655500.0
 11
2.4110233858213515e-12
 21
39375.0
 31
655500.0
  0
LINE
  5
5C7
330
17
100
AcDbEntity
  8
BEAMS
100
AcDbLine
 10
-9843.749999999996
 20
17049.875137006136
 30
655500.0
 11
-19687.499999999993
 21
34099.75027401227
 31
655500.0
  0
LINE
  5
5C8
330
17
100
AcDbEntity
  8
BEAMS
100
AcDbLine
 10
-17049.875137006136
 20
9843.749999999998
 30
655500.0
 11
-34099.75027401227
 21
19687.499999999996
 31
655500.0
  0
LINE
  5
5C9
330
17
100
AcDbEntity
  8
BEAMS
100
AcDbLine
 10
-19687.5
 20
2.4110233858213515e-12
 30
655500.0
 11
-39375.0
 21
4.822046771642703e-12
 31
655500.0
  0
LINE
  5
5CA
330
17
100
AcDbEntity
  8
BEAMS
100
AcDbLine
 10
-17049.87513700614
 20
-9843.749999999996
 30
655500.0
 11
-34099.75027401228
 21
-19687.499999999993
 31
655500.0
  0
LINE
  5
5CB
330
17
100
AcDbEntity
  8
BEAMS
100
AcDbLine
 10
-9843.75000000001
 20
-17049.87513700613
 30
655500.0
 11
-19687.50000000002
 21
-34099.75027401226
 31
655500.0
  0
LINE
  5
5CC
330
17
100
AcDbEntity
  8
BEAMS
100
AcDbLine
 10
-3.616535078732027e-12
 20
-19687.5
 30
655500.0
 11
-7.233070157464054e-12
 21
-39375.0
 31
655500.0
  0
LINE
  5
5CD
330
17
100
AcDbEntity
  8
BEAMS
100
AcDbLine
 10
9843.750000000002
 20
-17049.875137006136
 30
655500.0
 11
19687.500000000004
 21
-34099.75027401227
 31
655500.0
  0
LINE
  5
5CE
330
17
100
AcDbEntity
  8
BEAMS
100
AcDbLine
 10
17049.87513700613
 20
-9843.75000000001
 30
655500.0
 11
34099.75027401226
 21
-19687.50000000002
 31
655500.0
  0
LINE
  5
5CF
330
17
100
AcDbEntity
  8
BEAMS
100
AcDbLine
 10
39375.0
 20
0.0
 30
655500.0
 11
38033.329410132064
 21
10190.999900911755
 31
655500.0
  0
LINE
  5
5D0
330
17
100
AcDbEntity
  8
BEAMS
100
AcDbLine
 10
38033.329410132064
 20
10190.999900911755
 30
655500.0
 11
34099.75027401227
 21
19687.499999999996
 31
655500.0
  0
LINE
  5
5D1
330
17
100
AcDbEntity
  8
BEAMS
100
AcDbLine
 10
34099.75027401227
 20
19687.499999999996
 30
655500.0
 11
27842.32950922031
 21
27842.329509220308
 31
655500.0
  0
LINE
  5
5D2
330
17
100
AcDbEntity
  8
BEAMS
100
AcDbLine
 10
27842.32950922031
 20
27842.329509220308
 30
655500.0
 11
19687.500000000004
 21
34099.75027401227
 31
655500.0
  0
LINE
  5
5D3
330
17
100
AcDbEntity
  8
BEAMS
100
AcDbLine
 10
19687.500000000004
 20
34099.75027401227
 30
655500.0
 11
10190.999900911755
 21
38033.329410132064
 31
655500.0
  0
LINE
  5
5D4
330
17
100
AcDbEntity
  8
BEAMS
100
AcDbLine
 10
10190.999900911755
 20
38033.329410132064
 30
655500.0
 11
2.4110233858213515e-12
 21
39375.0
 31
655500.0
  0
LINE
  5
5D5
330
17
100
AcDbEntity
  8
BEAMS
100
AcDbLine
 10
2.4110233858213515e-12
 20
39375.0
 30
655500.0
 11
-10190.99990091175
 21
38033.329410132064
 31
655500.0
  0
LINE
  5
5D6
330
17
100
AcDbEntity
  8
BEAMS
100
AcDbLine
 10
-10190.99990091175
 20
38033.329410132064
 30
655500.0
 11
-19687.499999999993
 21
34099.75027401227
 31
655500.0
  0
LINE
  5
5D7
330
17
100
AcDbEntity
  8
BEAMS
100
AcDbLine
 10
-19687.499999999993
 20
34099.75027401227
 30
655500.0
 11
-27842.329509220308
 21
27842.32950922031
 31
655500.0
  0
LINE
  5
5D8
330
17
100
AcDbEntity
  8
BEAMS
100
AcDbLine
 10
-27842.329509220308
 20
27842.32950922031
 30
655500.0
 11
-34099.75027401227
 21
19687.499999999996
 31
655500.0
  0
LINE
  5
5D9
330
17
100
AcDbEntity
  8
BEAMS
100
AcDbLine
 10
-34099.75027401227
 20
19687.499999999996
 30
655500.0
 11
-38033.32941013206
 21
10190.999900911766
 31
655500.0
  0
LINE
  5
5DA
330
17
100
AcDbEntity
  8
BEAMS
100
AcDbLine
 10
-38033.32941013206
 20
10190.999900911766
 30
655500.0
 11
-39375.0
 21
4.822046771642703e-12
 31
655500.0
  0
LINE
  5
5DB
330
17
100
AcDbEntity
  8
BEAMS
100
AcDbLine
 10
-39375.0
 20
4.822046771642703e-12
 30
655500.0
 11
-38033.329410132064
 21
-10190.999900911756
 31
655500.0
  0
LINE
  5
5DC
330
17
100
AcDbEntity
  8
BEAMS
100
AcDbLine
 10
-38033.329410132064
 20
-10190.999900911756
 30
655500.0
 11
-34099.75027401228
 21
-19687.499999999993
 31
655500.0
  0
LINE
  5
5DD
330
17
100
AcDbEntity
  8
BEAMS
100
AcDbLine
 10
-34099.75027401228
 20
-19687.499999999993
 30
655500.0
 11
-27842.329509220323
 21
-27842.329509220293
 31
655500.0
  0
LINE
  5
5DE
330
17
100
AcDbEntity
  8
BEAMS
100
AcDbLine
 10
-27842.329509220323
 20
-27842.329509220293
 30
655500.0
 11
-19687.50000000002
 21
-34099.75027401226
 31
655500.0
  0
LINE
  5
5DF
330
17
100
AcDbEntity
  8
BEAMS
100
AcDbLine
 10
-19687.50000000002
 20
-34099.75027401226
 30
655500.0
 11
-10190.99990091175
 21
-38033.329410132064
 31
655500.0
  0
LINE
  5
5E0
330
17
100
AcDbEntity
  8
BEAMS
100
AcDbLine
 10
-10190.99990091175
 20
-38033.329410132064
 30
655500.0
 11
-7.233070157464054e-12
 21
-39375.0
 31
655500.0
  0
LINE
  5
5E1
330
17
100
AcDbEntity
  8
BEAMS
100
AcDbLine
 10
-7.233070157464054e-12
 20
-39375.0
 30
655500.0
 11
10190.999900911736
 21
-38033.32941013207
 31
655500.0
  0
LINE
  5
5E2
330
17
100
AcDbEntity
  8
BEAMS
100
AcDbLine
 10
10190.999900911736
 20
-38033.32941013207
 30
655500.0
 11
19687.500000000004
 21
-34099.75027401227
 31
655500.0
  0
LINE
  5
5E3
330
17
100
AcDbEntity
  8
BEAMS
100
AcDbLine
 10
19687.500000000004
 20
-34099.75027401227
 30
655500.0
 11
27842.3295092203
 21
-27842.329509220315
 31
655500.0
  0
LINE
  5
5E4
330
17
100
AcDbEntity
  8
BEAMS
100
AcDbLine
 10
27842.3295092203
 20
-27842.329509220315
 30
655500.0
 11
34099.75027401226
 21
-19687.50000000002
 31
655500.0
  0
LINE
  5
5E5
330
17
100
AcDbEntity
  8
BEAMS
100
AcDbLine
 10
34099.75027401226
 20
-19687.50000000002
 30
655500.0
 11
38033.32941013206
 21
-10190.999900911787
 31
655500.0
  0
LINE
  5
5E6
330
17
100
AcDbEntity
  8
BEAMS
100
AcDbLine
 10
38033.32941013206
 20
-10190.999900911787
 30
655500.0
 11
39375.0
 21
-9.644093543285406e-12
 31
655500.0
  0
LINE
  5
5E7
330
17
100
AcDbEntity
  8
BEAMS
100
AcDbLine
 10
18750.0
 20
0.0
 30
690000.0
 11
37500.0
 21
0.0
 31
690000.0
  0
LINE
  5
5E8
330
17
100
AcDbEntity
  8
BEAMS
100
AcDbLine
 10
16237.976320958225
 20
9374.999999999998
 30
690000.0
 11
32475.95264191645
 21
18749.999999999996
 31
690000.0
  0
LINE
  5
5E9
330
17
100
AcDbEntity
  8
BEAMS
100
AcDbLine
 10
9375.000000000002
 20
16237.976320958223
 30
690000.0
 11
18750.000000000004
 21
32475.952641916447
 31
690000.0
  0
LINE
  5
5EA
330
17
100
AcDbEntity
  8
BEAMS
100
AcDbLine
 10
1.1481063742006436e-12
 20
18750.0
 30
690000.0
 11
2.2962127484012872e-12
 21
37500.0
 31
690000.0
  0
LINE
  5
5EB
330
17
100
AcDbEntity
  8
BEAMS
100
AcDbLine
 10
-9374.999999999996
 20
16237.976320958225
 30
690000.0
 11
-18749.999999999993
 21
32475.95264191645
 31
690000.0
  0
LINE
  5
5EC
330
17
100
AcDbEntity
  8
BEAMS
100
AcDbLine
 10
-16237.976320958225
 20
9374.999999999998
 30
690000.0
 11
-32475.95264191645
 21
18749.999999999996
 31
690000.0
  0
LINE
  5
5ED
330
17
100
AcDbEntity
  8
BEAMS
100
AcDbLine
 10
-18750.0
 20
2.2962127484012872e-12
 30
690000.0
 11
-37500.0
 21
4.5924254968025744e-12
 31
690000.0
  0
LINE
  5
5EE
330
17
100
AcDbEntity
  8
BEAMS
100
AcDbLine
 10
-16237.976320958227
 20
-9374.999999999996
 30
690000.0
 11
-32475.952641916454
 21
-18749.999999999993
 31
690000.0
  0
LINE
  5
5EF
330
17
100
AcDbEntity
  8
BEAMS
100
AcDbLine
 10
-9375.00000000001
 20
-16237.97632095822
 30
690000.0
 11
-18750.00000000002
 21
-32475.95264191644
 31
690000.0
  0
LINE
  5
5F0
330
17
100
AcDbEntity
  8
BEAMS
100
AcDbLine
 10
-3.4443191226019306e-12
 20
-18750.0
 30
690000.0
 11
-6.888638245203861e-12
 21
-37500.0
 31
690000.0
  0
LINE
  5
5F1
330
17
100
AcDbEntity
  8
BEAMS
100
AcDbLine
 10
9375.000000000002
 20
-16237.976320958223
 30
690000.0
 11
18750.000000000004
 21
-32475.952641916447
 31
690000.0
  0
LINE
  5
5F2
330
17
100
AcDbEntity
  8
BEAMS
100
AcDbLine
 10
16237.97632095822
 20
-9375.00000000001
 30
690000.0
 11
32475.95264191644
 21
-18750.00000000002
 31
690000.0
  0
LINE
  5
5F3
330
17
100
AcDbEntity
  8
BEAMS
100
AcDbLine
 10
37500.0
 20
0.0
 30
690000.0
 11
36222.218485840065
 21
9705.714191344528
 31
690000.0
  0
LINE
  5
5F4
330
17
100
AcDbEntity
  8
BEAMS
100
AcDbLine
 10
36222.218485840065
 20
9705.714191344528
 30
690000.0
 11
32475.95264191645
 21
18749.999999999996
 31
690000.0
  0
LINE
  5
5F5
330
17
100
AcDbEntity
  8
BEAMS
100
AcDbLine
 10
32475.95264191645
 20
18749.999999999996
 30
690000.0
 11
26516.504294495535
 21
26516.50429449553
 31
690000.0
  0
LINE
  5
5F6
330
17
100
AcDbEntity
  8
BEAMS
100
AcDbLine
 10
26516.504294495535
 20
26516.50429449553
 30
690000.0
 11
18750.000000000004
 21
32475.952641916447
 31
690000.0
  0
LINE
  5
5F7
330
17
100
AcDbEntity
  8
BEAMS
100
AcDbLine
 10
18750.000000000004
 20
32475.952641916447
 30
690000.0
 11
9705.714191344528
 21
36222.218485840065
 31
690000.0
  0
LINE
  5
5F8
330
17
100
AcDbEntity
  8
BEAMS
100
AcDbLine
 10
9705.714191344528
 20
36222.218485840065
 30
690000.0
 11
2.2962127484012872e-12
 21
37500.0
 31
690000.0
  0
LINE
  5
5F9
330
17
100
AcDbEntity
  8
BEAMS
100
AcDbLine
 10
2.2962127484012872e-12
 20
37500.0
 30
690000.0
 11
-9705.714191344523
 21
36222.218485840065
 31
690000.0
  0
LINE
  5
5FA
330
17
100
AcDbEntity
  8
BEAMS
100
AcDbLine
 10
-9705.714191344523
 20
36222.218485840065
 30
690000.0
 11
-18749.999999999993
 21
32475.95264191645
 31
690000.0
  0
LINE
  5
5FB
330
17
100
AcDbEntity
  8
BEAMS
100
AcDbLine
 10
-18749.999999999993
 20
32475.95264191645
 30
690000.0
 11
-26516.50429449553
 21
26516.504294495535
 31
690000.0
  0
LINE
  5
5FC
330
17
100
AcDbEntity
  8
BEAMS
100
AcDbLine
 10
-26516.50429449553
 20
26516.504294495535
 30
690000.0
 11
-32475.95264191645
 21
18749.999999999996
 31
690000.0
  0
LINE
  5
5FD
330
17
100
AcDbEntity
  8
BEAMS
100
AcDbLine
 10
-32475.95264191645
 20
18749.999999999996
 30
690000.0
 11
-36222.21848584006
 21
9705.714191344538
 31
690000.0
  0
LINE
  5
5FE
330
17
100
AcDbEntity
  8
BEAMS
100
AcDbLine
 10
-36222.21848584006
 20
9705.714191344538
 30
690000.0
 11
-37500.0
 21
4.5924254968025744e-12
 31
690000.0
  0
LINE
  5
5FF
330
17
100
AcDbEntity
  8
BEAMS
100
AcDbLine
 10
-37500.0
 20
4.5924254968025744e-12
 30
690000.0
 11
-36222.218485840065
 21
-9705.71419134453
 31
690000.0
  0
LINE
  5
600
330
17
100
AcDbEntity
  8
BEAMS
100
AcDbLine
 10
-36222.218485840065
 20
-9705.71419134453
 30
690000.0
 11
-32475.952641916454
 21
-18749.999999999993
 31
690000.0
  0
LINE
  5
601
330
17
100
AcDbEntity
  8
BEAMS
100
AcDbLine
 10
-32475.952641916454
 20
-18749.999999999993
 30
690000.0
 11
-26516.504294495546
 21
-26516.504294495517
 31
690000.0
  0
LINE
  5
602
330
17
100
AcDbEntity
  8
BEAMS
100
AcDbLine
 10
-26516.504294495546
 20
-26516.504294495517
 30
690000.0
 11
-18750.00000000002
 21
-32475.95264191644
 31
690000.0
  0
LINE
  5
603
330
17
100
AcDbEntity
  8
BEAMS
100
AcDbLine
 10
-18750.00000000002
 20
-32475.95264191644
 30
690000.0
 11
-9705.714191344523
 21
-36222.218485840065
 31
690000.0
  0
LINE
  5
604
330
17
100
AcDbEntity
  8
BEAMS
100
AcDbLine
 10
-9705.714191344523
 20
-36222.218485840065
 30
690000.0
 11
-6.888638245203861e-12
 21
-37500.0
 31
690000.0
  0
LINE
  5
605
330
17
100
AcDbEntity
  8
BEAMS
100
AcDbLine
 10
-6.888638245203861e-12
 20
-37500.0
 30
690000.0
 11
9705.71419134451
 21
-36222.218485840065
 31
690000.0
  0
LINE
  5
606
330
17
100
AcDbEntity
  8
BEAMS
100
AcDbLine
 10
9705.71419134451
 20
-36222.218485840065
 30
690000.0
 11
18750.000000000004
 21
-32475.952641916447
 31
690000.0
  0
LINE
  5
607
330
17
100
AcDbEntity
  8
BEAMS
100
AcDbLine
 10
18750.000000000004
 20
-32475.952641916447
 30
690000.0
 11
26516.504294495524
 21
-26516.50429449554
 31
690000.0
  0
LINE
  5
608
330
17
100
AcDbEntity
  8
BEAMS
100
AcDbLine
 10
26516.504294495524
 20
-26516.50429449554
 30
690000.0
 11
32475.95264191644
 21
-18750.00000000002
 31
690000.0
  0
LINE
  5
609
330
17
100
AcDbEntity
  8
BEAMS
100
AcDbLine
 10
32475.95264191644
 20
-18750.00000000002
 30
690000.0
 11
36222.21848584005
 21
-9705.71419134456
 31
690000.0
  0
LINE
  5
60A
330
17
100
AcDbEntity
  8
BEAMS
100
AcDbLine
 10
36222.21848584005
 20
-9705.71419134456
 30
690000.0
 11
37500.0
 21
-9.184850993605149e-12
 31
690000.0
  0
LINE
  5
60B
330
17
100
AcDbEntity
  8
BEAMS
100
AcDbLine
 10
17812.5
 20
0.0
 30
724500.0
 11
35625.0
 21
0.0
 31
724500.0
  0
LINE
  5
60C
330
17
100
AcDbEntity
  8
BEAMS
100
AcDbLine
 10
15426.077504910314
 20
8906.249999999998
 30
724500.0
 11
30852.155009820628
 21
17812.499999999996
 31
724500.0
  0
LINE
  5
60D
330
17
100
AcDbEntity
  8
BEAMS
100
AcDbLine
 10
8906.250000000002
 20
15426.077504910312
 30
724500.0
 11
17812.500000000004
 21
30852.155009820624
 31
724500.0
  0
LINE
  5
60E
330
17
100
AcDbEntity
  8
BEAMS
100
AcDbLine
 10
1.0907010554906114e-12
 20
17812.5
 30
724500.0
 11
2.181402110981223e-12
 21
35625.0
 31
724500.0
  0
LINE
  5
60F
330
17
100
AcDbEntity
  8
BEAMS
100
AcDbLine
 10
-8906.249999999996
 20
15426.077504910314
 30
724500.0
 11
-17812.499999999993
 21
30852.155009820628
 31
724500.0
  0
LINE
  5
610
330
17
100
AcDbEntity
  8
BEAMS
100
AcDbLine
 10
-15426.077504910314
 20
8906.249999999998
 30
724500.0
 11
-30852.155009820628
 21
17812.499999999996
 31
724500.0
  0
LINE
  5
611
330
17
100
AcDbEntity
  8
BEAMS
100
AcDbLine
 10
-17812.5
 20
2.181402110981223e-12
 30
724500.0
 11
-35625.0
 21
4.362804221962446e-12
 31
724500.0
  0
LINE
  5
612
330
17
100
AcDbEntity
  8
BEAMS
100
AcDbLine
 10
-15426.077504910316
 20
-8906.249999999996
 30
724500.0
 11
-30852.15500982063
 21
-17812.499999999993
 31
724500.0
  0
LINE
  5
613
330
17
100
AcDbEntity
  8
BEAMS
100
AcDbLine
 10
-8906.250000000007
 20
-15426.077504910309
 30
724500.0
 11
-17812.500000000015
 21
-30852.155009820617
 31
724500.0
  0
LINE
  5
614
330
17
100
AcDbEntity
  8
BEAMS
100
AcDbLine
 10
-3.272103166471834e-12
 20
-17812.5
 30
724500.0
 11
-6.544206332943668e-12
 21
-35625.0
 31
724500.0
  0
LINE
  5
615
330
17
100
AcDbEntity
  8
BEAMS
100
AcDbLine
 10
8906.250000000002
 20
-15426.077504910312
 30
724500.0
 11
17812.500000000004
 21
-30852.155009820624
 31
724500.0
  0
LINE
  5
616
330
17
100
AcDbEntity
  8
BEAMS
100
AcDbLine
 10
15426.077504910309
 20
-8906.250000000007
 30
724500.0
 11
30852.155009820617
 21
-17812.500000000015
 31
724500.0
  0
LINE
  5
617
330
17
100
AcDbEntity
  8
BEAMS
100
AcDbLine
 10
35625.0
 20
0.0
 30
724500.0
 11
34411.10756154806
 21
9220.4284817773
 31
724500.0
  0
LINE
  5
618
330
17
100
AcDbEntity
  8
BEAMS
100
AcDbLine
 10
34411.10756154806
 20
9220.4284817773
 30
724500.0
 11
30852.155009820628
 21
17812.499999999996
 31
724500.0
  0
LINE
  5
619
330
17
100
AcDbEntity
  8
BEAMS
100
AcDbLine
 10
30852.155009820628
 20
17812.499999999996
 30
724500.0
 11
25190.679079770758
 21
25190.679079770754
 31
724500.0
  0
LINE
  5
61A
330
17
100
AcDbEntity
  8
BEAMS
100
AcDbLine
 10
25190.679079770758
 20
25190.679079770754
 30
724500.0
 11
17812.500000000004
 21
30852.155009820624
 31
724500.0
  0
LINE
  5
61B
330
17
100
AcDbEntity
  8
BEAMS
100
AcDbLine
 10
17812.500000000004
 20
30852.155009820624
 30
724500.0
 11
9220.4284817773
 21
34411.10756154806
 31
724500.0
  0
LINE
  5
61C
330
17
100
AcDbEntity
  8
BEAMS
100
AcDbLine
 10
9220.4284817773
 20
34411.10756154806
 30
724500.0
 11
2.181402110981223e-12
 21
35625.0
 31
724500.0
  0
LINE
  5
61D
330
17
100
AcDbEntity
  8
BEAMS
100
AcDbLine
 10
2.181402110981223e-12
 20
35625.0
 30
724500.0
 11
-9220.428481777297
 21
34411.10756154806
 31
724500.0
  0
LINE
  5
61E
330
17
100
AcDbEntity
  8
BEAMS
100
AcDbLine
 10
-9220.428481777297
 20
34411.10756154806
 30
724500.0
 11
-17812.499999999993
 21
30852.155009820628
 31
724500.0
  0
LINE
  5
61F
330
17
100
AcDbEntity
  8
BEAMS
100
AcDbLine
 10
-17812.499999999993
 20
30852.155009820628
 30
724500.0
 11
-25190.679079770754
 21
25190.679079770758
 31
724500.0
  0
LINE
  5
620
330
17
100
AcDbEntity
  8
BEAMS
100
AcDbLine
 10
-25190.679079770754
 20
25190.679079770758
 30
724500.0
 11
-30852.155009820628
 21
17812.499999999996
 31
724500.0
  0
LINE
  5
621
330
17
100
AcDbEntity
  8
BEAMS
100
AcDbLine
 10
-30852.155009820628
 20
17812.499999999996
 30
724500.0
 11
-34411.10756154805
 21
9220.428481777311
 31
724500.0
  0
LINE
  5
622
330
17
100
AcDbEntity
  8
BEAMS
100
AcDbLine
 10
-34411.10756154805
 20
9220.428481777311
 30
724500.0
 11
-35625.0
 21
4.362804221962446e-12
 31
724500.0
  0
LINE
  5
623
330
17
100
AcDbEntity
  8
BEAMS
100
AcDbLine
 10
-35625.0
 20
4.362804221962446e-12
 30
724500.0
 11
-34411.10756154806
 21
-9220.428481777304
 31
724500.0
  0
LINE
  5
624
330
17
100
AcDbEntity
  8
BEAMS
100
AcDbLine
 10
-34411.10756154806
 20
-9220.428481777304
 30
724500.0
 11
-30852.15500982063
 21
-17812.499999999993
 31
724500.0
  0
LINE
  5
625
330
17
100
AcDbEntity
  8
BEAMS
100
AcDbLine
 10
-30852.15500982063
 20
-17812.499999999993
 30
724500.0
 11
-25190.67907977077
 21
-25190.67907977074
 31
724500.0
  0
LINE
  5
626
330
17
100
AcDbEntity
  8
BEAMS
100
AcDbLine
 10
-25190.67907977077
 20
-25190.67907977074
 30
724500.0
 11
-17812.500000000015
 21
-30852.155009820617
 31
724500.0
  0
LINE
  5
627
330
17
100
AcDbEntity
  8
BEAMS
100
AcDbLine
 10
-17812.500000000015
 20
-30852.155009820617
 30
724500.0
 11
-9220.428481777297
 21
-34411.10756154806
 31
724500.0
  0
LINE
  5
628
330
17
100
AcDbEntity
  8
BEAMS
100
AcDbLine
 10
-9220.428481777297
 20
-34411.10756154806
 30
724500.0
 11
-6.544206332943668e-12
 21
-35625.0
 31
724500.0
  0
LINE
  5
629
330
17
100
AcDbEntity
  8
BEAMS
100
AcDbLine
 10
-6.544206332943668e-12
 20
-35625.0
 30
724500.0
 11
9220.428481777286
 21
-34411.107561548066
 31
724500.0
  0
LINE
  5
62A
330
17
100
AcDbEntity
  8
BEAMS
100
AcDbLine
 10
9220.428481777286
 20
-34411.107561548066
 30
724500.0
 11
17812.500000000004
 21
-30852.155009820624
 31
724500.0
  0
LINE
  5
62B
330
17
100
AcDbEntity
  8
BEAMS
100
AcDbLine
 10
17812.500000000004
 20
-30852.155009820624
 30
724500.0
 11
25190.67907977075
 21
-25190.67907977076
 31
724500.0
  0
LINE
  5
62C
330
17
100
AcDbEntity
  8
BEAMS
100
AcDbLine
 10
25190.67907977075
 20
-25190.67907977076
 30
724500.0
 11
30852.155009820617
 21
-17812.500000000015
 31
724500.0
  0
LINE
  5
62D
330
17
100
AcDbEntity
  8
BEAMS
100
AcDbLine
 10
30852.155009820617
 20
-17812.500000000015
 30
724500.0
 11
34411.10756154805
 21
-9220.428481777331
 31
724500.0
  0
LINE
  5
62E
330
17
100
AcDbEntity
  8
BEAMS
100
AcDbLine
 10
34411.10756154805
 20
-9220.428481777331
 30
724500.0
 11
35625.0
 21
-8.725608443924891e-12
 31
724500.0
  0
LINE
  5
62F
330
17
100
AcDbEntity
  8
BEAMS
100
AcDbLine
 10
16875.000000000004
 20
0.0
 30
759000.0
 11
33750.00000000001
 21
0.0
 31
759000.0
  0
LINE
  5
630
330
17
100
AcDbEntity
  8
BEAMS
100
AcDbLine
 10
14614.178688862406
 20
8437.5
 30
759000.0
 11
29228.357377724813
 21
16875.0
 31
759000.0
  0
LINE
  5
631
330
17
100
AcDbEntity
  8
BEAMS
100
AcDbLine
 10
8437.500000000004
 20
14614.178688862405
 30
759000.0
 11
16875.000000000007
 21
29228.35737772481
 31
759000.0
  0
LINE
  5
632
330
17
100
AcDbEntity
  8
BEAMS
100
AcDbLine
 10
1.0332957367805795e-12
 20
16875.000000000004
 30
759000.0
 11
2.066591473561159e-12
 21
33750.00000000001
 31
759000.0
  0
LINE
  5
633
330
17
100
AcDbEntity
  8
BEAMS
100
AcDbLine
 10
-8437.499999999998
 20
14614.178688862406
 30
759000.0
 11
-16874.999999999996
 21
29228.357377724813
 31
759000.0
  0
LINE
  5
634
330
17
100
AcDbEntity
  8
BEAMS
100
AcDbLine
 10
-14614.178688862406
 20
8437.5
 30
759000.0
 11
-29228.357377724813
 21
16875.0
 31
759000.0
  0
LINE
  5
635
330
17
100
AcDbEntity
  8
BEAMS
100
AcDbLine
 10
-16875.000000000004
 20
2.066591473561159e-12
 30
759000.0
 11
-33750.00000000001
 21
4.133182947122318e-12
 31
759000.0
  0
LINE
  5
636
330
17
100
AcDbEntity
  8
BEAMS
100
AcDbLine
 10
-14614.178688862408
 20
-8437.499999999998
 30
759000.0
 11
-29228.357377724817
 21
-16874.999999999996
 31
759000.0
  0
LINE
  5
637
330
17
100
AcDbEntity
  8
BEAMS
100
AcDbLine
 10
-8437.50000000001
 20
-14614.178688862401
 30
759000.0
 11
-16875.00000000002
 21
-29228.357377724802
 31
759000.0
  0
LINE
  5
638
330
17
100
AcDbEntity
  8
BEAMS
100
AcDbLine
 10
-3.0998872103417384e-12
 20
-16875.000000000004
 30
759000.0
 11
-6.199774420683477e-12
 21
-33750.00000000001
 31
759000.0
  0
LINE
  5
639
330
17
100
AcDbEntity
  8
BEAMS
100
AcDbLine
 10
8437.500000000004
 20
-14614.178688862405
 30
759000.0
 11
16875.000000000007
 21
-29228.35737772481
 31
759000.0
  0
LINE
  5
63A
330
17
100
AcDbEntity
  8
BEAMS
100
AcDbLine
 10
14614.178688862401
 20
-8437.50000000001
 30
759000.0
 11
29228.357377724802
 21
-16875.00000000002
 31
759000.0
  0
LINE
  5
63B
330
17
100
AcDbEntity
  8
BEAMS
100
AcDbLine
 10
33750.00000000001
 20
0.0
 30
759000.0
 11
32599.996637256063
 21
8735.142772210076
 31
759000.0
  0
LINE
  5
63C
330
17
100
AcDbEntity
  8
BEAMS
100
AcDbLine
 10
32599.996637256063
 20
8735.142772210076
 30
759000.0
 11
29228.357377724813
 21
16875.0
 31
759000.0
  0
LINE
  5
63D
330
17
100
AcDbEntity
  8
BEAMS
100
AcDbLine
 10
29228.357377724813
 20
16875.0
 30
759000.0
 11
23864.853865045985
 21
23864.85386504598
 31
759000.0
  0
LINE
  5
63E
330
17
100
AcDbEntity
  8
BEAMS
100
AcDbLine
 10
23864.853865045985
 20
23864.85386504598
 30
759000.0
 11
16875.000000000007
 21
29228.35737772481
 31
759000.0
  0
LINE
  5
63F
330
17
100
AcDbEntity
  8
BEAMS
100
AcDbLine
 10
16875.000000000007
 20
29228.35737772481
 30
759000.0
 11
8735.142772210076
 21
32599.996637256063
 31
759000.0
  0
LINE
  5
640
330
17
100
AcDbEntity
  8
BEAMS
100
AcDbLine
 10
8735.142772210076
 20
32599.996637256063
 30
759000.0
 11
2.066591473561159e-12
 21
33750.00000000001
 31
759000.0
  0
LINE
  5
641
330
17
100
AcDbEntity
  8
BEAMS
100
AcDbLine
 10
2.066591473561159e-12
 20
33750.00000000001
 30
759000.0
 11
-8735.142772210073
 21
32599.996637256063
 31
759000.0
  0
LINE
  5
642
330
17
100
AcDbEntity
  8
BEAMS
100
AcDbLine
 10
-8735.142772210073
 20
32599.996637256063
 30
759000.0
 11
-16874.999999999996
 21
29228.357377724813
 31
759000.0
  0
LINE
  5
643
330
17
100
AcDbEntity
  8
BEAMS
100
AcDbLine
 10
-16874.999999999996
 20
29228.357377724813
 30
759000.0
 11
-23864.85386504598
 21
23864.853865045985
 31
759000.0
  0
LINE
  5
644
330
17
100
AcDbEntity
  8
BEAMS
100
AcDbLine
 10
-23864.85386504598
 20
23864.853865045985
 30
759000.0
 11
-29228.357377724813
 21
16875.0
 31
759000.0
  0
LINE
  5
645
330
17
100
AcDbEntity
  8
BEAMS
100
AcDbLine
 10
-29228.357377724813
 20
16875.0
 30
759000.0
 11
-32599.99663725606
 21
8735.142772210087
 31
759000.0
  0
LINE
  5
646
330
17
100
AcDbEntity
  8
BEAMS
100
AcDbLine
 10
-32599.99663725606
 20
8735.142772210087
 30
759000.0
 11
-33750.00000000001
 21
4.133182947122318e-12
 31
759000.0
  0
LINE
  5
647
330
17
100
AcDbEntity
  8
BEAMS
100
AcDbLine
 10
-33750.00000000001
 20
4.133182947122318e-12
 30
759000.0
 11
-32599.996637256063
 21
-8735.142772210078
 31
759000.0
  0
LINE
  5
648
330
17
100
AcDbEntity
  8
BEAMS
100
AcDbLine
 10
-32599.996637256063
 20
-8735.142772210078
 30
759000.0
 11
-29228.357377724817
 21
-16874.999999999996
 31
759000.0
  0
LINE
  5
649
330
17
100
AcDbEntity
  8
BEAMS
100
AcDbLine
 10
-29228.357377724817
 20
-16874.999999999996
 30
759000.0
 11
-23864.853865045996
 21
-23864.85386504597
 31
759000.0
  0
LINE
  5
64A
330
17
100
AcDbEntity
  8
BEAMS
100
AcDbLine
 10
-23864.853865045996
 20
-23864.85386504597
 30
759000.0
 11
-16875.00000000002
 21
-29228.357377724802
 31
759000.0
  0
LINE
  5
64B
330
17
100
AcDbEntity
  8
BEAMS
100
AcDbLine
 10
-16875.00000000002
 20
-29228.357377724802
 30
759000.0
 11
-8735.142772210073
 21
-32599.996637256063
 31
759000.0
  0
LINE
  5
64C
330
17
100
AcDbEntity
  8
BEAMS
100
AcDbLine
 10
-8735.142772210073
 20
-32599.996637256063
 30
759000.0
 11
-6.199774420683477e-12
 21
-33750.00000000001
 31
759000.0
  0
LINE
  5
64D
330
17
100
AcDbEntity
  8
BEAMS
100
AcDbLine
 10
-6.199774420683477e-12
 20
-33750.00000000001
 30
759000.0
 11
8735.142772210062
 21
-32599.996637256067
 31
759000.0
  0
LINE
  5
64E
330
17
100
AcDbEntity
  8
BEAMS
100
AcDbLine
 10
8735.142772210062
 20
-32599.996637256067
 30
759000.0
 11
16875.000000000007
 21
-29228.35737772481
 31
759000.0
  0
LINE
  5
64F
330
17
100
AcDbEntity
  8
BEAMS
100
AcDbLine
 10
16875.000000000007
 20
-29228.35737772481
 30
759000.0
 11
23864.853865045978
 21
-23864.85386504599
 31
759000.0
  0
LINE
  5
650
330
17
100
AcDbEntity
  8
BEAMS
100
AcDbLine
 10
23864.853865045978
 20
-23864.85386504599
 30
759000.0
 11
29228.357377724802
 21
-16875.00000000002
 31
759000.0
  0
LINE
  5
651
330
17
100
AcDbEntity
  8
BEAMS
100
AcDbLine
 10
29228.357377724802
 20
-16875.00000000002
 30
759000.0
 11
32599.996637256056
 21
-8735.142772210105
 31
759000.0
  0
LINE
  5
652
330
17
100
AcDbEntity
  8
BEAMS
100
AcDbLine
 10
32599.996637256056
 20
-8735.142772210105
 30
759000.0
 11
33750.00000000001
 21
-8.266365894244636e-12
 31
759000.0
  0
LINE
  5
653
330
17
100
AcDbEntity
  8
BEAMS
100
AcDbLine
 10
15937.500000000002
 20
0.0
 30
793500.0
 11
31875.000000000004
 21
0.0
 31
793500.0
  0
LINE
  5
654
330
17
100
AcDbEntity
  8
BEAMS
100
AcDbLine
 10
13802.279872814494
 20
7968.75
 30
793500.0
 11
27604.559745628987
 21
15937.5
 31
793500.0
  0
LINE
  5
655
330
17
100
AcDbEntity
  8
BEAMS
100
AcDbLine
 10
7968.750000000003
 20
13802.279872814492
 30
793500.0
 11
15937.500000000005
 21
27604.559745628983
 31
793500.0
  0
LINE
  5
656
330
17
100
AcDbEntity
  8
BEAMS
100
AcDbLine
 10
9.758904180705473e-13
 20
15937.500000000002
 30
793500.0
 11
1.9517808361410946e-12
 21
31875.000000000004
 31
793500.0
  0
LINE
  5
657
330
17
100
AcDbEntity
  8
BEAMS
100
AcDbLine
 10
-7968.749999999998
 20
13802.279872814494
 30
793500.0
 11
-15937.499999999996
 21
27604.559745628987
 31
793500.0
  0
LINE
  5
658
330
17
100
AcDbEntity
  8
BEAMS
100
AcDbLine
 10
-13802.279872814494
 20
7968.75
 30
793500.0
 11
-27604.559745628987
 21
15937.5
 31
793500.0
  0
LINE
  5
659
330
17
100
AcDbEntity
  8
BEAMS
100
AcDbLine
 10
-15937.500000000002
 20
1.9517808361410946e-12
 30
793500.0
 11
-31875.000000000004
 21
3.903561672282189e-12
 31
793500.0
  0
LINE
  5
65A
330
17
100
AcDbEntity
  8
BEAMS
100
AcDbLine
 10
-13802.279872814495
 20
-7968.749999999997
 30
793500.0
 11
-27604.55974562899
 21
-15937.499999999995
 31
793500.0
  0
LINE
  5
65B
330
17
100
AcDbEntity
  8
BEAMS
100
AcDbLine
 10
-7968.750000000008
 20
-13802.279872814488
 30
793500.0
 11
-15937.500000000016
 21
-27604.559745628976
 31
793500.0
  0
LINE
  5
65C
330
17
100
AcDbEntity
  8
BEAMS
100
AcDbLine
 10
-2.9276712542116415e-12
 20
-15937.500000000002
 30
793500.0
 11
-5.855342508423283e-12
 21
-31875.000000000004
 31
793500.0
  0
LINE
  5
65D
330
17
100
AcDbEntity
  8
BEAMS
100
AcDbLine
 10
7968.750000000003
 20
-13802.279872814492
 30
793500.0
 11
15937.500000000005
 21
-27604.559745628983
 31
793500.0
  0
LINE
  5
65E
330
17
100
AcDbEntity
  8
BEAMS
100
AcDbLine
 10
13802.279872814488
 20
-7968.750000000008
 30
793500.0
 11
27604.559745628976
 21
-15937.500000000016
 31
793500.0
  0
LINE
  5
65F
330
17
100
AcDbEntity
  8
BEAMS
100
AcDbLine
 10
31875.000000000004
 20
0.0
 30
793500.0
 11
30788.885712964056
 21
8249.85706264285
 31
793500.0
  0
LINE
  5
660
330
17
100
AcDbEntity
  8
BEAMS
100
AcDbLine
 10
30788.885712964056
 20
8249.85706264285
 30
793500.0
 11
27604.559745628987
 21
15937.5
 31
793500.0
  0
LINE
  5
661
330
17
100
AcDbEntity
  8
BEAMS
100
AcDbLine
 10
27604.559745628987
 20
15937.5
 30
793500.0
 11
22539.02865032121
 21
22539.028650321205
 31
793500.0
  0
LINE
  5
662
330
17
100
AcDbEntity
  8
BEAMS
100
AcDbLine
 10
22539.02865032121
 20
22539.028650321205
 30
793500.0
 11
15937.500000000005
 21
27604.559745628983
 31
793500.0
  0
LINE
  5
663
330
17
100
AcDbEntity
  8
BEAMS
100
AcDbLine
 10
15937.500000000005
 20
27604.559745628983
 30
793500.0
 11
8249.85706264285
 21
30788.885712964056
 31
793500.0
  0
LINE
  5
664
330
17
100
AcDbEntity
  8
BEAMS
100
AcDbLine
 10
8249.85706264285
 20
30788.885712964056
 30
793500.0
 11
1.9517808361410946e-12
 21
31875.000000000004
 31
793500.0
  0
LINE
  5
665
330
17
100
AcDbEntity
  8
BEAMS
100
AcDbLine
 10
1.9517808361410946e-12
 20
31875.000000000004
 30
793500.0
 11
-8249.857062642846
 21
30788.885712964056
 31
793500.0
  0
LINE
  5
666
330
17
100
AcDbEntity
  8
BEAMS
100
AcDbLine
 10
-8249.857062642846
 20
30788.885712964056
 30
793500.0
 11
-15937.499999999996
 21
27604.559745628987
 31
793500.0
  0
LINE
  5
667
330
17
100
AcDbEntity
  8
BEAMS
100
AcDbLine
 10
-15937.499999999996
 20
27604.559745628987
 30
793500.0
 11
-22539.028650321205
 21
22539.02865032121
 31
793500.0
  0
LINE
  5
668
330
17
100
AcDbEntity
  8
BEAMS
100
AcDbLine
 10
-22539.028650321205
 20
22539.02865032121
 30
793500.0
 11
-27604.559745628987
 21
15937.5
 31
793500.0
  0
LINE
  5
669
330
17
100
AcDbEntity
  8
BEAMS
100
AcDbLine
 10
-27604.559745628987
 20
15937.5
 30
793500.0
 11
-30788.885712964053
 21
8249.85706264286
 31
793500.0
  0
LINE
  5
66A
330
17
100
AcDbEntity
  8
BEAMS
100
AcDbLine
 10
-30788.885712964053
 20
8249.85706264286
 30
793500.0
 11
-31875.000000000004
 21
3.903561672282189e-12
 31
793500.0
  0
LINE
  5
66B
330
17
100
AcDbEntity
  8
BEAMS
100
AcDbLine
 10
-31875.000000000004
 20
3.903561672282189e-12
 30
793500.0
 11
-30788.885712964056
 21
-8249.857062642852
 31
793500.0
  0
LINE
  5
66C
330
17
100
AcDbEntity
  8
BEAMS
100
AcDbLine
 10
-30788.885712964056
 20
-8249.857062642852
 30
793500.0
 11
-27604.55974562899
 21
-15937.499999999995
 31
793500.0
  0
LINE
  5
66D
330
17
100
AcDbEntity
  8
BEAMS
100
AcDbLine
 10
-27604.55974562899
 20
-15937.499999999995
 30
793500.0
 11
-22539.028650321216
 21
-22539.028650321194
 31
793500.0
  0
LINE
  5
66E
330
17
100
AcDbEntity
  8
BEAMS
100
AcDbLine
 10
-22539.028650321216
 20
-22539.028650321194
 30
793500.0
 11
-15937.500000000016
 21
-27604.559745628976
 31
793500.0
  0
LINE
  5
66F
330
17
100
AcDbEntity
  8
BEAMS
100
AcDbLine
 10
-15937.500000000016
 20
-27604.559745628976
 30
793500.0
 11
-8249.857062642846
 21
-30788.885712964056
 31
793500.0
  0
LINE
  5
670
330
17
100
AcDbEntity
  8
BEAMS
100
AcDbLine
 10
-8249.857062642846
 20
-30788.885712964056
 30
793500.0
 11
-5.855342508423283e-12
 21
-31875.000000000004
 31
793500.0
  0
LINE
  5
671
330
17
100
AcDbEntity
  8
BEAMS
100
AcDbLine
 10
-5.855342508423283e-12
 20
-31875.000000000004
 30
793500.0
 11
8249.857062642835
 21
-30788.88571296406
 31
793500.0
  0
LINE
  5
672
330
17
100
AcDbEntity
  8
BEAMS
100
AcDbLine
 10
8249.857062642835
 20
-30788.88571296406
 30
793500.0
 11
15937.500000000005
 21
-27604.559745628983
 31
793500.0
  0
LINE
  5
673
330
17
100
AcDbEntity
  8
BEAMS
100
AcDbLine
 10
15937.500000000005
 20
-27604.559745628983
 30
793500.0
 11
22539.0286503212
 21
-22539.02865032121
 31
793500.0
  0
LINE
  5
674
330
17
100
AcDbEntity
  8
BEAMS
100
AcDbLine
 10
22539.0286503212
 20
-22539.02865032121
 30
793500.0
 11
27604.559745628976
 21
-15937.500000000016
 31
793500.0
  0
LINE
  5
675
330
17
100
AcDbEntity
  8
BEAMS
100
AcDbLine
 10
27604.559745628976
 20
-15937.500000000016
 30
793500.0
 11
30788.88571296405
 21
-8249.857062642875
 31
793500.0
  0
LINE
  5
676
330
17
100
AcDbEntity
  8
BEAMS
100
AcDbLine
 10
30788.88571296405
 20
-8249.857062642875
 30
793500.0
 11
31875.000000000004
 21
-7.807123344564378e-12
 31
793500.0
  0
LINE
  5
677
330
17
100
AcDbEntity
  8
BRACING
100
AcDbLine
 10
35625.0
 20
0.0
 30
69000.0
 11
69375.0
 21
0.0
 31
103500.0
  0
LINE
  5
678
330
17
100
AcDbEntity
  8
BRACING
100
AcDbLine
 10
34687.5
 20
0.0
 30
103500.0
 11
71250.0
 21
0.0
 31
69000.0
  0
LINE
  5
679
330
17
100
AcDbEntity
  8
BRACING
100
AcDbLine
 10
2.181402110981223e-12
 20
35625.0
 30
69000.0
 11
4.247993584542381e-12
 21
69375.0
 31
103500.0
  0
LINE
  5
67A
330
17
100
AcDbEntity
  8
BRACING
100
AcDbLine
 10
2.1239967922711907e-12
 20
34687.5
 30
103500.0
 11
4.362804221962446e-12
 21
71250.0
 31
69000.0
  0
LINE
  5
67B
330
17
100
AcDbEntity
  8
BRACING
100
AcDbLine
 10
-35625.0
 20
4.362804221962446e-12
 30
69000.0
 11
-69375.0
 21
8.495987169084763e-12
 31
103500.0
  0
LINE
  5
67C
330
17
100
AcDbEntity
  8
BRACING
100
AcDbLine
 10
-34687.5
 20
4.247993584542381e-12
 30
103500.0
 11
-71250.0
 21
8.725608443924891e-12
 31
69000.0
  0
LINE
  5
67D
330
17
100
AcDbEntity
  8
BRACING
100
AcDbLine
 10
-6.544206332943668e-12
 20
-35625.0
 30
69000.0
 11
-1.2743980753627143e-11
 21
-69375.0
 31
103500.0
  0
LINE
  5
67E
330
17
100
AcDbEntity
  8
BRACING
100
AcDbLine
 10
-6.371990376813572e-12
 20
-34687.5
 30
103500.0
 11
-1.3088412665887336e-11
 21
-71250.0
 31
69000.0
  0
LINE
  5
67F
330
17
100
AcDbEntity
  8
BRACING
100
AcDbLine
 10
33750.0
 20
0.0
 30
138000.0
 11
65625.0
 21
0.0
 31
172500.0
  0
LINE
  5
680
330
17
100
AcDbEntity
  8
BRACING
100
AcDbLine
 10
32812.5
 20
0.0
 30
172500.0
 11
67500.0
 21
0.0
 31
138000.0
  0
LINE
  5
681
330
17
100
AcDbEntity
  8
BRACING
100
AcDbLine
 10
2.0665914735611585e-12
 20
33750.0
 30
138000.0
 11
4.018372309702253e-12
 21
65625.0
 31
172500.0
  0
LINE
  5
682
330
17
100
AcDbEntity
  8
BRACING
100
AcDbLine
 10
2.0091861548511264e-12
 20
32812.5
 30
172500.0
 11
4.133182947122317e-12
 21
67500.0
 31
138000.0
  0
LINE
  5
683
330
17
100
AcDbEntity
  8
BRACING
100
AcDbLine
 10
-33750.0
 20
4.133182947122317e-12
 30
138000.0
 11
-65625.0
 21
8.036744619404505e-12
 31
172500.0
  0
LINE
  5
684
330
17
100
AcDbEntity
  8
BRACING
100
AcDbLine
 10
-32812.5
 20
4.018372309702253e-12
 30
172500.0
 11
-67500.0
 21
8.266365894244634e-12
 31
138000.0
  0
LINE
  5
685
330
17
100
AcDbEntity
  8
BRACING
100
AcDbLine
 10
-6.199774420683475e-12
 20
-33750.0
 30
138000.0
 11
-1.2055116929106757e-11
 21
-65625.0
 31
172500.0
  0
LINE
  5
686
330
17
100
AcDbEntity
  8
BRACING
100
AcDbLine
 10
-6.027558464553379e-12
 20
-32812.5
 30
172500.0
 11
-1.239954884136695e-11
 21
-67500.0
 31
138000.0
  0
LINE
  5
687
330
17
100
AcDbEntity
  8
BRACING
100
AcDbLine
 10
31875.0
 20
0.0
 30
207000.0
 11
61875.0
 21
0.0
 31
241500.0
  0
LINE
  5
688
330
17
100
AcDbEntity
  8
BRACING
100
AcDbLine
 10
30937.5
 20
0.0
 30
241500.0
 11
63750.0
 21
0.0
 31
207000.0
  0
LINE
  5
689
330
17
100
AcDbEntity
  8
BRACING
100
AcDbLine
 10
1.951780836141094e-12
 20
31875.0
 30
207000.0
 11
3.788751034862124e-12
 21
61875.0
 31
241500.0
  0
LINE
  5
68A
330
17
100
AcDbEntity
  8
BRACING
100
AcDbLine
 10
1.894375517431062e-12
 20
30937.5
 30
241500.0
 11
3.903561672282188e-12
 21
63750.0
 31
207000.0
  0
LINE
  5
68B
330
17
100
AcDbEntity
  8
BRACING
100
AcDbLine
 10
-31875.0
 20
3.903561672282188e-12
 30
207000.0
 11
-61875.0
 21
7.577502069724248e-12
 31
241500.0
  0
LINE
  5
68C
330
17
100
AcDbEntity
  8
BRACING
100
AcDbLine
 10
-30937.5
 20
3.788751034862124e-12
 30
241500.0
 11
-63750.0
 21
7.807123344564377e-12
 31
207000.0
  0
LINE
  5
68D
330
17
100
AcDbEntity
  8
BRACING
100
AcDbLine
 10
-5.855342508423282e-12
 20
-31875.0
 30
207000.0
 11
-1.1366253104586371e-11
 21
-61875.0
 31
241500.0
  0
LINE
  5
68E
330
17
100
AcDbEntity
  8
BRACING
100
AcDbLine
 10
-5.683126552293186e-12
 20
-30937.5
 30
241500.0
 11
-1.1710685016846564e-11
 21
-63750.0
 31
207000.0
  0
LINE
  5
68F
330
17
100
AcDbEntity
  8
BRACING
100
AcDbLine
 10
30000.0
 20
0.0
 30
276000.0
 11
58125.0
 21
0.0
 31
310500.0
  0
LINE
  5
690
330
17
100
AcDbEntity
  8
BRACING
100
AcDbLine
 10
29062.5
 20
0.0
 30
310500.0
 11
60000.0
 21
0.0
 31
276000.0
  0
LINE
  5
691
330
17
100
AcDbEntity
  8
BRACING
100
AcDbLine
 10
1.83697019872103e-12
 20
30000.0
 30
276000.0
 11
3.5591297600219954e-12
 21
58125.0
 31
310500.0
  0
LINE
  5
692
330
17
100
AcDbEntity
  8
BRACING
100
AcDbLine
 10
1.7795648800109977e-12
 20
29062.5
 30
310500.0
 11
3.67394039744206e-12
 21
60000.0
 31
276000.0
  0
LINE
  5
693
330
17
100
AcDbEntity
  8
BRACING
100
AcDbLine
 10
-30000.0
 20
3.67394039744206e-12
 30
276000.0
 11
-58125.0
 21
7.118259520043991e-12
 31
310500.0
  0
LINE
  5
694
330
17
100
AcDbEntity
  8
BRACING
100
AcDbLine
 10
-29062.5
 20
3.5591297600219954e-12
 30
310500.0
 11
-60000.0
 21
7.34788079488412e-12
 31
276000.0
  0
LINE
  5
695
330
17
100
AcDbEntity
  8
BRACING
100
AcDbLine
 10
-5.510910596163089e-12
 20
-30000.0
 30
276000.0
 11
-1.0677389280065985e-11
 21
-58125.0
 31
310500.0
  0
LINE
  5
696
330
17
100
AcDbEntity
  8
BRACING
100
AcDbLine
 10
-5.338694640032993e-12
 20
-29062.5
 30
310500.0
 11
-1.1021821192326178e-11
 21
-60000.0
 31
276000.0
  0
LINE
  5
697
330
17
100
AcDbEntity
  8
BRACING
100
AcDbLine
 10
28125.0
 20
0.0
 30
345000.0
 11
54375.00000000001
 21
0.0
 31
379500.0
  0
LINE
  5
698
330
17
100
AcDbEntity
  8
BRACING
100
AcDbLine
 10
27187.500000000004
 20
0.0
 30
379500.0
 11
56250.0
 21
0.0
 31
345000.0
  0
LINE
  5
699
330
17
100
AcDbEntity
  8
BRACING
100
AcDbLine
 10
1.7221595613009655e-12
 20
28125.0
 30
345000.0
 11
3.329508485181867e-12
 21
54375.00000000001
 31
379500.0
  0
LINE
  5
69A
330
17
100
AcDbEntity
  8
BRACING
100
AcDbLine
 10
1.6647542425909335e-12
 20
27187.500000000004
 30
379500.0
 11
3.444319122601931e-12
 21
56250.0
 31
345000.0
  0
LINE
  5
69B
330
17
100
AcDbEntity
  8
BRACING
100
AcDbLine
 10
-28125.0
 20
3.444319122601931e-12
 30
345000.0
 11
-54375.00000000001
 21
6.659016970363734e-12
 31
379500.0
  0
LINE
  5
69C
330
17
100
AcDbEntity
  8
BRACING
100
AcDbLine
 10
-27187.500000000004
 20
3.329508485181867e-12
 30
379500.0
 11
-56250.0
 21
6.888638245203862e-12
 31
345000.0
  0
LINE
  5
69D
330
17
100
AcDbEntity
  8
BRACING
100
AcDbLine
 10
-5.166478683902896e-12
 20
-28125.0
 30
345000.0
 11
-9.988525455545601e-12
 21
-54375.00000000001
 31
379500.0
  0
LINE
  5
69E
330
17
100
AcDbEntity
  8
BRACING
100
AcDbLine
 10
-4.9942627277728004e-12
 20
-27187.500000000004
 30
379500.0
 11
-1.0332957367805792e-11
 21
-56250.0
 31
345000.0
  0
LINE
  5
69F
330
17
100
AcDbEntity
  8
BRACING
100
AcDbLine
 10
26250.0
 20
0.0
 30
414000.0
 11
50625.0
 21
0.0
 31
448500.0
  0
LINE
  5
6A0
330
17
100
AcDbEntity
  8
BRACING
100
AcDbLine
 10
25312.5
 20
0.0
 30
448500.0
 11
52500.0
 21
0.0
 31
414000.0
  0
LINE
  5
6A1
330
17
100
AcDbEntity
  8
BRACING
100
AcDbLine
 10
1.6073489238809012e-12
 20
26250.0
 30
414000.0
 11
3.099887210341738e-12
 21
50625.0
 31
448500.0
  0
LINE
  5
6A2
330
17
100
AcDbEntity
  8
BRACING
100
AcDbLine
 10
1.549943605170869e-12
 20
25312.5
 30
448500.0
 11
3.2146978477618023e-12
 21
52500.0
 31
414000.0
  0
LINE
  5
6A3
330
17
100
AcDbEntity
  8
BRACING
100
AcDbLine
 10
-26250.0
 20
3.2146978477618023e-12
 30
414000.0
 11
-50625.0
 21
6.199774420683476e-12
 31
448500.0
  0
LINE
  5
6A4
330
17
100
AcDbEntity
  8
BRACING
100
AcDbLine
 10
-25312.5
 20
3.099887210341738e-12
 30
448500.0
 11
-52500.0
 21
6.429395695523605e-12
 31
414000.0
  0
LINE
  5
6A5
330
17
100
AcDbEntity
  8
BRACING
100
AcDbLine
 10
-4.822046771642703e-12
 20
-26250.0
 30
414000.0
 11
-9.299661631025213e-12
 21
-50625.0
 31
448500.0
  0
LINE
  5
6A6
330
17
100
AcDbEntity
  8
BRACING
100
AcDbLine
 10
-4.6498308155126066e-12
 20
-25312.5
 30
448500.0
 11
-9.644093543285406e-12
 21
-52500.0
 31
414000.0
  0
LINE
  5
6A7
330
17
100
AcDbEntity
  8
BRACING
100
AcDbLine
 10
24374.999999999996
 20
0.0
 30
483000.0
 11
46875.0
 21
0.0
 31
517500.0
  0
LINE
  5
6A8
330
17
100
AcDbEntity
  8
BRACING
100
AcDbLine
 10
23437.5
 20
0.0
 30
517500.0
 11
48749.99999999999
 21
0.0
 31
483000.0
  0
LINE
  5
6A9
330
17
100
AcDbEntity
  8
BRACING
100
AcDbLine
 10
1.4925382864608364e-12
 20
24374.999999999996
 30
483000.0
 11
2.870265935501609e-12
 21
46875.0
 31
517500.0
  0
LINE
  5
6AA
330
17
100
AcDbEntity
  8
BRACING
100
AcDbLine
 10
1.4351329677508045e-12
 20
23437.5
 30
517500.0
 11
2.985076572921673e-12
 21
48749.99999999999
 31
483000.0
  0
LINE
  5
6AB
330
17
100
AcDbEntity
  8
BRACING
100
AcDbLine
 10
-24374.999999999996
 20
2.985076572921673e-12
 30
483000.0
 11
-46875.0
 21
5.740531871003218e-12
 31
517500.0
  0
LINE
  5
6AC
330
17
100
AcDbEntity
  8
BRACING
100
AcDbLine
 10
-23437.5
 20
2.870265935501609e-12
 30
517500.0
 11
-48749.99999999999
 21
5.970153145843346e-12
 31
483000.0
  0
LINE
  5
6AD
330
17
100
AcDbEntity
  8
BRACING
100
AcDbLine
 10
-4.477614859382509e-12
 20
-24374.999999999996
 30
483000.0
 11
-8.610797806504827e-12
 21
-46875.0
 31
517500.0
  0
LINE
  5
6AE
330
17
100
AcDbEntity
  8
BRACING
100
AcDbLine
 10
-4.3053989032524136e-12
 20
-23437.5
 30
517500.0
 11
-8.955229718765019e-12
 21
-48749.99999999999
 31
483000.0
  0
LINE
  5
6AF
330
17
100
AcDbEntity
  8
BRACING
100
AcDbLine
 10
22500.000000000004
 20
0.0
 30
552000.0
 11
43125.0
 21
0.0
 31
586500.0
  0
LINE
  5
6B0
330
17
100
AcDbEntity
  8
BRACING
100
AcDbLine
 10
21562.5
 20
0.0
 30
586500.0
 11
45000.00000000001
 21
0.0
 31
552000.0
  0
LINE
  5
6B1
330
17
100
AcDbEntity
  8
BRACING
100
AcDbLine
 10
1.3777276490407725e-12
 20
22500.000000000004
 30
552000.0
 11
2.6406446606614802e-12
 21
43125.0
 31
586500.0
  0
LINE
  5
6B2
330
17
100
AcDbEntity
  8
BRACING
100
AcDbLine
 10
1.3203223303307401e-12
 20
21562.5
 30
586500.0
 11
2.755455298081545e-12
 21
45000.00000000001
 31
552000.0
  0
LINE
  5
6B3
330
17
100
AcDbEntity
  8
BRACING
100
AcDbLine
 10
-22500.000000000004
 20
2.755455298081545e-12
 30
552000.0
 11
-43125.0
 21
5.2812893213229605e-12
 31
586500.0
  0
LINE
  5
6B4
330
17
100
AcDbEntity
  8
BRACING
100
AcDbLine
 10
-21562.5
 20
2.6406446606614802e-12
 30
586500.0
 11
-45000.00000000001
 21
5.51091059616309e-12
 31
552000.0
  0
LINE
  5
6B5
330
17
100
AcDbEntity
  8
BRACING
100
AcDbLine
 10
-4.133182947122318e-12
 20
-22500.000000000004
 30
552000.0
 11
-7.921933981984441e-12
 21
-43125.0
 31
586500.0
  0
LINE
  5
6B6
330
17
100
AcDbEntity
  8
BRACING
100
AcDbLine
 10
-3.9609669909922205e-12
 20
-21562.5
 30
586500.0
 11
-8.266365894244636e-12
 21
-45000.00000000001
 31
552000.0
  0
LINE
  5
6B7
330
17
100
AcDbEntity
  8
BRACING
100
AcDbLine
 10
20625.0
 20
0.0
 30
621000.0
 11
39375.0
 21
0.0
 31
655500.0
  0
LINE
  5
6B8
330
17
100
AcDbEntity
  8
BRACING
100
AcDbLine
 10
19687.5
 20
0.0
 30
655500.0
 11
41250.0
 21
0.0
 31
621000.0
  0
LINE
  5
6B9
330
17
100
AcDbEntity
  8
BRACING
100
AcDbLine
 10
1.262917011620708e-12
 20
20625.0
 30
621000.0
 11
2.4110233858213515e-12
 21
39375.0
 31
655500.0
  0
LINE
  5
6BA
330
17
100
AcDbEntity
  8
BRACING
100
AcDbLine
 10
1.2055116929106758e-12
 20
19687.5
 30
655500.0
 11
2.525834023241416e-12
 21
41250.0
 31
621000.0
  0
LINE
  5
6BB
330
17
100
AcDbEntity
  8
BRACING
100
AcDbLine
 10
-20625.0
 20
2.525834023241416e-12
 30
621000.0
 11
-39375.0
 21
4.822046771642703e-12
 31
655500.0
  0
LINE
  5
6BC
330
17
100
AcDbEntity
  8
BRACING
100
AcDbLine
 10
-19687.5
 20
2.4110233858213515e-12
 30
655500.0
 11
-41250.0
 21
5.051668046482832e-12
 31
621000.0
  0
LINE
  5
6BD
330
17
100
AcDbEntity
  8
BRACING
100
AcDbLine
 10
-3.788751034862124e-12
 20
-20625.0
 30
621000.0
 11
-7.233070157464054e-12
 21
-39375.0
 31
655500.0
  0
LINE
  5
6BE
330
17
100
AcDbEntity
  8
BRACING
100
AcDbLine
 10
-3.616535078732027e-12
 20
-19687.5
 30
655500.0
 11
-7.577502069724248e-12
 21
-41250.0
 31
621000.0
  0
LINE
  5
6BF
330
17
100
AcDbEntity
  8
BRACING
100
AcDbLine
 10
18750.0
 20
0.0
 30
690000.0
 11
35625.0
 21
0.0
 31
724500.0
  0
LINE
  5
6C0
330
17
100
AcDbEntity
  8
BRACING
100
AcDbLine
 10
17812.5
 20
0.0
 30
724500.0
 11
37500.0
 21
0.0
 31
690000.0
  0
LINE
  5
6C1
330
17
100
AcDbEntity
  8
BRACING
100
AcDbLine
 10
1.1481063742006436e-12
 20
18750.0
 30
690000.0
 11
2.181402110981223e-12
 21
35625.0
 31
724500.0
  0
LINE
  5
6C2
330
17
100
AcDbEntity
  8
BRACING
100
AcDbLine
 10
1.0907010554906114e-12
 20
17812.5
 30
724500.0
 11
2.2962127484012872e-12
 21
37500.0
 31
690000.0
  0
LINE
  5
6C3
330
17
100
AcDbEntity
  8
BRACING
100
AcDbLine
 10
-18750.0
 20
2.2962127484012872e-12
 30
690000.0
 11
-35625.0
 21
4.362804221962446e-12
 31
724500.0
  0
LINE
  5
6C4
330
17
100
AcDbEntity
  8
BRACING
100
AcDbLine
 10
-17812.5
 20
2.181402110981223e-12
 30
724500.0
 11
-37500.0
 21
4.5924254968025744e-12
 31
690000.0
  0
LINE
  5
6C5
330
17
100
AcDbEntity
  8
BRACING
100
AcDbLine
 10
-3.4443191226019306e-12
 20
-18750.0
 30
690000.0
 11
-6.544206332943668e-12
 21
-35625.0
 31
724500.0
  0
LINE
  5
6C6
330
17
100
AcDbEntity
  8
BRACING
100
AcDbLine
 10
-3.272103166471834e-12
 20
-17812.5
 30
724500.0
 11
-6.888638245203861e-12
 21
-37500.0
 31
690000.0
  0
LINE
  5
6C7
330
17
100
AcDbEntity
  8
BRACING
100
AcDbLine
 10
16875.000000000004
 20
0.0
 30
759000.0
 11
31875.000000000004
 21
0.0
 31
793500.0
  0
LINE
  5
6C8
330
17
100
AcDbEntity
  8
BRACING
100
AcDbLine
 10
15937.500000000002
 20
0.0
 30
793500.0
 11
33750.00000000001
 21
0.0
 31
759000.0
  0
LINE
  5
6C9
330
17
100
AcDbEntity
  8
BRACING
100
AcDbLine
 10
1.0332957367805795e-12
 20
16875.000000000004
 30
759000.0
 11
1.9517808361410946e-12
 21
31875.000000000004
 31
793500.0
  0
LINE
  5
6CA
330
17
100
AcDbEntity
  8
BRACING
100
AcDbLine
 10
9.758904180705473e-13
 20
15937.500000000002
 30
793500.0
 11
2.066591473561159e-12
 21
33750.00000000001
 31
759000.0
  0
LINE
  5
6CB
330
17
100
AcDbEntity
  8
BRACING
100
AcDbLine
 10
-16875.000000000004
 20
2.066591473561159e-12
 30
759000.0
 11
-31875.000000000004
 21
3.903561672282189e-12
 31
793500.0
  0
LINE
  5
6CC
330
17
100
AcDbEntity
  8
BRACING
100
AcDbLine
 10
-15937.500000000002
 20
1.9517808361410946e-12
 30
793500.0
 11
-33750.00000000001
 21
4.133182947122318e-12
 31
759000.0
  0
LINE
  5
6CD
330
17
100
AcDbEntity
  8
BRACING
100
AcDbLine
 10
-3.0998872103417384e-12
 20
-16875.000000000004
 30
759000.0
 11
-5.855342508423283e-12
 21
-31875.000000000004
 31
793500.0
  0
LINE
  5
6CE
330
17
100
AcDbEntity
  8
BRACING
100
AcDbLine
 10
-2.9276712542116415e-12
 20
-15937.500000000002
 30
793500.0
 11
-6.199774420683477e-12
 21
-33750.00000000001
 31
759000.0
  0
LINE
  5
6CF
330
17
100
AcDbEntity
  8
SPIRE
100
AcDbLine
 10
10000.0
 20
0.0
 30
828000.0
 11
9500.0
 21
0.0
 31
832000.0
  0
LINE
  5
6D0
330
17
100
AcDbEntity
  8
SPIRE
100
AcDbLine
 10
6.123233995736766e-13
 20
10000.0
 30
828000.0
 11
5.817072295949928e-13
 21
9500.0
 31
832000.0
  0
LINE
  5
6D1
330
17
100
AcDbEntity
  8
SPIRE
100
AcDbLine
 10
-10000.0
 20
1.2246467991473533e-12
 30
828000.0
 11
-9500.0
 21
1.1634144591899856e-12
 31
832000.0
  0
LINE
  5
6D2
330
17
100
AcDbEntity
  8
SPIRE
100
AcDbLine
 10
-1.83697019872103e-12
 20
-10000.0
 30
828000.0
 11
-1.7451216887849781e-12
 21
-9500.0
 31
832000.0
  0
LINE
  5
6D3
330
17
100
AcDbEntity
  8
SPIRE
100
AcDbLine
 10
10000.0
 20
0.0
 30
828000.0
 11
5.817072295949928e-13
 21
9500.0
 31
832000.0
  0
LINE
  5
6D4
330
17
100
AcDbEntity
  8
SPIRE
100
AcDbLine
 10
6.123233995736766e-13
 20
10000.0
 30
828000.0
 11
-9500.0
 21
1.1634144591899856e-12
 31
832000.0
  0
LINE
  5
6D5
330
17
100
AcDbEntity
  8
SPIRE
100
AcDbLine
 10
-10000.0
 20
1.2246467991473533e-12
 30
828000.0
 11
-1.7451216887849781e-12
 21
-9500.0
 31
832000.0
  0
LINE
  5
6D6
330
17
100
AcDbEntity
  8
SPIRE
100
AcDbLine
 10
-1.83697019872103e-12
 20
-10000.0
 30
828000.0
 11
9500.0
 21
-2.3268289183799712e-12
 31
832000.0
  0
LINE
  5
6D7
330
17
100
AcDbEntity
  8
SPIRE
100
AcDbLine
 10
9500.0
 20
0.0
 30
832000.0
 11
9000.0
 21
0.0
 31
836000.0
  0
LINE
  5
6D8
330
17
100
AcDbEntity
  8
SPIRE
100
AcDbLine
 10
5.817072295949928e-13
 20
9500.0
 30
832000.0
 11
5.51091059616309e-13
 21
9000.0
 31
836000.0
  0
LINE
  5
6D9
330
17
100
AcDbEntity
  8
SPIRE
100
AcDbLine
 10
-9500.0
 20
1.1634144591899856e-12
 30
832000.0
 11
-9000.0
 21
1.102182119232618e-12
 31
836000.0
  0
LINE
  5
6DA
330
17
100
AcDbEntity
  8
SPIRE
100
AcDbLine
 10
-1.7451216887849781e-12
 20
-9500.0
 30
832000.0
 11
-1.6532731788489266e-12
 21
-9000.0
 31
836000.0
  0
LINE
  5
6DB
330
17
100
AcDbEntity
  8
SPIRE
100
AcDbLine
 10
9000.0
 20
0.0
 30
836000.0
 11
8500.0
 21
0.0
 31
840000.0
  0
LINE
  5
6DC
330
17
100
AcDbEntity
  8
SPIRE
100
AcDbLine
 10
5.51091059616309e-13
 20
9000.0
 30
836000.0
 11
5.204748896376251e-13
 21
8500.0
 31
840000.0
  0
LINE
  5
6DD
330
17
100
AcDbEntity
  8
SPIRE
100
AcDbLine
 10
-9000.0
 20
1.102182119232618e-12
 30
836000.0
 11
-8500.0
 21
1.0409497792752503e-12
 31
840000.0
  0
LINE
  5
6DE
330
17
100
AcDbEntity
  8
SPIRE
100
AcDbLine
 10
-1.6532731788489266e-12
 20
-9000.0
 30
836000.0
 11
-1.5614246689128753e-12
 21
-8500.0
 31
840000.0
  0
LINE
  5
6DF
330
17
100
AcDbEntity
  8
SPIRE
100
AcDbLine
 10
9000.0
 20
0.0
 30
836000.0
 11
5.204748896376251e-13
 21
8500.0
 31
840000.0
  0
LINE
  5
6E0
330
17
100
AcDbEntity
  8
SPIRE
100
AcDbLine
 10
5.51091059616309e-13
 20
9000.0
 30
836000.0
 11
-8500.0
 21
1.0409497792752503e-12
 31
840000.0
  0
LINE
  5
6E1
330
17
100
AcDbEntity
  8
SPIRE
100
AcDbLine
 10
-9000.0
 20
1.102182119232618e-12
 30
836000.0
 11
-1.5614246689128753e-12
 21
-8500.0
 31
840000.0
  0
LINE
  5
6E2
330
17
100
AcDbEntity
  8
SPIRE
100
AcDbLine
 10
-1.6532731788489266e-12
 20
-9000.0
 30
836000.0
 11
8500.0
 21
-2.0818995585505005e-12
 31
840000.0
  0
LINE
  5
6E3
330
17
100
AcDbEntity
  8
SPIRE
100
AcDbLine
 10
8500.0
 20
0.0
 30
840000.0
 11
8000.0
 21
0.0
 31
844000.0
  0
LINE
  5
6E4
330
17
100
AcDbEntity
  8
SPIRE
100
AcDbLine
 10
5.204748896376251e-13
 20
8500.0
 30
840000.0
 11
4.898587196589413e-13
 21
8000.0
 31
844000.0
  0
LINE
  5
6E5
330
17
100
AcDbEntity
  8
SPIRE
100
AcDbLine
 10
-8500.0
 20
1.0409497792752503e-12
 30
840000.0
 11
-8000.0
 21
9.797174393178826e-13
 31
844000.0
  0
LINE
  5
6E6
330
17
100
AcDbEntity
  8
SPIRE
100
AcDbLine
 10
-1.5614246689128753e-12
 20
-8500.0
 30
840000.0
 11
-1.4695761589768238e-12
 21
-8000.0
 31
844000.0
  0
LINE
  5
6E7
330
17
100
AcDbEntity
  8
SPIRE
100
AcDbLine
 10
8000.0
 20
0.0
 30
844000.0
 11
7500.0
 21
0.0
 31
848000.0
  0
LINE
  5
6E8
330
17
100
AcDbEntity
  8
SPIRE
100
AcDbLine
 10
4.898587196589413e-13
 20
8000.0
 30
844000.0
 11
4.592425496802575e-13
 21
7500.0
 31
848000.0
  0
LINE
  5
6E9
330
17
100
AcDbEntity
  8
SPIRE
100
AcDbLine
 10
-8000.0
 20
9.797174393178826e-13
 30
844000.0
 11
-7500.0
 21
9.18485099360515e-13
 31
848000.0
  0
LINE
  5
6EA
330
17
100
AcDbEntity
  8
SPIRE
100
AcDbLine
 10
-1.4695761589768238e-12
 20
-8000.0
 30
844000.0
 11
-1.3777276490407723e-12
 21
-7500.0
 31
848000.0
  0
LINE
  5
6EB
330
17
100
AcDbEntity
  8
SPIRE
100
AcDbLine
 10
8000.0
 20
0.0
 30
844000.0
 11
4.592425496802575e-13
 21
7500.0
 31
848000.0
  0
LINE
  5
6EC
330
17
100
AcDbEntity
  8
SPIRE
100
AcDbLine
 10
4.898587196589413e-13
 20
8000.0
 30
844000.0
 11
-7500.0
 21
9.18485099360515e-13
 31
848000.0
  0
LINE
  5
6ED
330
17
100
AcDbEntity
  8
SPIRE
100
AcDbLine
 10
-8000.0
 20
9.797174393178826e-13
 30
844000.0
 11
-1.3777276490407723e-12
 21
-7500.0
 31
848000.0
  0
LINE
  5
6EE
330
17
100
AcDbEntity
  8
SPIRE
100
AcDbLine
 10
-1.4695761589768238e-12
 20
-8000.0
 30
844000.0
 11
7500.0
 21
-1.83697019872103e-12
 31
848000.0
  0
LINE
  5
6EF
330
17
100
AcDbEntity
  8
SPIRE
100
AcDbLine
 10
7500.0
 20
0.0
 30
848000.0
 11
7000.0
 21
0.0
 31
852000.0
  0
LINE
  5
6F0
330
17
100
AcDbEntity
  8
SPIRE
100
AcDbLine
 10
4.592425496802575e-13
 20
7500.0
 30
848000.0
 11
4.286263797015736e-13
 21
7000.0
 31
852000.0
  0
LINE
  5
6F1
330
17
100
AcDbEntity
  8
SPIRE
100
AcDbLine
 10
-7500.0
 20
9.18485099360515e-13
 30
848000.0
 11
-7000.0
 21
8.572527594031472e-13
 31
852000.0
  0
LINE
  5
6F2
330
17
100
AcDbEntity
  8
SPIRE
100
AcDbLine
 10
-1.3777276490407723e-12
 20
-7500.0
 30
848000.0
 11
-1.2858791391047208e-12
 21
-7000.0
 31
852000.0
  0
LINE
  5
6F3
330
17
100
AcDbEntity
  8
SPIRE
100
AcDbLine
 10
7000.0
 20
0.0
 30
852000.0
 11
6500.0
 21
0.0
 31
856000.0
  0
LINE
  5
6F4
330
17
100
AcDbEntity
  8
SPIRE
100
AcDbLine
 10
4.286263797015736e-13
 20
7000.0
 30
852000.0
 11
3.980102097228898e-13
 21
6500.0
 31
856000.0
  0
LINE
  5
6F5
330
17
100
AcDbEntity
  8
SPIRE
100
AcDbLine
 10
-7000.0
 20
8.572527594031472e-13
 30
852000.0
 11
-6500.0
 21
7.960204194457796e-13
 31
856000.0
  0
LINE
  5
6F6
330
17
100
AcDbEntity
  8
SPIRE
100
AcDbLine
 10
-1.2858791391047208e-12
 20
-7000.0
 30
852000.0
 11
-1.1940306291686693e-12
 21
-6500.0
 31
856000.0
  0
LINE
  5
6F7
330
17
100
AcDbEntity
  8
SPIRE
100
AcDbLine
 10
7000.0
 20
0.0
 30
852000.0
 11
3.980102097228898e-13
 21
6500.0
 31
856000.0
  0
LINE
  5
6F8
330
17
100
AcDbEntity
  8
SPIRE
100
AcDbLine
 10
4.286263797015736e-13
 20
7000.0
 30
852000.0
 11
-6500.0
 21
7.960204194457796e-13
 31
856000.0
  0
LINE
  5
6F9
330
17
100
AcDbEntity
  8
SPIRE
100
AcDbLine
 10
-7000.0
 20
8.572527594031472e-13
 30
852000.0
 11
-1.1940306291686693e-12
 21
-6500.0
 31
856000.0
  0
LINE
  5
6FA
330
17
100
AcDbEntity
  8
SPIRE
100
AcDbLine
 10
-1.2858791391047208e-12
 20
-7000.0
 30
852000.0
 11
6500.0
 21
-1.5920408388915591e-12
 31
856000.0
  0
LINE
  5
6FB
330
17
100
AcDbEntity
  8
SPIRE
100
AcDbLine
 10
6500.0
 20
0.0
 30
856000.0
 11
6000.000000000001
 21
0.0
 31
860000.0
  0
LINE
  5
6FC
330
17
100
AcDbEntity
  8
SPIRE
100
AcDbLine
 10
3.980102097228898e-13
 20
6500.0
 30
856000.0
 11
3.67394039744206e-13
 21
6000.000000000001
 31
860000.0
  0
LINE
  5
6FD
330
17
100
AcDbEntity
  8
SPIRE
100
AcDbLine
 10
-6500.0
 20
7.960204194457796e-13
 30
856000.0
 11
-6000.000000000001
 21
7.34788079488412e-13
 31
860000.0
  0
LINE
  5
6FE
330
17
100
AcDbEntity
  8
SPIRE
100
AcDbLine
 10
-1.1940306291686693e-12
 20
-6500.0
 30
856000.0
 11
-1.102182119232618e-12
 21
-6000.000000000001
 31
860000.0
  0
LINE
  5
6FF
330
17
100
AcDbEntity
  8
SPIRE
100
AcDbLine
 10
6000.0
 20
0.0
 30
860000.0
 11
5500.0
 21
0.0
 31
864000.0
  0
LINE
  5
700
330
17
100
AcDbEntity
  8
SPIRE
100
AcDbLine
 10
3.6739403974420595e-13
 20
6000.0
 30
860000.0
 11
3.367778697655221e-13
 21
5500.0
 31
864000.0
  0
LINE
  5
701
330
17
100
AcDbEntity
  8
SPIRE
100
AcDbLine
 10
-6000.0
 20
7.347880794884119e-13
 30
860000.0
 11
-5500.0
 21
6.735557395310442e-13
 31
864000.0
  0
LINE
  5
702
330
17
100
AcDbEntity
  8
SPIRE
100
AcDbLine
 10
-1.1021821192326177e-12
 20
-6000.0
 30
860000.0
 11
-1.0103336092965662e-12
 21
-5500.0
 31
864000.0
  0
LINE
  5
703
330
17
100
AcDbEntity
  8
SPIRE
100
AcDbLine
 10
6000.0
 20
0.0
 30
860000.0
 11
3.367778697655221e-13
 21
5500.0
 31
864000.0
  0
LINE
  5
704
330
17
100
AcDbEntity
  8
SPIRE
100
AcDbLine
 10
3.6739403974420595e-13
 20
6000.0
 30
860000.0
 11
-5500.0
 21
6.735557395310442e-13
 31
864000.0
  0
LINE
  5
705
330
17
100
AcDbEntity
  8
SPIRE
100
AcDbLine
 10
-6000.0
 20
7.347880794884119e-13
 30
860000.0
 11
-1.0103336092965662e-12
 21
-5500.0
 31
864000.0
  0
LINE
  5
706
330
17
100
AcDbEntity
  8
SPIRE
100
AcDbLine
 10
-1.1021821192326177e-12
 20
-6000.0
 30
860000.0
 11
5500.0
 21
-1.3471114790620884e-12
 31
864000.0
  0
LINE
  5
707
330
17
100
AcDbEntity
  8
SPIRE
100
AcDbLine
 10
5500.0
 20
0.0
 30
864000.0
 11
5000.0
 21
0.0
 31
868000.0
  0
LINE
  5
708
330
17
100
AcDbEntity
  8
SPIRE
100
AcDbLine
 10
3.367778697655221e-13
 20
5500.0
 30
864000.0
 11
3.061616997868383e-13
 21
5000.0
 31
868000.0
  0
LINE
  5
709
330
17
100
AcDbEntity
  8
SPIRE
100
AcDbLine
 10
-5500.0
 20
6.735557395310442e-13
 30
864000.0
 11
-5000.0
 21
6.123233995736766e-13
 31
868000.0
  0
LINE
  5
70A
330
17
100
AcDbEntity
  8
SPIRE
100
AcDbLine
 10
-1.0103336092965662e-12
 20
-5500.0
 30
864000.0
 11
-9.18485099360515e-13
 21
-5000.0
 31
868000.0
  0
LINE
  5
70B
330
17
100
AcDbEntity
  8
SPIRE
100
AcDbLine
 10
5000.0
 20
0.0
 30
868000.0
 11
4500.0
 21
0.0
 31
872000.0
  0
LINE
  5
70C
330
17
100
AcDbEntity
  8
SPIRE
100
AcDbLine
 10
3.061616997868383e-13
 20
5000.0
 30
868000.0
 11
2.755455298081545e-13
 21
4500.0
 31
872000.0
  0
LINE
  5
70D
330
17
100
AcDbEntity
  8
SPIRE
100
AcDbLine
 10
-5000.0
 20
6.123233995736766e-13
 30
868000.0
 11
-4500.0
 21
5.51091059616309e-13
 31
872000.0
  0
LINE
  5
70E
330
17
100
AcDbEntity
  8
SPIRE
100
AcDbLine
 10
-9.18485099360515e-13
 20
-5000.0
 30
868000.0
 11
-8.266365894244633e-13
 21
-4500.0
 31
872000.0
  0
LINE
  5
70F
330
17
100
AcDbEntity
  8
SPIRE
100
AcDbLine
 10
5000.0
 20
0.0
 30
868000.0
 11
2.755455298081545e-13
 21
4500.0
 31
872000.0
  0
LINE
  5
710
330
17
100
AcDbEntity
  8
SPIRE
100
AcDbLine
 10
3.061616997868383e-13
 20
5000.0
 30
868000.0
 11
-4500.0
 21
5.51091059616309e-13
 31
872000.0
  0
LINE
  5
711
330
17
100
AcDbEntity
  8
SPIRE
100
AcDbLine
 10
-5000.0
 20
6.123233995736766e-13
 30
868000.0
 11
-8.266365894244633e-13
 21
-4500.0
 31
872000.0
  0
LINE
  5
712
330
17
100
AcDbEntity
  8
SPIRE
100
AcDbLine
 10
-9.18485099360515e-13
 20
-5000.0
 30
868000.0
 11
4500.0
 21
-1.102182119232618e-12
 31
872000.0
  0
LINE
  5
713
330
17
100
AcDbEntity
  8
SPIRE
100
AcDbLine
 10
4500.0
 20
0.0
 30
872000.0
 11
3999.999999999999
 21
0.0
 31
876000.0
  0
LINE
  5
714
330
17
100
AcDbEntity
  8
SPIRE
100
AcDbLine
 10
2.755455298081545e-13
 20
4500.0
 30
872000.0
 11
2.449293598294706e-13
 21
3999.999999999999
 31
876000.0
  0
LINE
  5
715
330
17
100
AcDbEntity
  8
SPIRE
100
AcDbLine
 10
-4500.0
 20
5.51091059616309e-13
 30
872000.0
 11
-3999.999999999999
 21
4.898587196589412e-13
 31
876000.0
  0
LINE
  5
716
330
17
100
AcDbEntity
  8
SPIRE
100
AcDbLine
 10
-8.266365894244633e-13
 20
-4500.0
 30
872000.0
 11
-7.347880794884117e-13
 21
-3999.999999999999
 31
876000.0
  0
LINE
  5
717
330
17
100
AcDbEntity
  8
SPIRE
100
AcDbLine
 10
4000.0
 20
0.0
 30
876000.0
 11
3500.0
 21
0.0
 31
880000.0
  0
LINE
  5
718
330
17
100
AcDbEntity
  8
SPIRE
100
AcDbLine
 10
2.4492935982947065e-13
 20
4000.0
 30
876000.0
 11
2.143131898507868e-13
 21
3500.0
 31
880000.0
  0
LINE
  5
719
330
17
100
AcDbEntity
  8
SPIRE
100
AcDbLine
 10
-4000.0
 20
4.898587196589413e-13
 30
876000.0
 11
-3500.0
 21
4.286263797015736e-13
 31
880000.0
  0
LINE
  5
71A
330
17
100
AcDbEntity
  8
SPIRE
100
AcDbLine
 10
-7.347880794884119e-13
 20
-4000.0
 30
876000.0
 11
-6.429395695523604e-13
 21
-3500.0
 31
880000.0
  0
LINE
  5
71B
330
17
100
AcDbEntity
  8
SPIRE
100
AcDbLine
 10
4000.0
 20
0.0
 30
876000.0
 11
2.143131898507868e-13
 21
3500.0
 31
880000.0
  0
LINE
  5
71C
330
17
100
AcDbEntity
  8
SPIRE
100
AcDbLine
 10
2.4492935982947065e-13
 20
4000.0
 30
876000.0
 11
-3500.0
 21
4.286263797015736e-13
 31
880000.0
  0
LINE
  5
71D
330
17
100
AcDbEntity
  8
SPIRE
100
AcDbLine
 10
-4000.0
 20
4.898587196589413e-13
 30
876000.0
 11
-6.429395695523604e-13
 21
-3500.0
 31
880000.0
  0
LINE
  5
71E
330
17
100
AcDbEntity
  8
SPIRE
100
AcDbLine
 10
-7.347880794884119e-13
 20
-4000.0
 30
876000.0
 11
3500.0
 21
-8.572527594031472e-13
 31
880000.0
  0
LINE
  5
71F
330
17
100
AcDbEntity
  8
SPIRE
100
AcDbLine
 10
3500.0
 20
0.0
 30
880000.0
 11
2999.9999999999995
 21
0.0
 31
884000.0
  0
LINE
  5
720
330
17
100
AcDbEntity
  8
SPIRE
100
AcDbLine
 10
2.143131898507868e-13
 20
3500.0
 30
880000.0
 11
1.8369701987210295e-13
 21
2999.9999999999995
 31
884000.0
  0
LINE
  5
721
330
17
100
AcDbEntity
  8
SPIRE
100
AcDbLine
 10
-3500.0
 20
4.286263797015736e-13
 30
880000.0
 11
-2999.9999999999995
 21
3.673940397442059e-13
 31
884000.0
  0
LINE
  5
722
330
17
100
AcDbEntity
  8
SPIRE
100
AcDbLine
 10
-6.429395695523604e-13
 20
-3500.0
 30
880000.0
 11
-5.510910596163088e-13
 21
-2999.9999999999995
 31
884000.0
  0
LINE
  5
723
330
17
100
AcDbEntity
  8
SPIRE
100
AcDbLine
 10
3000.0000000000005
 20
0.0
 30
884000.0
 11
2500.0
 21
0.0
 31
888000.0
  0
LINE
  5
724
330
17
100
AcDbEntity
  8
SPIRE
100
AcDbLine
 10
1.83697019872103e-13
 20
3000.0000000000005
 30
884000.0
 11
1.5308084989341916e-13
 21
2500.0
 31
888000.0
  0
LINE
  5
725
330
17
100
AcDbEntity
  8
SPIRE
100
AcDbLine
 10
-3000.0000000000005
 20
3.67394039744206e-13
 30
884000.0
 11
-2500.0
 21
3.061616997868383e-13
 31
888000.0
  0
LINE
  5
726
330
17
100
AcDbEntity
  8
SPIRE
100
AcDbLine
 10
-5.51091059616309e-13
 20
-3000.0000000000005
 30
884000.0
 11
-4.592425496802575e-13
 21
-2500.0
 31
888000.0
  0
LINE
  5
727
330
17
100
AcDbEntity
  8
SPIRE
100
AcDbLine
 10
3000.0000000000005
 20
0.0
 30
884000.0
 11
1.5308084989341916e-13
 21
2500.0
 31
888000.0
  0
LINE
  5
728
330
17
100
AcDbEntity
  8
SPIRE
100
AcDbLine
 10
1.83697019872103e-13
 20
3000.0000000000005
 30
884000.0
 11
-2500.0
 21
3.061616997868383e-13
 31
888000.0
  0
LINE
  5
729
330
17
100
AcDbEntity
  8
SPIRE
100
AcDbLine
 10
-3000.0000000000005
 20
3.67394039744206e-13
 30
884000.0
 11
-4.592425496802575e-13
 21
-2500.0
 31
888000.0
  0
LINE
  5
72A
330
17
100
AcDbEntity
  8
SPIRE
100
AcDbLine
 10
-5.51091059616309e-13
 20
-3000.0000000000005
 30
884000.0
 11
2500.0
 21
-6.123233995736766e-13
 31
888000.0
  0
LINE
  5
72B
330
17
100
AcDbEntity
  8
SPIRE
100
AcDbLine
 10
2500.0
 20
0.0
 30
888000.0
 11
1999.9999999999995
 21
0.0
 31
892000.0
  0
LINE
  5
72C
330
17
100
AcDbEntity
  8
SPIRE
100
AcDbLine
 10
1.5308084989341916e-13
 20
2500.0
 30
888000.0
 11
1.224646799147353e-13
 21
1999.9999999999995
 31
892000.0
  0
LINE
  5
72D
330
17
100
AcDbEntity
  8
SPIRE
100
AcDbLine
 10
-2500.0
 20
3.061616997868383e-13
 30
888000.0
 11
-1999.9999999999995
 21
2.449293598294706e-13
 31
892000.0
  0
LINE
  5
72E
330
17
100
AcDbEntity
  8
SPIRE
100
AcDbLine
 10
-4.592425496802575e-13
 20
-2500.0
 30
888000.0
 11
-3.6739403974420585e-13
 21
-1999.9999999999995
 31
892000.0
  0
LINE
  5
72F
330
17
100
AcDbEntity
  8
SPIRE
100
AcDbLine
 10
1999.9999999999995
 20
0.0
 30
892000.0
 11
1499.999999999999
 21
0.0
 31
896000.0
  0
LINE
  5
730
330
17
100
AcDbEntity
  8
SPIRE
100
AcDbLine
 10
1.224646799147353e-13
 20
1999.9999999999995
 30
892000.0
 11
9.184850993605144e-14
 21
1499.999999999999
 31
896000.0
  0
LINE
  5
731
330
17
100
AcDbEntity
  8
SPIRE
100
AcDbLine
 10
-1999.9999999999995
 20
2.449293598294706e-13
 30
892000.0
 11
-1499.999999999999
 21
1.8369701987210287e-13
 31
896000.0
  0
LINE
  5
732
330
17
100
AcDbEntity
  8
SPIRE
100
AcDbLine
 10
-3.6739403974420585e-13
 20
-1999.9999999999995
 30
892000.0
 11
-2.755455298081543e-13
 21
-1499.999999999999
 31
896000.0
  0
LINE
  5
733
330
17
100
AcDbEntity
  8
SPIRE
100
AcDbLine
 10
1999.9999999999995
 20
0.0
 30
892000.0
 11
9.184850993605144e-14
 21
1499.999999999999
 31
896000.0
  0
LINE
  5
734
330
17
100
AcDbEntity
  8
SPIRE
100
AcDbLine
 10
1.224646799147353e-13
 20
1999.9999999999995
 30
892000.0
 11
-1499.999999999999
 21
1.8369701987210287e-13
 31
896000.0
  0
LINE
  5
735
330
17
100
AcDbEntity
  8
SPIRE
100
AcDbLine
 10
-1999.9999999999995
 20
2.449293598294706e-13
 30
892000.0
 11
-2.755455298081543e-13
 21
-1499.999999999999
 31
896000.0
  0
LINE
  5
736
330
17
100
AcDbEntity
  8
SPIRE
100
AcDbLine
 10
-3.6739403974420585e-13
 20
-1999.9999999999995
 30
892000.0
 11
1499.999999999999
 21
-3.6739403974420575e-13
 31
896000.0
  0
LINE
  5
737
330
17
100
AcDbEntity
  8
SPIRE
100
AcDbLine
 10
1500.0000000000002
 20
0.0
 30
896000.0
 11
999.9999999999998
 21
0.0
 31
900000.0
  0
LINE
  5
738
330
17
100
AcDbEntity
  8
SPIRE
100
AcDbLine
 10
9.18485099360515e-14
 20
1500.0000000000002
 30
896000.0
 11
6.123233995736765e-14
 21
999.9999999999998
 31
900000.0
  0
LINE
  5
739
330
17
100
AcDbEntity
  8
SPIRE
100
AcDbLine
 10
-1500.0000000000002
 20
1.83697019872103e-13
 30
896000.0
 11
-999.9999999999998
 21
1.224646799147353e-13
 31
900000.0
  0
LINE
  5
73A
330
17
100
AcDbEntity
  8
SPIRE
100
AcDbLine
 10
-2.755455298081545e-13
 20
-1500.0000000000002
 30
896000.0
 11
-1.8369701987210292e-13
 21
-999.9999999999998
 31
900000.0
  0
LINE
  5
73B
330
17
100
AcDbEntity
  8
SPIRE
100
AcDbLine
 10
999.9999999999998
 20
0.0
 30
900000.0
 11
499.9999999999993
 21
0.0
 31
904000.0
  0
LINE
  5
73C
330
17
100
AcDbEntity
  8
SPIRE
100
AcDbLine
 10
6.123233995736765e-14
 20
999.9999999999998
 30
900000.0
 11
3.061616997868379e-14
 21
499.9999999999993
 31
904000.0
  0
LINE
  5
73D
330
17
100
AcDbEntity
  8
SPIRE
100
AcDbLine
 10
-999.9999999999998
 20
1.224646799147353e-13
 30
900000.0
 11
-499.9999999999993
 21
6.123233995736757e-14
 31
904000.0
  0
LINE
  5
73E
330
17
100
AcDbEntity
  8
SPIRE
100
AcDbLine
 10
-1.8369701987210292e-13
 20
-999.9999999999998
 30
900000.0
 11
-9.184850993605136e-14
 21
-499.9999999999993
 31
904000.0
  0
LINE
  5
73F
330
17
100
AcDbEntity
  8
SPIRE
100
AcDbLine
 10
999.9999999999998
 20
0.0
 30
900000.0
 11
3.061616997868379e-14
 21
499.9999999999993
 31
904000.0
  0
LINE
  5
740
330
17
100
AcDbEntity
  8
SPIRE
100
AcDbLine
 10
6.123233995736765e-14
 20
999.9999999999998
 30
900000.0
 11
-499.9999999999993
 21
6.123233995736757e-14
 31
904000.0
  0
LINE
  5
741
330
17
100
AcDbEntity
  8
SPIRE
100
AcDbLine
 10
-999.9999999999998
 20
1.224646799147353e-13
 30
900000.0
 11
-9.184850993605136e-14
 21
-499.9999999999993
 31
904000.0
  0
LINE
  5
742
330
17
100
AcDbEntity
  8
SPIRE
100
AcDbLine
 10
-1.8369701987210292e-13
 20
-999.9999999999998
 30
900000.0
 11
499.9999999999993
 21
-1.2246467991473515e-13
 31
904000.0
  0
LINE
  5
743
330
17
100
AcDbEntity
  8
SPIRE
100
AcDbLine
 10
500.00000000000045
 20
0.0
 30
904000.0
 11
0.0
 21
0.0
 31
908000.0
  0
LINE
  5
744
330
17
100
AcDbEntity
  8
SPIRE
100
AcDbLine
 10
3.0616169978683856e-14
 20
500.00000000000045
 30
904000.0
 11
0.0
 21
0.0
 31
908000.0
  0
LINE
  5
745
330
17
100
AcDbEntity
  8
SPIRE
100
AcDbLine
 10
-500.00000000000045
 20
6.123233995736771e-14
 30
904000.0
 11
-0.0
 21
0.0
 31
908000.0
  0
LINE
  5
746
330
17
100
AcDbEntity
  8
SPIRE
100
AcDbLine
 10
-9.184850993605156e-14
 20
-500.00000000000045
 30
904000.0
 11
-0.0
 21
-0.0
 31
908000.0
  0
ENDSEC
  0
SECTION
  2
OBJECTS
  0
DICTIONARY
  5
A
330
0
100
AcDbDictionary
281
1
  3
ACAD_COLOR
350
B
  3
ACAD_GROUP
350
C
  3
ACAD_LAYOUT
350
D
  3
ACAD_MATERIAL
350
E
  3
ACAD_MLEADERSTYLE
350
F
  3
ACAD_MLINESTYLE
350
10
  3
ACAD_PLOTSETTINGS
350
11
  3
ACAD_PLOTSTYLENAME
350
12
  3
ACAD_SCALELIST
350
14
  3
ACAD_TABLESTYLE
350
15
  3
ACAD_VISUALSTYLE
350
16
  3
EZDXF_META
350
2D
  0
DICTIONARY
  5
B
330
A
100
AcDbDictionary
281
1
  0
DICTIONARY
  5
C
330
A
100
AcDbDictionary
281
1
  0
DICTIONARY
  5
D
330
A
100
AcDbDictionary
281
1
  3
Model
350
1A
  3
Layout1
350
1E
  0
DICTIONARY
  5
E
330
A
100
AcDbDictionary
281
1
  3
ByBlock
350
1F
  3
ByLayer
350
20
  3
Global
350
21
  0
DICTIONARY
  5
F
330
A
100
AcDbDictionary
281
1
  3
Standard
350
2C
  0
DICTIONARY
  5
10
330
A
100
AcDbDictionary
281
1
  3
Standard
350
22
  0
DICTIONARY
  5
11
330
A
100
AcDbDictionary
281
1
  0
ACDBDICTIONARYWDFLT
  5
12
330
A
100
AcDbDictionary
281
1
  3
Normal
350
13
100
AcDbDictionaryWithDefault
340
13
  0
ACDBPLACEHOLDER
  5
13
330
12
  0
DICTIONARY
  5
14
330
A
100
AcDbDictionary
281
1
  0
DICTIONARY
  5
15
330
A
100
AcDbDictionary
281
1
  0
DICTIONARY
  5
16
330
A
100
AcDbDictionary
281
1
  0
LAYOUT
  5
1A
330
D
100
AcDbPlotSettings
  1

  4
A3
  6

 40
7.5
 41
20.0
 42
7.5
 43
20.0
 44
420.0
 45
297.0
 46
0.0
 47
0.0
 48
0.0
 49
0.0
140
0.0
141
0.0
142
1.0
143
1.0
 70
1024
 72
1
 73
0
 74
5
  7

 75
16
 76
0
 77
2
 78
300
147
1.0
148
0.0
149
0.0
100
AcDbLayout
  1
Model
 70
1
 71
0
 10
0.0
 20
0.0
 11
420.0
 21
297.0
 12
0.0
 22
0.0
 32
0.0
 14
1e+20
 24
1e+20
 34
1e+20
 15
-1e+20
 25
-1e+20
 35
-1e+20
146
0.0
 13
0.0
 23
0.0
 33
0.0
 16
1.0
 26
0.0
 36
0.0
 17
0.0
 27
1.0
 37
0.0
 76
1
330
17
  0
LAYOUT
  5
1E
330
D
100
AcDbPlotSettings
  1

  4
A3
  6

 40
7.5
 41
20.0
 42
7.5
 43
20.0
 44
420.0
 45
297.0
 46
0.0
 47
0.0
 48
0.0
 49
0.0
140
0.0
141
0.0
142
1.0
143
1.0
 70
0
 72
1
 73
0
 74
5
  7

 75
16
 76
0
 77
2
 78
300
147
1.0
148
0.0
149
0.0
100
AcDbLayout
  1
Layout1
 70
1
 71
1
 10
0.0
 20
0.0
 11
420.0
 21
297.0
 12
0.0
 22
0.0
 32
0.0
 14
1e+20
 24
1e+20
 34
1e+20
 15
-1e+20
 25
-1e+20
 35
-1e+20
146
0.0
 13
0.0
 23
0.0
 33
0.0
 16
1.0
 26
0.0
 36
0.0
 17
0.0
 27
1.0
 37
0.0
 76
1
330
1B
  0
MATERIAL
  5
1F
102
{ACAD_REACTORS
330
E
102
}
330
E
100
AcDbMaterial
  1
ByBlock
  2

 70
0
 40
1.0
 71
1
 41
1.0
 91
-1023410177
 42
1.0
 72
1
  3

 73
1
 74
1
 75
1
 44
0.5
 73
0
 45
1.0
 46
1.0
 77
1
  4

 78
1
 79
1
170
1
 48
1.0
171
1
  6

172
1
173
1
174
1
140
1.0
141
1.0
175
1
  7

176
1
177
1
178
1
143
1.0
179
1
  8

270
1
271
1
272
1
145
1.0
146
1.0
273
1
  9

274
1
275
1
276
1
 42
1.0
 72
1
  3

 73
1
 74
1
 75
1
 94
63
  0
MATERIAL
  5
20
102
{ACAD_REACTORS
330
E
102
}
330
E
100
AcDbMaterial
  1
ByLayer
  2

 70
0
 40
1.0
 71
1
 41
1.0
 91
-1023410177
 42
1.0
 72
1
  3

 73
1
 74
1
 75
1
 44
0.5
 73
0
 45
1.0
 46
1.0
 77
1
  4

 78
1
 79
1
170
1
 48
1.0
171
1
  6

172
1
173
1
174
1
140
1.0
141
1.0
175
1
  7

176
1
177
1
178
1
143
1.0
179
1
  8

270
1
271
1
272
1
145
1.0
146
1.0
273
1
  9

274
1
275
1
276
1
 42
1.0
 72
1
  3

 73
1
 74
1
 75
1
 94
63
  0
MATERIAL
  5
21
102
{ACAD_REACTORS
330
E
102
}
330
E
100
AcDbMaterial
  1
Global
  2

 70
0
 40
1.0
 71
1
 41
1.0
 91
-1023410177
 42
1.0
 72
1
  3

 73
1
 74
1
 75
1
 44
0.5
 73
0
 45
1.0
 46
1.0
 77
1
  4

 78
1
 79
1
170
1
 48
1.0
171
1
  6

172
1
173
1
174
1
140
1.0
141
1.0
175
1
  7

176
1
177
1
178
1
143
1.0
179
1
  8

270
1
271
1
272
1
145
1.0
146
1.0
273
1
  9

274
1
275
1
276
1
 42
1.0
 72
1
  3

 73
1
 74
1
 75
1
 94
63
  0
MLINESTYLE
  5
22
102
{ACAD_REACTORS
330
10
102
}
330
10
100
AcDbMlineStyle
  2
Standard
 70
0
  3

 62
256
 51
90.0
 52
90.0
 71
2
 49
0.5
 62
256
  6
BYLAYER
 49
-0.5
 62
256
  6
BYLAYER
  0
MLEADERSTYLE
  5
2C
102
{ACAD_REACTORS
330
F
102
}
330
F
100
AcDbMLeaderStyle
179
2
170
2
171
1
172
0
 90
2
 40
0.0
 41
0.0
173
1
 91
-1056964608
 92
-2
290
1
 42
2.0
291
1
 43
8.0
  3
Standard
 44
4.0
300

342
29
174
1
175
1
176
0
178
1
 93
-1056964608
 45
4.0
292
0
297
0
 46
4.0
 94
-1056964608
 47
1.0
 49
1.0
140
1.0
294
1
141
0.0
177
0
142
1.0
295
0
296
0
143
3.75
271
0
272
9
273
9
  0
DICTIONARY
  5
2D
330
A
100
AcDbDictionary
280
1
281
1
  3
CREATED_BY_EZDXF
350
2E
  3
WRITTEN_BY_EZDXF
350
749
  0
DICTIONARYVAR
  5
2E
330
2D
100
DictionaryVariables
280
0
  1
1.4.3 @ 2025-12-16T18:59:33.904141+00:00
  0
DICTIONARYVAR
  5
749
330
2D
100
DictionaryVariables
280
0
  1
1.4.3 @ 2025-12-16T18:59:33.928022+00:00
  0
ENDSEC
  0
EOF
